{
  "type": "FeatureCollection",
  "features": [
    {
      "type": "Feature",
      "properties": {
        "name": "宝成线",
        "name_en": "Baocheng Line",
        "from": "宝鸡",
        "to": "成都",
        "ref": "0057"
      },
      "geometry": {
        "type": "MultiLineString",
        "coordinates": [
          [
            [
              105.9064,
              32.8590405
            ],
            [
              105.906765,
              32.8584666
            ],
            [
              105.9070207,
              32.8578966
            ],
            [
              105.907212,
              32.8573266
            ],
            [
              105.9074166,
              32.8566187
            ],
            [
              105.9136941,
              32.8275167
            ],
            [
              105.913857,
              32.826553
            ],
            [
              105.9136941,
              32.8275167
            ],
            [
              105.9074166,
              32.8566187
            ],
            [
              105.907212,
              32.8573266
            ],
            [
              105.9070207,
              32.8578966
            ],
            [
              105.906765,
              32.8584666
            ],
            [
              105.9064,
              32.8590405
            ],
            [
              105.9058027,
              32.8599392
            ],
            [
              105.905608,
              32.8602847
            ],
            [
              105.9054934,
              32.8605597
            ],
            [
              105.9054374,
              32.8607478
            ],
            [
              105.9053976,
              32.8609405
            ],
            [
              105.9053594,
              32.8611753
            ],
            [
              105.905354,
              32.8613702
            ],
            [
              105.9053507,
              32.861489
            ],
            [
              105.9053737,
              32.861664
            ],
            [
              105.9054561,
              32.8621863
            ],
            [
              105.9055786,
              32.8626128
            ],
            [
              105.9056001,
              32.8626874
            ],
            [
              105.9057294,
              32.8630658
            ],
            [
              105.9057798,
              32.863268
            ],
            [
              105.9058097,
              32.8634215
            ],
            [
              105.9058076,
              32.8635449
            ],
            [
              105.9058002,
              32.863717
            ],
            [
              105.9057732,
              32.8638592
            ],
            [
              105.9052757,
              32.8661893
            ],
            [
              105.9047125,
              32.8687215
            ],
            [
              105.9044389,
              32.8700552
            ],
            [
              105.9042619,
              32.8707085
            ],
            [
              105.9039722,
              32.8713843
            ],
            [
              105.9037415,
              32.8718214
            ],
            [
              105.9034947,
              32.8721953
            ],
            [
              105.9031246,
              32.8725783
            ],
            [
              105.9025292,
              32.8733172
            ],
            [
              105.9023038,
              32.8736731
            ],
            [
              105.9021644,
              32.874029
            ],
            [
              105.9021,
              32.8742994
            ],
            [
              105.9020678,
              32.8746237
            ],
            [
              105.9020932,
              32.8754978
            ],
            [
              105.9020985,
              32.8764839
            ],
            [
              105.902066,
              32.8768242
            ],
            [
              105.9020076,
              32.8770926
            ],
            [
              105.9019108,
              32.8773494
            ],
            [
              105.9012256,
              32.8789263
            ],
            [
              105.9008876,
              32.8795164
            ],
            [
              105.9005819,
              32.8799309
            ],
            [
              105.9004054,
              32.8801634
            ],
            [
              105.9000974,
              32.8804982
            ],
            [
              105.8997455,
              32.880876
            ],
            [
              105.8989208,
              32.8815832
            ],
            [
              105.8979206,
              32.8824318
            ],
            [
              105.8976196,
              32.8827295
            ],
            [
              105.8958174,
              32.8846656
            ],
            [
              105.8954283,
              32.8850803
            ],
            [
              105.8952016,
              32.8853597
            ],
            [
              105.8951044,
              32.8855039
            ],
            [
              105.8950071,
              32.8856481
            ],
            [
              105.8948598,
              32.8859006
            ],
            [
              105.8946959,
              32.8862746
            ],
            [
              105.8945844,
              32.8866612
            ],
            [
              105.8945319,
              32.8870204
            ],
            [
              105.894528,
              32.8873138
            ],
            [
              105.8945577,
              32.8876637
            ],
            [
              105.894852,
              32.889815
            ],
            [
              105.8948898,
              32.8900803
            ],
            [
              105.8949817,
              32.8905055
            ],
            [
              105.8950871,
              32.8908698
            ],
            [
              105.8952197,
              32.8912325
            ],
            [
              105.8953598,
              32.891558
            ],
            [
              105.8955241,
              32.8918721
            ],
            [
              105.8956947,
              32.8921546
            ],
            [
              105.8958166,
              32.8923445
            ],
            [
              105.8959493,
              32.8925343
            ],
            [
              105.8960805,
              32.8927114
            ],
            [
              105.8976614,
              32.8946794
            ],
            [
              105.897978,
              32.8950288
            ],
            [
              105.8982378,
              32.8952721
            ],
            [
              105.8983988,
              32.8954017
            ],
            [
              105.8985572,
              32.8955088
            ],
            [
              105.8988941,
              32.8957124
            ],
            [
              105.8992383,
              32.8958852
            ],
            [
              105.8995675,
              32.8960114
            ],
            [
              105.8999813,
              32.8961107
            ],
            [
              105.9003665,
              32.8961591
            ],
            [
              105.9006474,
              32.8961783
            ],
            [
              105.9009377,
              32.8961791
            ],
            [
              105.9017512,
              32.8961555
            ],
            [
              105.9020872,
              32.8961566
            ],
            [
              105.9022862,
              32.8961683
            ],
            [
              105.9025173,
              32.8961868
            ],
            [
              105.9028307,
              32.8962391
            ],
            [
              105.9031382,
              32.8963174
            ],
            [
              105.9034135,
              32.8964093
            ],
            [
              105.9036563,
              32.8965147
            ],
            [
              105.9038705,
              32.8966196
            ],
            [
              105.9041363,
              32.8967923
            ],
            [
              105.9054091,
              32.8977025
            ],
            [
              105.9056263,
              32.8978406
            ],
            [
              105.9058436,
              32.8979652
            ],
            [
              105.9061002,
              32.8980847
            ],
            [
              105.9063167,
              32.8981704
            ],
            [
              105.9065975,
              32.8982681
            ],
            [
              105.9069265,
              32.8983794
            ],
            [
              105.9094193,
              32.8991408
            ],
            [
              105.9098336,
              32.8992735
            ],
            [
              105.9102655,
              32.8994423
            ],
            [
              105.9106036,
              32.8996003
            ],
            [
              105.9109578,
              32.8997898
            ],
            [
              105.9113191,
              32.9000174
            ],
            [
              105.9122716,
              32.900695
            ],
            [
              105.91257,
              32.9009388
            ],
            [
              105.9128069,
              32.9011918
            ],
            [
              105.9129875,
              32.901447
            ],
            [
              105.9131306,
              32.9017027
            ],
            [
              105.9132629,
              32.9019675
            ],
            [
              105.9135007,
              32.90246
            ],
            [
              105.9137059,
              32.9028468
            ],
            [
              105.9138535,
              32.9030863
            ],
            [
              105.9140286,
              32.9033102
            ],
            [
              105.9142803,
              32.9035817
            ],
            [
              105.9144817,
              32.903787
            ],
            [
              105.9153222,
              32.9046689
            ],
            [
              105.9156146,
              32.9050268
            ],
            [
              105.9158125,
              32.905347
            ],
            [
              105.9159424,
              32.9056497
            ],
            [
              105.9160622,
              32.9059972
            ],
            [
              105.9161421,
              32.9063689
            ],
            [
              105.9163102,
              32.9072861
            ],
            [
              105.9164111,
              32.9077543
            ],
            [
              105.916479,
              32.9079851
            ],
            [
              105.9165557,
              32.9081842
            ],
            [
              105.9166878,
              32.9084712
            ],
            [
              105.9168364,
              32.9087407
            ],
            [
              105.9169952,
              32.9089653
            ],
            [
              105.9171284,
              32.9091281
            ],
            [
              105.9172971,
              32.9093172
            ],
            [
              105.9174604,
              32.9094702
            ],
            [
              105.9177123,
              32.9096754
            ],
            [
              105.9179696,
              32.9098761
            ],
            [
              105.9181962,
              32.9100493
            ],
            [
              105.9184738,
              32.9102495
            ],
            [
              105.921841,
              32.9124891
            ],
            [
              105.921923,
              32.9125436
            ],
            [
              105.9229725,
              32.9132416
            ],
            [
              105.9237914,
              32.9137586
            ],
            [
              105.9245675,
              32.9142025
            ],
            [
              105.9269293,
              32.9154768
            ],
            [
              105.9274773,
              32.915745
            ],
            [
              105.9281037,
              32.9159839
            ],
            [
              105.9287877,
              32.9161426
            ],
            [
              105.9293941,
              32.9162289
            ],
            [
              105.9299619,
              32.9162527
            ],
            [
              105.9304845,
              32.9162392
            ],
            [
              105.9325832,
              32.9161191
            ],
            [
              105.9333831,
              32.9160733
            ],
            [
              105.9335574,
              32.9160633
            ],
            [
              105.9341855,
              32.9160258
            ],
            [
              105.9348083,
              32.9160064
            ],
            [
              105.9353563,
              32.9160239
            ],
            [
              105.9358863,
              32.9160712
            ],
            [
              105.936315,
              32.9161341
            ],
            [
              105.9367143,
              32.9162117
            ],
            [
              105.937226,
              32.9163585
            ],
            [
              105.9376747,
              32.9165249
            ],
            [
              105.9381288,
              32.9167282
            ],
            [
              105.9385508,
              32.9169451
            ],
            [
              105.9389977,
              32.9172414
            ],
            [
              105.9394151,
              32.917541
            ],
            [
              105.9398095,
              32.9178983
            ],
            [
              105.9400776,
              32.9181858
            ],
            [
              105.940546,
              32.9188053
            ],
            [
              105.9408049,
              32.9192577
            ],
            [
              105.9410391,
              32.919787
            ],
            [
              105.9411784,
              32.9202229
            ],
            [
              105.9412745,
              32.9206679
            ],
            [
              105.9413245,
              32.9210899
            ],
            [
              105.9413457,
              32.921583
            ],
            [
              105.9413972,
              32.9227541
            ],
            [
              105.9414094,
              32.9230314
            ],
            [
              105.9414225,
              32.9233303
            ],
            [
              105.9414392,
              32.9236673
            ],
            [
              105.9414662,
              32.9242108
            ],
            [
              105.9414985,
              32.9246571
            ],
            [
              105.9415243,
              32.924854
            ],
            [
              105.9415717,
              32.925086
            ],
            [
              105.9416646,
              32.9253885
            ],
            [
              105.9418149,
              32.9257546
            ],
            [
              105.9420555,
              32.9261549
            ],
            [
              105.9438757,
              32.9285975
            ],
            [
              105.9455077,
              32.9307777
            ],
            [
              105.9464227,
              32.9319208
            ],
            [
              105.9472286,
              32.9328742
            ],
            [
              105.9482491,
              32.9340455
            ],
            [
              105.948475,
              32.9343307
            ],
            [
              105.9486892,
              32.9346552
            ],
            [
              105.9488561,
              32.9349468
            ],
            [
              105.948965,
              32.9351971
            ],
            [
              105.9492211,
              32.9359383
            ],
            [
              105.949832,
              32.9383296
            ],
            [
              105.95,
              32.9387743
            ],
            [
              105.9502357,
              32.9391747
            ],
            [
              105.9505295,
              32.939543
            ],
            [
              105.950877,
              32.9398737
            ],
            [
              105.9512653,
              32.9401211
            ],
            [
              105.951665,
              32.9403141
            ],
            [
              105.9521195,
              32.9404711
            ],
            [
              105.9526822,
              32.9405877
            ],
            [
              105.9533767,
              32.940642
            ],
            [
              105.9560522,
              32.9406678
            ],
            [
              105.9567658,
              32.9406778
            ],
            [
              105.9587856,
              32.9406834
            ],
            [
              105.9590367,
              32.9406838
            ],
            [
              105.9599791,
              32.9406894
            ],
            [
              105.9622216,
              32.9407044
            ],
            [
              105.9628377,
              32.9407178
            ],
            [
              105.9635957,
              32.9407827
            ],
            [
              105.964289,
              32.9408846
            ],
            [
              105.9648775,
              32.9410084
            ],
            [
              105.9654412,
              32.9411459
            ],
            [
              105.965926,
              32.9412844
            ],
            [
              105.966439,
              32.9414588
            ],
            [
              105.9669725,
              32.9416675
            ],
            [
              105.9675562,
              32.941937
            ],
            [
              105.9683911,
              32.9423852
            ],
            [
              105.9717059,
              32.9442655
            ],
            [
              105.9722546,
              32.944564
            ],
            [
              105.9728034,
              32.9448176
            ],
            [
              105.9733263,
              32.9450334
            ],
            [
              105.9763081,
              32.9462853
            ],
            [
              105.9765516,
              32.9463876
            ],
            [
              105.9774051,
              32.9467459
            ],
            [
              105.9788387,
              32.9473524
            ],
            [
              105.9799961,
              32.9478365
            ],
            [
              105.9838995,
              32.9493066
            ],
            [
              105.9855016,
              32.9499232
            ],
            [
              105.9890572,
              32.9512904
            ],
            [
              105.9896247,
              32.9515286
            ],
            [
              105.9898914,
              32.9516671
            ],
            [
              105.9901642,
              32.9518417
            ],
            [
              105.9904714,
              32.9520782
            ],
            [
              105.9908789,
              32.9524199
            ],
            [
              105.9926521,
              32.9539235
            ],
            [
              105.9931005,
              32.9542337
            ],
            [
              105.9935894,
              32.9544899
            ],
            [
              105.9939627,
              32.9546551
            ],
            [
              105.9943174,
              32.9547794
            ],
            [
              105.9946927,
              32.9548973
            ],
            [
              105.9967648,
              32.955511
            ],
            [
              105.9971947,
              32.9556468
            ],
            [
              105.9975128,
              32.9557589
            ],
            [
              105.9977909,
              32.9558728
            ],
            [
              105.9981032,
              32.9560213
            ],
            [
              105.9996983,
              32.9568436
            ],
            [
              106.000161,
              32.9570465
            ],
            [
              106.0006235,
              32.9572053
            ],
            [
              106.001103,
              32.9573374
            ],
            [
              106.0015325,
              32.9574323
            ],
            [
              106.001974,
              32.957513
            ],
            [
              106.0024087,
              32.9575811
            ],
            [
              106.0035879,
              32.9577391
            ],
            [
              106.0040446,
              32.9578074
            ],
            [
              106.0046135,
              32.9579195
            ],
            [
              106.0053032,
              32.9580954
            ],
            [
              106.0065372,
              32.9584443
            ],
            [
              106.0070702,
              32.958582
            ],
            [
              106.0074368,
              32.9586377
            ],
            [
              106.0078091,
              32.9586694
            ],
            [
              106.0081286,
              32.9586739
            ],
            [
              106.0085398,
              32.9586593
            ],
            [
              106.0095932,
              32.9585984
            ],
            [
              106.010126,
              32.9585721
            ],
            [
              106.0106533,
              32.9585922
            ],
            [
              106.0110976,
              32.9586466
            ],
            [
              106.0115588,
              32.9587484
            ],
            [
              106.0119179,
              32.9588643
            ],
            [
              106.0122005,
              32.9589893
            ],
            [
              106.0124406,
              32.9591235
            ],
            [
              106.0126743,
              32.9592664
            ],
            [
              106.0129316,
              32.959449
            ],
            [
              106.0134317,
              32.9598525
            ],
            [
              106.0155033,
              32.9617019
            ],
            [
              106.0168789,
              32.9628326
            ],
            [
              106.0181263,
              32.9638687
            ],
            [
              106.0184988,
              32.9641389
            ],
            [
              106.0190368,
              32.9645104
            ],
            [
              106.0217678,
              32.9662088
            ],
            [
              106.0222295,
              32.9664802
            ],
            [
              106.0228135,
              32.9667908
            ],
            [
              106.0231335,
              32.9669533
            ],
            [
              106.0233833,
              32.9670711
            ],
            [
              106.0236765,
              32.9671918
            ],
            [
              106.0239146,
              32.9672599
            ],
            [
              106.0244034,
              32.9673784
            ],
            [
              106.0248301,
              32.9674707
            ],
            [
              106.0252439,
              32.9675335
            ],
            [
              106.0258258,
              32.9676102
            ],
            [
              106.0278568,
              32.9679083
            ],
            [
              106.0377186,
              32.9694407
            ],
            [
              106.0389149,
              32.9696109
            ],
            [
              106.0391931,
              32.9696505
            ],
            [
              106.0395651,
              32.9697034
            ],
            [
              106.0401388,
              32.9698069
            ],
            [
              106.0405667,
              32.9699267
            ],
            [
              106.041041,
              32.9701126
            ],
            [
              106.0414588,
              32.9703285
            ],
            [
              106.0418498,
              32.9705624
            ],
            [
              106.0421959,
              32.9708117
            ],
            [
              106.0425267,
              32.9711156
            ],
            [
              106.0428244,
              32.9714192
            ],
            [
              106.0430899,
              32.9717454
            ],
            [
              106.0432798,
              32.9720151
            ],
            [
              106.0434588,
              32.9723209
            ],
            [
              106.0440635,
              32.9733514
            ],
            [
              106.0460318,
              32.9765073
            ],
            [
              106.0479612,
              32.9802526
            ],
            [
              106.0481998,
              32.9806542
            ],
            [
              106.0483633,
              32.9808736
            ],
            [
              106.0485483,
              32.9810661
            ],
            [
              106.0487265,
              32.9812179
            ],
            [
              106.0489048,
              32.9813518
            ],
            [
              106.0491212,
              32.9814958
            ],
            [
              106.0493483,
              32.9816309
            ],
            [
              106.0509822,
              32.9824467
            ],
            [
              106.051384,
              32.9826607
            ],
            [
              106.0516702,
              32.9827593
            ],
            [
              106.0517929,
              32.9828467
            ],
            [
              106.051863,
              32.9828904
            ],
            [
              106.0522078,
              32.9831997
            ],
            [
              106.0524241,
              32.9834401
            ],
            [
              106.0526336,
              32.983776
            ],
            [
              106.0527324,
              32.983989
            ],
            [
              106.0528098,
              32.9842069
            ],
            [
              106.0528557,
              32.9843842
            ],
            [
              106.0528856,
              32.9845619
            ],
            [
              106.05291,
              32.9847666
            ],
            [
              106.0529387,
              32.9849417
            ],
            [
              106.0532876,
              32.9874694
            ],
            [
              106.0529713,
              32.9925734
            ],
            [
              106.0523975,
              32.9949778
            ],
            [
              106.0523276,
              32.9954474
            ],
            [
              106.0521933,
              32.9958541
            ],
            [
              106.051974,
              32.9962822
            ],
            [
              106.051867,
              32.9964785
            ],
            [
              106.0516367,
              32.9968593
            ],
            [
              106.0515491,
              32.9969969
            ],
            [
              106.0514395,
              32.9971691
            ],
            [
              106.0512413,
              32.9974806
            ],
            [
              106.0507834,
              32.9982133
            ],
            [
              106.0503255,
              32.998946
            ],
            [
              106.0501316,
              32.9993066
            ],
            [
              106.0500293,
              32.9995716
            ],
            [
              106.0499695,
              32.9998492
            ],
            [
              106.0499091,
              33.0002001
            ],
            [
              106.049895,
              33.000491
            ],
            [
              106.0499238,
              33.0008381
            ],
            [
              106.0499624,
              33.0010763
            ],
            [
              106.0500223,
              33.0013235
            ],
            [
              106.0501336,
              33.0016436
            ],
            [
              106.0502556,
              33.0019503
            ],
            [
              106.0503655,
              33.0021429
            ],
            [
              106.0504822,
              33.0023252
            ],
            [
              106.0508184,
              33.0027403
            ],
            [
              106.0509561,
              33.0028787
            ],
            [
              106.0510992,
              33.0030102
            ],
            [
              106.0514408,
              33.0032857
            ],
            [
              106.0522744,
              33.0039716
            ],
            [
              106.0527272,
              33.0043121
            ],
            [
              106.0529881,
              33.0044754
            ],
            [
              106.053324,
              33.004665
            ],
            [
              106.0536868,
              33.0048457
            ],
            [
              106.0539258,
              33.0049428
            ],
            [
              106.0541675,
              33.0050287
            ],
            [
              106.0544479,
              33.0051162
            ],
            [
              106.0547284,
              33.0051948
            ],
            [
              106.0550399,
              33.0052642
            ],
            [
              106.0553993,
              33.0053227
            ],
            [
              106.055904,
              33.0053965
            ],
            [
              106.0565694,
              33.0054983
            ],
            [
              106.0569231,
              33.0055517
            ],
            [
              106.0574155,
              33.0056451
            ],
            [
              106.0579106,
              33.0057588
            ],
            [
              106.0591234,
              33.0060558
            ],
            [
              106.0595194,
              33.0061527
            ],
            [
              106.0599073,
              33.0062583
            ],
            [
              106.0601937,
              33.006352
            ],
            [
              106.0604854,
              33.0064636
            ],
            [
              106.0608488,
              33.0066376
            ],
            [
              106.0611586,
              33.0068341
            ],
            [
              106.0614846,
              33.007095
            ],
            [
              106.0618235,
              33.0074045
            ],
            [
              106.0620743,
              33.0076998
            ],
            [
              106.0622735,
              33.0079386
            ],
            [
              106.0624325,
              33.0081841
            ],
            [
              106.0625558,
              33.0084263
            ],
            [
              106.0626646,
              33.0086587
            ],
            [
              106.0627517,
              33.0089294
            ],
            [
              106.0628088,
              33.0091854
            ],
            [
              106.0628647,
              33.009464
            ],
            [
              106.0628663,
              33.0098085
            ],
            [
              106.06286,
              33.0101169
            ],
            [
              106.0628269,
              33.0104073
            ],
            [
              106.0627695,
              33.0108035
            ],
            [
              106.062682,
              33.0112414
            ],
            [
              106.0624498,
              33.0121869
            ],
            [
              106.0623661,
              33.0125301
            ],
            [
              106.0623269,
              33.0128426
            ],
            [
              106.0623038,
              33.0132202
            ],
            [
              106.0622958,
              33.0135232
            ],
            [
              106.0623051,
              33.0151523
            ],
            [
              106.0622995,
              33.0157344
            ],
            [
              106.0623361,
              33.0161767
            ],
            [
              106.0623772,
              33.0164861
            ],
            [
              106.0624504,
              33.0168225
            ],
            [
              106.0625465,
              33.017151
            ],
            [
              106.0626329,
              33.0174277
            ],
            [
              106.0629559,
              33.0181287
            ],
            [
              106.0633306,
              33.0188341
            ],
            [
              106.0634771,
              33.0190896
            ],
            [
              106.0636744,
              33.0193381
            ],
            [
              106.0638932,
              33.0195685
            ],
            [
              106.0642006,
              33.0198203
            ],
            [
              106.0645616,
              33.0200451
            ],
            [
              106.0649549,
              33.0202294
            ],
            [
              106.0653803,
              33.0203688
            ],
            [
              106.0656541,
              33.0204334
            ],
            [
              106.065934,
              33.0204703
            ],
            [
              106.0662247,
              33.0204802
            ],
            [
              106.0665628,
              33.0204649
            ],
            [
              106.0684359,
              33.0202692
            ],
            [
              106.0692513,
              33.0201896
            ],
            [
              106.0695971,
              33.0201664
            ],
            [
              106.0698948,
              33.0201631
            ],
            [
              106.0702033,
              33.0201957
            ],
            [
              106.0705746,
              33.0202736
            ],
            [
              106.070903,
              33.0203739
            ],
            [
              106.0712504,
              33.0205174
            ],
            [
              106.0715727,
              33.0206921
            ],
            [
              106.0718691,
              33.0208892
            ],
            [
              106.0721334,
              33.0211447
            ],
            [
              106.0723928,
              33.02143
            ],
            [
              106.072604,
              33.0217244
            ],
            [
              106.072981,
              33.0222411
            ],
            [
              106.0732077,
              33.0225735
            ],
            [
              106.0734145,
              33.0229504
            ],
            [
              106.0735917,
              33.0233165
            ],
            [
              106.0737202,
              33.0235917
            ],
            [
              106.0738379,
              33.0238759
            ],
            [
              106.0739381,
              33.0241597
            ],
            [
              106.0743508,
              33.0254905
            ],
            [
              106.0744346,
              33.0257423
            ],
            [
              106.0745398,
              33.02603
            ],
            [
              106.0746557,
              33.0263088
            ],
            [
              106.075076,
              33.0272246
            ],
            [
              106.0752056,
              33.0274868
            ],
            [
              106.0760037,
              33.0289729
            ],
            [
              106.0761199,
              33.0292201
            ],
            [
              106.0762384,
              33.0295207
            ],
            [
              106.0769085,
              33.0314529
            ],
            [
              106.0770702,
              33.0318847
            ],
            [
              106.0771944,
              33.0321337
            ],
            [
              106.0776108,
              33.032976
            ],
            [
              106.0777292,
              33.0332776
            ],
            [
              106.0778008,
              33.0336061
            ],
            [
              106.0778188,
              33.0339255
            ],
            [
              106.0777839,
              33.0342743
            ],
            [
              106.077712,
              33.034596
            ],
            [
              106.0774896,
              33.0354606
            ],
            [
              106.077069,
              33.0366048
            ],
            [
              106.0770611,
              33.0371569
            ],
            [
              106.0774261,
              33.0387202
            ],
            [
              106.0774261,
              33.0389796
            ],
            [
              106.0773626,
              33.0394652
            ],
            [
              106.077069,
              33.0400972
            ],
            [
              106.0767913,
              33.0412014
            ],
            [
              106.0767913,
              33.0416072
            ],
            [
              106.0769579,
              33.0425916
            ],
            [
              106.0770373,
              33.04333
            ],
            [
              106.0771007,
              33.0448732
            ],
            [
              106.0770769,
              33.0455184
            ],
            [
              106.0771087,
              33.0459175
            ],
            [
              106.0772277,
              33.0463565
            ],
            [
              106.0776641,
              33.0473742
            ],
            [
              106.0781482,
              33.0482056
            ],
            [
              106.0785926,
              33.0488375
            ],
            [
              106.0792432,
              33.049629
            ],
            [
              106.0800288,
              33.0507131
            ],
            [
              106.0804177,
              33.0511322
            ],
            [
              106.0816634,
              33.0523109
            ],
            [
              106.081939,
              33.0525756
            ],
            [
              106.0823115,
              33.0529085
            ],
            [
              106.082576,
              33.0531873
            ],
            [
              106.0830283,
              33.053766
            ],
            [
              106.0834092,
              33.0542914
            ],
            [
              106.0836155,
              33.0547237
            ],
            [
              106.0838457,
              33.0554088
            ],
            [
              106.0847662,
              33.0581622
            ],
            [
              106.0848581,
              33.0587153
            ],
            [
              106.0848787,
              33.0593158
            ],
            [
              106.0848777,
              33.0593888
            ],
            [
              106.0848724,
              33.0597786
            ],
            [
              106.0848401,
              33.0605178
            ],
            [
              106.0848558,
              33.0608713
            ],
            [
              106.0849249,
              33.0614342
            ],
            [
              106.085147,
              33.0620261
            ],
            [
              106.0854486,
              33.0626579
            ],
            [
              106.086012,
              33.0636355
            ],
            [
              106.0861469,
              33.0640212
            ],
            [
              106.0863849,
              33.0649921
            ],
            [
              106.0865357,
              33.0653712
            ],
            [
              106.0867262,
              33.0656837
            ],
            [
              106.087234,
              33.0662756
            ],
            [
              106.0874324,
              33.0665615
            ],
            [
              106.0875673,
              33.0668408
            ],
            [
              106.0876892,
              33.0673845
            ],
            [
              106.087701,
              33.0679802
            ],
            [
              106.0875908,
              33.0685943
            ],
            [
              106.0873193,
              33.0691559
            ],
            [
              106.0869548,
              33.0697157
            ],
            [
              106.0865357,
              33.0702389
            ],
            [
              106.0829014,
              33.0736501
            ],
            [
              106.0824318,
              33.0740267
            ],
            [
              106.0821574,
              33.0742046
            ],
            [
              106.0812513,
              33.074774
            ],
            [
              106.0799914,
              33.0758001
            ],
            [
              106.0797469,
              33.0760226
            ],
            [
              106.0795607,
              33.0762899
            ],
            [
              106.0793226,
              33.0767155
            ],
            [
              106.0788624,
              33.0779988
            ],
            [
              106.0786798,
              33.0786836
            ],
            [
              106.0785767,
              33.0794815
            ],
            [
              106.0785291,
              33.0799669
            ],
            [
              106.0783228,
              33.0811903
            ],
            [
              106.0781799,
              33.0817222
            ],
            [
              106.0779815,
              33.0821743
            ],
            [
              106.0776483,
              33.08254
            ],
            [
              106.0772198,
              33.0828126
            ],
            [
              106.0767357,
              33.0829988
            ],
            [
              106.0761406,
              33.0830985
            ],
            [
              106.0755772,
              33.0830919
            ],
            [
              106.0749662,
              33.0829921
            ],
            [
              106.0741012,
              33.0826597
            ],
            [
              106.0733712,
              33.0822807
            ],
            [
              106.072411,
              33.0815493
            ],
            [
              106.0714747,
              33.0808047
            ],
            [
              106.0708637,
              33.0804988
            ],
            [
              106.0699194,
              33.0801464
            ],
            [
              106.0683561,
              33.0797142
            ],
            [
              106.0677525,
              33.0796695
            ],
            [
              106.0673581,
              33.0796695
            ],
            [
              106.0670993,
              33.079716
            ],
            [
              106.0665201,
              33.0798761
            ],
            [
              106.0657454,
              33.0802861
            ],
            [
              106.0652691,
              33.0806402
            ],
            [
              106.0640473,
              33.0816158
            ],
            [
              106.0635236,
              33.0818818
            ],
            [
              106.0620635,
              33.0824336
            ],
            [
              106.060532,
              33.0831052
            ],
            [
              106.0596988,
              33.0835506
            ],
            [
              106.0590005,
              33.0838764
            ],
            [
              106.0579848,
              33.0843019
            ],
            [
              106.0577112,
              33.0844215
            ],
            [
              106.05735,
              33.0846676
            ],
            [
              106.0568897,
              33.0850599
            ],
            [
              106.0566438,
              33.085379
            ],
            [
              106.0564136,
              33.0858245
            ],
            [
              106.0563025,
              33.0863032
            ],
            [
              106.0562629,
              33.0868949
            ],
            [
              106.0563263,
              33.0873603
            ],
            [
              106.0564851,
              33.0877658
            ],
            [
              106.0567628,
              33.0881182
            ],
            [
              106.057715,
              33.0888562
            ],
            [
              106.0587863,
              33.0896739
            ],
            [
              106.0593576,
              33.0900395
            ],
            [
              106.0600797,
              33.0902988
            ],
            [
              106.0621508,
              33.0909371
            ],
            [
              106.0627777,
              33.0911697
            ],
            [
              106.0632935,
              33.0914623
            ],
            [
              106.0636188,
              33.0917282
            ],
            [
              106.0639442,
              33.0921271
            ],
            [
              106.0642774,
              33.0927387
            ],
            [
              106.0643647,
              33.0929913
            ],
            [
              106.0644123,
              33.0933237
            ],
            [
              106.0644203,
              33.0936628
            ],
            [
              106.064385,
              33.0940035
            ],
            [
              106.0642032,
              33.0944501
            ],
            [
              106.0637696,
              33.0950788
            ],
            [
              106.063468,
              33.0953979
            ],
            [
              106.0630713,
              33.095697
            ],
            [
              106.0617699,
              33.0963751
            ],
            [
              106.0609054,
              33.0969266
            ],
            [
              106.0583039,
              33.0988734
            ],
            [
              106.057709,
              33.0993252
            ],
            [
              106.0565273,
              33.1003617
            ],
            [
              106.0557817,
              33.1011856
            ],
            [
              106.0553772,
              33.1016374
            ],
            [
              106.0549889,
              33.102316
            ],
            [
              106.0546881,
              33.1031163
            ],
            [
              106.0544892,
              33.1038813
            ],
            [
              106.0542653,
              33.1046352
            ],
            [
              106.0540051,
              33.1057434
            ],
            [
              106.0539684,
              33.1059491
            ],
            [
              106.0537137,
              33.1067987
            ],
            [
              106.0536323,
              33.1077896
            ],
            [
              106.0534658,
              33.1083942
            ],
            [
              106.0532596,
              33.1089058
            ],
            [
              106.0529661,
              33.1093575
            ],
            [
              106.0527977,
              33.1095322
            ],
            [
              106.0516336,
              33.1107394
            ],
            [
              106.0506501,
              33.1117292
            ],
            [
              106.0498649,
              33.1124999
            ],
            [
              106.0495001,
              33.1130114
            ],
            [
              106.0488789,
              33.114297
            ],
            [
              106.0486911,
              33.1147121
            ],
            [
              106.04812,
              33.1156886
            ],
            [
              106.047668,
              33.116147
            ],
            [
              106.0470097,
              33.116612
            ],
            [
              106.046042,
              33.1170504
            ],
            [
              106.0438054,
              33.1179273
            ],
            [
              106.0433533,
              33.1180402
            ],
            [
              106.0426791,
              33.1181332
            ],
            [
              106.0417274,
              33.1181797
            ],
            [
              106.0408629,
              33.1183259
            ],
            [
              106.0395225,
              33.1188108
            ],
            [
              106.0385866,
              33.1193821
            ],
            [
              106.0381741,
              33.1198205
            ],
            [
              106.0378727,
              33.120312
            ],
            [
              106.0377141,
              33.1208036
            ],
            [
              106.0376586,
              33.1212354
            ],
            [
              106.0376744,
              33.1216074
            ],
            [
              106.0377538,
              33.1221188
            ],
            [
              106.0379362,
              33.1225307
            ],
            [
              106.0382772,
              33.1229093
            ],
            [
              106.0393559,
              33.1236466
            ],
            [
              106.0394889,
              33.1237262
            ],
            [
              106.0398511,
              33.1239428
            ],
            [
              106.0401887,
              33.1241448
            ],
            [
              106.0407122,
              33.1244371
            ],
            [
              106.0414101,
              33.1247028
            ],
            [
              106.0421001,
              33.1249087
            ],
            [
              106.0427267,
              33.1250216
            ],
            [
              106.0435199,
              33.1251146
            ],
            [
              106.0474075,
              33.1253049
            ],
            [
              106.0478999,
              33.125329
            ],
            [
              106.0480677,
              33.1253373
            ],
            [
              106.0485404,
              33.1253604
            ],
            [
              106.0491857,
              33.1253509
            ],
            [
              106.0502958,
              33.1252835
            ],
            [
              106.0515993,
              33.1250005
            ],
            [
              106.0528245,
              33.1248288
            ],
            [
              106.0546302,
              33.124704
            ],
            [
              106.0548477,
              33.1247159
            ],
            [
              106.0553793,
              33.1248222
            ],
            [
              106.0558077,
              33.1250082
            ],
            [
              106.0561647,
              33.125274
            ],
            [
              106.0564821,
              33.1256062
            ],
            [
              106.0567519,
              33.1259717
            ],
            [
              106.057458,
              33.1269949
            ],
            [
              106.0575849,
              33.1273471
            ],
            [
              106.0576405,
              33.1277524
            ],
            [
              106.0576087,
              33.1281178
            ],
            [
              106.0573945,
              33.1287822
            ],
            [
              106.0571168,
              33.1295596
            ],
            [
              106.0569899,
              33.1302971
            ],
            [
              106.0569343,
              33.1311476
            ],
            [
              106.0568867,
              33.1316459
            ],
            [
              106.0567757,
              33.1323501
            ],
            [
              106.0564504,
              33.1334198
            ],
            [
              106.0560219,
              33.1347154
            ],
            [
              106.0555776,
              33.1357584
            ],
            [
              106.0549429,
              33.1371403
            ],
            [
              106.0547186,
              33.1376358
            ],
            [
              106.0540116,
              33.1390564
            ],
            [
              106.0538629,
              33.1393883
            ],
            [
              106.0536497,
              33.1400768
            ],
            [
              106.0535862,
              33.140575
            ],
            [
              106.0536005,
              33.1410592
            ],
            [
              106.0535227,
              33.1416247
            ],
            [
              106.0533799,
              33.142196
            ],
            [
              106.0532688,
              33.1425614
            ],
            [
              106.0525945,
              33.1436774
            ],
            [
              106.0522295,
              33.1443085
            ],
            [
              106.0518169,
              33.1449861
            ],
            [
              106.05169,
              33.1454046
            ],
            [
              106.051452,
              33.146328
            ],
            [
              106.0513092,
              33.1466801
            ],
            [
              106.0510156,
              33.1471583
            ],
            [
              106.0506586,
              33.1475636
            ],
            [
              106.0501825,
              33.1478891
            ],
            [
              106.0496351,
              33.1481614
            ],
            [
              106.047366,
              33.1489851
            ],
            [
              106.0467789,
              33.1493438
            ],
            [
              106.0463663,
              33.1498022
            ],
            [
              106.0460727,
              33.1502671
            ],
            [
              106.0458982,
              33.1507587
            ],
            [
              106.0458506,
              33.1512503
            ],
            [
              106.0459617,
              33.1533692
            ],
            [
              106.0460251,
              33.1538275
            ],
            [
              106.0462235,
              33.1545648
            ],
            [
              106.0464298,
              33.1551958
            ],
            [
              106.0466757,
              33.1555877
            ],
            [
              106.0469217,
              33.1559331
            ],
            [
              106.0472284,
              33.1562342
            ],
            [
              106.0475564,
              33.1565243
            ],
            [
              106.0487941,
              33.1575206
            ],
            [
              106.0492305,
              33.1578992
            ],
            [
              106.0501746,
              33.1586497
            ],
            [
              106.0506348,
              33.1590283
            ],
            [
              106.0516582,
              33.1599117
            ],
            [
              106.0520867,
              33.16037
            ],
            [
              106.0523564,
              33.1607951
            ],
            [
              106.052531,
              33.1613198
            ],
            [
              106.0526103,
              33.1618445
            ],
            [
              106.0525707,
              33.1622364
            ],
            [
              106.0524437,
              33.1627411
            ],
            [
              106.0520787,
              33.163651
            ],
            [
              106.0519756,
              33.1640695
            ],
            [
              106.0519654,
              33.1642022
            ],
            [
              106.0519439,
              33.1644347
            ],
            [
              106.0519386,
              33.1646782
            ],
            [
              106.0519677,
              33.1648864
            ],
            [
              106.052047,
              33.1652981
            ],
            [
              106.0521532,
              33.1660793
            ],
            [
              106.0521502,
              33.1669651
            ],
            [
              106.0521422,
              33.1680676
            ],
            [
              106.0522216,
              33.1685391
            ],
            [
              106.0525389,
              33.1692232
            ],
            [
              106.0528326,
              33.1700471
            ],
            [
              106.0528882,
              33.1706053
            ],
            [
              106.0528009,
              33.1724325
            ],
            [
              106.0527215,
              33.1728776
            ],
            [
              106.0524516,
              33.1738344
            ],
            [
              106.0522928,
              33.1744124
            ],
            [
              106.0522373,
              33.1750038
            ],
            [
              106.0522611,
              33.1756748
            ],
            [
              106.0522611,
              33.1762661
            ],
            [
              106.0512538,
              33.1867947
            ],
            [
              106.0511517,
              33.1874077
            ],
            [
              106.0509851,
              33.187997
            ],
            [
              106.0507491,
              33.1885135
            ],
            [
              106.050364,
              33.1890354
            ],
            [
              106.0498082,
              33.1895604
            ],
            [
              106.0484744,
              33.1909025
            ],
            [
              106.0477139,
              33.1918349
            ],
            [
              106.0475931,
              33.1919257
            ],
            [
              106.0474562,
              33.192081
            ],
            [
              106.0459914,
              33.1937917
            ],
            [
              106.0455268,
              33.1942299
            ],
            [
              106.0449568,
              33.194663
            ],
            [
              106.0426544,
              33.1961781
            ],
            [
              106.0420351,
              33.1964572
            ],
            [
              106.0419703,
              33.1964798
            ],
            [
              106.0414262,
              33.1966691
            ],
            [
              106.0411379,
              33.1967694
            ],
            [
              106.0405742,
              33.1970485
            ],
            [
              106.0401533,
              33.1973209
            ],
            [
              106.0397563,
              33.1976863
            ],
            [
              106.0395896,
              33.1979122
            ],
            [
              106.0393593,
              33.1983507
            ],
            [
              106.0392641,
              33.1987494
            ],
            [
              106.0392005,
              33.1991214
            ],
            [
              106.0391847,
              33.1995799
            ],
            [
              106.039272,
              33.2000782
            ],
            [
              106.0393916,
              33.2003101
            ],
            [
              106.0395023,
              33.20051
            ],
            [
              106.039804,
              33.200902
            ],
            [
              106.0401692,
              33.2012275
            ],
            [
              106.040733,
              33.2016262
            ],
            [
              106.043504,
              33.2034399
            ],
            [
              106.0456637,
              33.2046756
            ],
            [
              106.0459922,
              33.2047988
            ],
            [
              106.0461242,
              33.2048483
            ],
            [
              106.0467753,
              33.2050144
            ],
            [
              106.0474458,
              33.2050552
            ],
            [
              106.0492464,
              33.2050523
            ],
            [
              106.0497687,
              33.2050211
            ],
            [
              106.0503165,
              33.2049214
            ],
            [
              106.0508088,
              33.2047886
            ],
            [
              106.0513487,
              33.2046823
            ],
            [
              106.0523095,
              33.2045095
            ],
            [
              106.055279,
              33.2042571
            ],
            [
              106.0588361,
              33.2043833
            ],
            [
              106.0597572,
              33.2043434
            ],
            [
              106.060575,
              33.2043501
            ],
            [
              106.0611546,
              33.2043833
            ],
            [
              106.0614802,
              33.2044232
            ],
            [
              106.0618772,
              33.2045427
            ],
            [
              106.0622186,
              33.2047221
            ],
            [
              106.0625282,
              33.2050011
            ],
            [
              106.0627664,
              33.2053001
            ],
            [
              106.062957,
              33.2056389
            ],
            [
              106.0641789,
              33.2087947
            ],
            [
              106.064283,
              33.2092928
            ],
            [
              106.0642989,
              33.2098641
            ],
            [
              106.0642989,
              33.2114119
            ],
            [
              106.0643624,
              33.2118636
            ],
            [
              106.0644815,
              33.212229
            ],
            [
              106.0650055,
              33.2137104
            ],
            [
              106.0651167,
              33.2142617
            ],
            [
              106.0651326,
              33.214647
            ],
            [
              106.0650452,
              33.2150788
            ],
            [
              106.0648547,
              33.2155106
            ],
            [
              106.0643783,
              33.2162811
            ],
            [
              106.0632667,
              33.2183735
            ],
            [
              106.0631317,
              33.2187322
            ],
            [
              106.0630364,
              33.2191042
            ],
            [
              106.0629967,
              33.219609
            ],
            [
              106.063219,
              33.22299
            ],
            [
              106.0633699,
              33.2234682
            ],
            [
              106.063624,
              33.2239066
            ],
            [
              106.0639574,
              33.2242653
            ],
            [
              106.0642989,
              33.2245509
            ],
            [
              106.0648229,
              33.2248763
            ],
            [
              106.0652675,
              33.2250822
            ],
            [
              106.0657519,
              33.2251951
            ],
            [
              106.0663156,
              33.2252549
            ],
            [
              106.0668158,
              33.2252283
            ],
            [
              106.0673002,
              33.2251354
            ],
            [
              106.0691423,
              33.2247368
            ],
            [
              106.0696504,
              33.2246903
            ],
            [
              106.0700712,
              33.2247036
            ],
            [
              106.0706032,
              33.2248099
            ],
            [
              106.0711352,
              33.2250025
            ],
            [
              106.0733708,
              33.2258814
            ],
            [
              106.073803,
              33.2260785
            ],
            [
              106.0746606,
              33.226404
            ],
            [
              106.0750865,
              33.2265072
            ],
            [
              106.0754361,
              33.2265412
            ],
            [
              106.075923,
              33.2265501
            ],
            [
              106.0766964,
              33.2265004
            ],
            [
              106.0771061,
              33.2264704
            ],
            [
              106.0777413,
              33.2264505
            ],
            [
              106.0783685,
              33.2265235
            ],
            [
              106.0789958,
              33.2266165
            ],
            [
              106.0793134,
              33.2267095
            ],
            [
              106.0796707,
              33.226849
            ],
            [
              106.0805123,
              33.2274003
            ],
            [
              106.0808855,
              33.2277788
            ],
            [
              106.0811237,
              33.2280379
            ],
            [
              106.0817272,
              33.228629
            ],
            [
              106.0821162,
              33.229147
            ],
            [
              106.0823544,
              33.2296452
            ],
            [
              106.0824656,
              33.2301765
            ],
            [
              106.0824973,
              33.2306215
            ],
            [
              106.0824656,
              33.2309536
            ],
            [
              106.0823465,
              33.2314118
            ],
            [
              106.0818383,
              33.23276
            ],
            [
              106.0814651,
              33.2334441
            ],
            [
              106.0808696,
              33.2345598
            ],
            [
              106.0807108,
              33.235038
            ],
            [
              106.0803851,
              33.2368786
            ],
            [
              106.0803851,
              33.23743
            ],
            [
              106.0805361,
              33.2379815
            ],
            [
              106.0807744,
              33.2384665
            ],
            [
              106.08168,
              33.2403136
            ],
            [
              106.0818468,
              33.2407588
            ],
            [
              106.0821884,
              33.2419414
            ],
            [
              106.0825141,
              33.2424597
            ],
            [
              106.0828001,
              33.2427919
            ],
            [
              106.0831893,
              33.2431174
            ],
            [
              106.0836739,
              33.2433964
            ],
            [
              106.0840711,
              33.2435758
            ],
            [
              106.0844921,
              33.2437154
            ],
            [
              106.0850879,
              33.2438017
            ],
            [
              106.0870501,
              33.2439612
            ],
            [
              106.0875664,
              33.2439678
            ],
            [
              106.0881543,
              33.2439147
            ],
            [
              106.0909585,
              33.2435559
            ],
            [
              106.0915622,
              33.2435293
            ],
            [
              106.0920706,
              33.2435493
            ],
            [
              106.0926744,
              33.2436157
            ],
            [
              106.0933814,
              33.2437419
            ],
            [
              106.0940645,
              33.2439479
            ],
            [
              106.0962968,
              33.2449179
            ],
            [
              106.0970038,
              33.2452634
            ],
            [
              106.0973851,
              33.2454959
            ],
            [
              106.0977637,
              33.2457877
            ],
            [
              106.0984258,
              33.2463994
            ],
            [
              106.0994029,
              33.247675
            ],
            [
              106.0996809,
              33.2479474
            ],
            [
              106.1001337,
              33.248253
            ],
            [
              106.1007028,
              33.2487265
            ],
            [
              106.1041692,
              33.2528236
            ],
            [
              106.1046061,
              33.2533617
            ],
            [
              106.1050351,
              33.2539662
            ],
            [
              106.1054452,
              33.2546166
            ],
            [
              106.1056933,
              33.25489
            ],
            [
              106.105932,
              33.2552031
            ],
            [
              106.1064657,
              33.2558193
            ],
            [
              106.1069618,
              33.2562445
            ],
            [
              106.1074346,
              33.2566125
            ],
            [
              106.110429,
              33.2587624
            ],
            [
              106.111144,
              33.2591742
            ],
            [
              106.1117239,
              33.2594466
            ],
            [
              106.1118763,
              33.2595173
            ],
            [
              106.112309,
              33.259718
            ],
            [
              106.1127407,
              33.2599182
            ],
            [
              106.1131538,
              33.2601773
            ],
            [
              106.1134953,
              33.2604961
            ],
            [
              106.1141467,
              33.2612268
            ],
            [
              106.1148458,
              33.2620372
            ],
            [
              106.115108,
              33.2623427
            ],
            [
              106.1153463,
              33.2627944
            ],
            [
              106.1156084,
              33.2634255
            ],
            [
              106.1156799,
              33.2639436
            ],
            [
              106.1156879,
              33.2643753
            ],
            [
              106.1152351,
              33.2672314
            ],
            [
              106.1152192,
              33.267889
            ],
            [
              106.1152668,
              33.268354
            ],
            [
              106.1154178,
              33.268799
            ],
            [
              106.1157117,
              33.2692373
            ],
            [
              106.1160612,
              33.2696558
            ],
            [
              106.1165061,
              33.2700609
            ],
            [
              106.1175944,
              33.2709509
            ],
            [
              106.1260785,
              33.2784093
            ],
            [
              106.1266902,
              33.278934
            ],
            [
              106.1273892,
              33.2796645
            ],
            [
              106.127842,
              33.2802954
            ],
            [
              106.1283743,
              33.2811521
            ],
            [
              106.128692,
              33.2817365
            ],
            [
              106.1290336,
              33.2822213
            ],
            [
              106.1293752,
              33.2825467
            ],
            [
              106.1297565,
              33.2828854
            ],
            [
              106.1302252,
              33.2831909
            ],
            [
              106.1315519,
              33.2838616
            ],
            [
              106.1338953,
              33.2849042
            ],
            [
              106.1344355,
              33.285296
            ],
            [
              106.1349042,
              33.2857476
            ],
            [
              106.1353967,
              33.286332
            ],
            [
              106.1365883,
              33.2876534
            ],
            [
              106.137478,
              33.2885499
            ],
            [
              106.1382247,
              33.2893999
            ],
            [
              106.1386378,
              33.2899776
            ],
            [
              106.1388285,
              33.2903295
            ],
            [
              106.1400902,
              33.295391
            ],
            [
              106.1401599,
              33.2960397
            ],
            [
              106.140171,
              33.2966177
            ],
            [
              106.1400677,
              33.2973414
            ],
            [
              106.1399088,
              33.2979987
            ],
            [
              106.1394004,
              33.2995723
            ],
            [
              106.1393131,
              33.3004288
            ],
            [
              106.1392892,
              33.3017966
            ],
            [
              106.1392627,
              33.3031003
            ],
            [
              106.1394255,
              33.3049047
            ],
            [
              106.1402608,
              33.3089865
            ],
            [
              106.1402891,
              33.3094657
            ],
            [
              106.140306,
              33.3109851
            ],
            [
              106.140457,
              33.3113768
            ],
            [
              106.1407112,
              33.3117087
            ],
            [
              106.1408271,
              33.3118437
            ],
            [
              106.1415278,
              33.3125003
            ],
            [
              106.1421729,
              33.3131426
            ],
            [
              106.1433327,
              33.3143177
            ],
            [
              106.1436266,
              33.3147425
            ],
            [
              106.1437855,
              33.3151143
            ],
            [
              106.1438331,
              33.3155657
            ],
            [
              106.143857,
              33.3170527
            ],
            [
              106.1438953,
              33.3177069
            ],
            [
              106.1440033,
              33.3182891
            ],
            [
              106.1441889,
              33.3188446
            ],
            [
              106.1458071,
              33.3213594
            ],
            [
              106.1465008,
              33.3226902
            ],
            [
              106.1467329,
              33.3232468
            ],
            [
              106.1470331,
              33.3238343
            ],
            [
              106.147171,
              33.3245128
            ],
            [
              106.1471573,
              33.3247896
            ],
            [
              106.1471112,
              33.3251478
            ],
            [
              106.1470331,
              33.3253875
            ],
            [
              106.1466753,
              33.3260854
            ],
            [
              106.1460722,
              33.3270583
            ],
            [
              106.1460408,
              33.3271083
            ],
            [
              106.1442273,
              33.329995
            ],
            [
              106.1436468,
              33.3309584
            ],
            [
              106.1431617,
              33.3315365
            ],
            [
              106.1427244,
              33.3319683
            ],
            [
              106.1421916,
              33.3323603
            ],
            [
              106.1415872,
              33.3327191
            ],
            [
              106.1410067,
              33.3329848
            ],
            [
              106.1404342,
              33.3332107
            ],
            [
              106.1396867,
              33.3334366
            ],
            [
              106.1391646,
              33.3335657
            ],
            [
              106.1389233,
              33.3336027
            ],
            [
              106.1381599,
              33.3337157
            ],
            [
              106.1374362,
              33.333802
            ],
            [
              106.1367285,
              33.3338353
            ],
            [
              106.1361798,
              33.3338286
            ],
            [
              106.1356311,
              33.3337489
            ],
            [
              106.1340805,
              33.3334167
            ],
            [
              106.1335079,
              33.3333702
            ],
            [
              106.1329035,
              33.33341
            ],
            [
              106.132164,
              33.3335097
            ],
            [
              106.1312097,
              33.3336825
            ],
            [
              106.1305814,
              33.3338818
            ],
            [
              106.1301758,
              33.3340812
            ],
            [
              106.129468,
              33.334513
            ],
            [
              106.1263027,
              33.3365794
            ],
            [
              106.1254677,
              33.3370645
            ],
            [
              106.1247996,
              33.3373302
            ],
            [
              106.1241157,
              33.337503
            ],
            [
              106.1233681,
              33.3375761
            ],
            [
              106.1224853,
              33.3375229
            ],
            [
              106.1208391,
              33.3374299
            ],
            [
              106.1201472,
              33.3374963
            ],
            [
              106.1194871,
              33.3376492
            ],
            [
              106.1188668,
              33.3379415
            ],
            [
              106.1123772,
              33.340752
            ],
            [
              106.1117569,
              33.340938
            ],
            [
              106.1111207,
              33.3410443
            ],
            [
              106.1091007,
              33.3411506
            ],
            [
              106.1085121,
              33.3412635
            ],
            [
              106.1080191,
              33.341423
            ],
            [
              106.1075419,
              33.3416422
            ],
            [
              106.1037166,
              33.3436952
            ],
            [
              106.1029213,
              33.3440008
            ],
            [
              106.100273,
              33.3447382
            ],
            [
              106.0995095,
              33.3449176
            ],
            [
              106.0986108,
              33.3449907
            ],
            [
              106.0979269,
              33.3449708
            ],
            [
              106.0972747,
              33.3449243
            ],
            [
              106.0965431,
              33.3447715
            ],
            [
              106.0959307,
              33.3445655
            ],
            [
              106.0956603,
              33.3444725
            ],
            [
              106.0950877,
              33.3442333
            ],
            [
              106.0940538,
              33.3437815
            ],
            [
              106.0934176,
              33.3436221
            ],
            [
              106.0927973,
              33.3435623
            ],
            [
              106.092161,
              33.3435756
            ],
            [
              106.0898388,
              33.3437616
            ],
            [
              106.0891389,
              33.3437151
            ],
            [
              106.088455,
              33.3435357
            ],
            [
              106.0880494,
              33.3433431
            ],
            [
              106.0876199,
              33.343084
            ],
            [
              106.0871746,
              33.342672
            ],
            [
              106.0868326,
              33.3422601
            ],
            [
              106.0863871,
              33.3418117
            ],
            [
              106.0859021,
              33.3413233
            ],
            [
              106.085576,
              33.341031
            ],
            [
              106.0851386,
              33.3407719
            ],
            [
              106.0846456,
              33.3405726
            ],
            [
              106.0843752,
              33.3404795
            ],
            [
              106.0837469,
              33.3403998
            ],
            [
              106.0830709,
              33.3404264
            ],
            [
              106.0823949,
              33.3405327
            ],
            [
              106.0817666,
              33.340825
            ],
            [
              106.0814569,
              33.3410393
            ],
            [
              106.0810434,
              33.3414512
            ],
            [
              106.0807889,
              33.3417768
            ],
            [
              106.080615,
              33.3420374
            ],
            [
              106.080133,
              33.3428174
            ],
            [
              106.0798476,
              33.3432627
            ],
            [
              106.0796049,
              33.3436413
            ],
            [
              106.0785696,
              33.3452564
            ],
            [
              106.0765098,
              33.3487708
            ],
            [
              106.075987,
              33.3495863
            ],
            [
              106.0758603,
              33.3497839
            ],
            [
              106.0756111,
              33.3501726
            ],
            [
              106.0748635,
              33.3514016
            ],
            [
              106.0723266,
              33.355115
            ],
            [
              106.0714517,
              33.3564237
            ],
            [
              106.0707996,
              33.3573204
            ],
            [
              106.0701236,
              33.3581375
            ],
            [
              106.0699663,
              33.3583177
            ],
            [
              106.0697815,
              33.3585295
            ],
            [
              106.0692326,
              33.359081
            ],
            [
              106.0674507,
              33.3609016
            ],
            [
              106.06687,
              33.3615594
            ],
            [
              106.0663767,
              33.3622437
            ],
            [
              106.0659233,
              33.3630742
            ],
            [
              106.065621,
              33.3639513
            ],
            [
              106.0654664,
              33.364863
            ],
            [
              106.0654383,
              33.3652677
            ],
            [
              106.0654368,
              33.3654253
            ],
            [
              106.0653744,
              33.3665092
            ],
            [
              106.0653505,
              33.3678845
            ],
            [
              106.0654858,
              33.3686086
            ],
            [
              106.0656926,
              33.3692398
            ],
            [
              106.0658835,
              33.369851
            ],
            [
              106.0661858,
              33.3708475
            ],
            [
              106.0666074,
              33.371864
            ],
            [
              106.066687,
              33.3722427
            ],
            [
              106.0667029,
              33.3728937
            ],
            [
              106.0666074,
              33.373392
            ],
            [
              106.0664086,
              33.3739965
            ],
            [
              106.0659869,
              33.3746941
            ],
            [
              106.0651596,
              33.3762286
            ],
            [
              106.0646982,
              33.3770192
            ],
            [
              106.0634333,
              33.3786999
            ],
            [
              106.0630038,
              33.379218
            ],
            [
              106.0625503,
              33.3795634
            ],
            [
              106.0624622,
              33.3796061
            ],
            [
              106.0622769,
              33.379696
            ],
            [
              106.0620571,
              33.3798026
            ],
            [
              106.0614048,
              33.3799554
            ],
            [
              106.0607763,
              33.3800019
            ],
            [
              106.0551123,
              33.3800484
            ],
            [
              106.0546032,
              33.3800218
            ],
            [
              106.0539906,
              33.3799487
            ],
            [
              106.0533622,
              33.3797826
            ],
            [
              106.0491857,
              33.3779359
            ],
            [
              106.0485493,
              33.3777765
            ],
            [
              106.0478731,
              33.3777034
            ],
            [
              106.0471969,
              33.3777765
            ],
            [
              106.046656,
              33.3779293
            ],
            [
              106.0436171,
              33.3793907
            ],
            [
              106.0431955,
              33.3796764
            ],
            [
              106.0427659,
              33.3800816
            ],
            [
              106.0425034,
              33.3804204
            ],
            [
              106.0422329,
              33.3810116
            ],
            [
              106.0417874,
              33.3821873
            ],
            [
              106.0409161,
              33.3847534
            ],
            [
              106.0408365,
              33.3851519
            ],
            [
              106.0407888,
              33.3856634
            ],
            [
              106.0409399,
              33.3881941
            ],
            [
              106.0409081,
              33.388752
            ],
            [
              106.0408047,
              33.3893565
            ],
            [
              106.0406695,
              33.3898679
            ],
            [
              106.0403115,
              33.3909705
            ],
            [
              106.0401762,
              33.3914155
            ],
            [
              106.0398421,
              33.3925247
            ],
            [
              106.0397254,
              33.3931155
            ],
            [
              106.0396667,
              33.3937482
            ],
            [
              106.0396631,
              33.3943704
            ],
            [
              106.0397751,
              33.3949836
            ],
            [
              106.0404388,
              33.3974595
            ],
            [
              106.0406536,
              33.3979045
            ],
            [
              106.0409797,
              33.3983627
            ],
            [
              106.0413854,
              33.3988409
            ],
            [
              106.0415498,
              33.3990323
            ],
            [
              106.0415989,
              33.3990895
            ],
            [
              106.0426344,
              33.4002954
            ],
            [
              106.0430321,
              33.400654
            ],
            [
              106.0446629,
              33.4018096
            ],
            [
              106.0471529,
              33.4034566
            ],
            [
              106.0479007,
              33.4038285
            ],
            [
              106.0484496,
              33.4040277
            ],
            [
              106.0519817,
              33.4050438
            ],
            [
              106.0533181,
              33.4054754
            ],
            [
              106.0538272,
              33.4057344
            ],
            [
              106.0542409,
              33.4061063
            ],
            [
              106.0546068,
              33.4065181
            ],
            [
              106.0548614,
              33.4069696
            ],
            [
              106.0550205,
              33.4074345
            ],
            [
              106.0551478,
              33.4085038
            ],
            [
              106.0553943,
              33.4107368
            ],
            [
              106.05545,
              33.412059
            ],
            [
              106.0553784,
              33.4127035
            ],
            [
              106.0553465,
              33.4128563
            ],
            [
              106.0551794,
              33.4135605
            ],
            [
              106.0521945,
              33.4201313
            ],
            [
              106.051709,
              33.4213404
            ],
            [
              106.0506662,
              33.4236191
            ],
            [
              106.0503956,
              33.4244627
            ],
            [
              106.0498183,
              33.4267469
            ],
            [
              106.0497435,
              33.4270669
            ],
            [
              106.0496268,
              33.4275506
            ],
            [
              106.0495045,
              33.427957
            ],
            [
              106.0494073,
              33.4282787
            ],
            [
              106.0492999,
              33.4285779
            ],
            [
              106.0492155,
              33.4288192
            ],
            [
              106.0491044,
              33.4290505
            ],
            [
              106.0489844,
              33.4292914
            ],
            [
              106.0488165,
              33.4295572
            ],
            [
              106.0486413,
              33.4297756
            ],
            [
              106.0482917,
              33.4301461
            ],
            [
              106.0478087,
              33.4305876
            ],
            [
              106.0442747,
              33.4342476
            ],
            [
              106.0439722,
              33.4346595
            ],
            [
              106.0436856,
              33.4352905
            ],
            [
              106.0435265,
              33.4358352
            ],
            [
              106.0434628,
              33.4362935
            ],
            [
              106.043423,
              33.4369378
            ],
            [
              106.0434867,
              33.4376485
            ],
            [
              106.0458745,
              33.4430086
            ],
            [
              106.0471275,
              33.4459404
            ],
            [
              106.0472837,
              33.4463166
            ],
            [
              106.0473555,
              33.4465666
            ],
            [
              106.0474393,
              33.4468918
            ],
            [
              106.0474863,
              33.4472601
            ],
            [
              106.0474753,
              33.4475298
            ],
            [
              106.0474383,
              33.4478174
            ],
            [
              106.0473847,
              33.448202
            ],
            [
              106.0473105,
              33.4484832
            ],
            [
              106.0472042,
              33.4487116
            ],
            [
              106.047076,
              33.4489702
            ],
            [
              106.0469923,
              33.4491151
            ],
            [
              106.0463043,
              33.4502506
            ],
            [
              106.0458504,
              33.4509948
            ],
            [
              106.0456806,
              33.4513814
            ],
            [
              106.0455227,
              33.4518452
            ],
            [
              106.0454651,
              33.4523314
            ],
            [
              106.0457232,
              33.456769
            ],
            [
              106.045654,
              33.457307
            ],
            [
              106.0454405,
              33.457902
            ],
            [
              106.045078,
              33.4584493
            ],
            [
              106.0445206,
              33.459014
            ],
            [
              106.0437299,
              33.4597993
            ],
            [
              106.0431509,
              33.4604025
            ],
            [
              106.0428722,
              33.4608742
            ],
            [
              106.042697,
              33.4613923
            ],
            [
              106.0426571,
              33.4618906
            ],
            [
              106.0427192,
              33.4622673
            ],
            [
              106.0427447,
              33.4624221
            ],
            [
              106.0429518,
              33.4629602
            ],
            [
              106.0434375,
              33.4638437
            ],
            [
              106.0435888,
              33.4643021
            ],
            [
              106.0436924,
              33.4648136
            ],
            [
              106.0436366,
              33.465458
            ],
            [
              106.0435331,
              33.4661024
            ],
            [
              106.0433738,
              33.4665276
            ],
            [
              106.0430473,
              33.4671055
            ],
            [
              106.0417812,
              33.4685603
            ],
            [
              106.0401885,
              33.4700217
            ],
            [
              106.0395515,
              33.4705199
            ],
            [
              106.0390259,
              33.4708521
            ],
            [
              106.0383172,
              33.4711775
            ],
            [
              106.0339612,
              33.4725659
            ],
            [
              106.0333003,
              33.4727518
            ],
            [
              106.0327588,
              33.4729578
            ],
            [
              106.032273,
              33.4732368
            ],
            [
              106.0300672,
              33.4748243
            ],
            [
              106.0297168,
              33.4751631
            ],
            [
              106.0294232,
              33.475562
            ],
            [
              106.0291674,
              33.4759934
            ],
            [
              106.0289364,
              33.4765048
            ],
            [
              106.0287772,
              33.4771358
            ],
            [
              106.0285266,
              33.477582
            ],
            [
              106.0281125,
              33.4780801
            ],
            [
              106.027388,
              33.4788173
            ],
            [
              106.0267351,
              33.4794814
            ],
            [
              106.0262892,
              33.4798998
            ],
            [
              106.0251825,
              33.480617
            ],
            [
              106.0238846,
              33.4812346
            ],
            [
              106.0215358,
              33.4824101
            ],
            [
              106.0208431,
              33.4828285
            ],
            [
              106.0201185,
              33.4834195
            ],
            [
              106.0195532,
              33.4839972
            ],
            [
              106.0180723,
              33.486016
            ],
            [
              106.0175707,
              33.4866801
            ],
            [
              106.0169098,
              33.4875898
            ],
            [
              106.0164321,
              33.4884066
            ],
            [
              106.0162615,
              33.4890635
            ],
            [
              106.0161923,
              33.4896736
            ],
            [
              106.0162421,
              33.4902637
            ],
            [
              106.0164657,
              33.4908236
            ],
            [
              106.0167683,
              33.4913726
            ],
            [
              106.0171949,
              33.4919107
            ],
            [
              106.0233068,
              33.4973882
            ],
            [
              106.0238926,
              33.4978089
            ],
            [
              106.0256602,
              33.4987185
            ],
            [
              106.0278737,
              33.4997809
            ],
            [
              106.0283196,
              33.5001328
            ],
            [
              106.0287495,
              33.5005909
            ],
            [
              106.0290043,
              33.5009893
            ],
            [
              106.0295382,
              33.5021653
            ],
            [
              106.0298808,
              33.5027567
            ],
            [
              106.0310362,
              33.5041254
            ],
            [
              106.0313537,
              33.5046312
            ],
            [
              106.0315549,
              33.5051925
            ],
            [
              106.0316019,
              33.5057333
            ],
            [
              106.0316179,
              33.5062184
            ],
            [
              106.0311796,
              33.5079392
            ],
            [
              106.0309645,
              33.5084375
            ],
            [
              106.0306697,
              33.5088494
            ],
            [
              106.0290601,
              33.5105834
            ],
            [
              106.0284226,
              33.5112677
            ],
            [
              106.0279844,
              33.5116199
            ],
            [
              106.0275142,
              33.511859
            ],
            [
              106.0261915,
              33.5123573
            ],
            [
              106.0255222,
              33.5126961
            ],
            [
              106.02506,
              33.5130615
            ],
            [
              106.0246855,
              33.5135
            ],
            [
              106.0244385,
              33.513985
            ],
            [
              106.0243429,
              33.5144367
            ],
            [
              106.0243349,
              33.5150147
            ],
            [
              106.0244146,
              33.5155528
            ],
            [
              106.0246138,
              33.515978
            ],
            [
              106.0249246,
              33.5164231
            ],
            [
              106.0253628,
              33.5168151
            ],
            [
              106.026311,
              33.5173665
            ],
            [
              106.0269804,
              33.5177451
            ],
            [
              106.0287174,
              33.5192531
            ],
            [
              106.0292194,
              33.5197646
            ],
            [
              106.03008,
              33.520781
            ],
            [
              106.0336737,
              33.5252782
            ],
            [
              106.0343749,
              33.5258495
            ],
            [
              106.0349005,
              33.5262143
            ],
            [
              106.0356429,
              33.5268308
            ],
            [
              106.0357773,
              33.5269721
            ],
            [
              106.036214,
              33.5274806
            ],
            [
              106.0379665,
              33.5299668
            ],
            [
              106.0398889,
              33.5330099
            ],
            [
              106.0404387,
              33.5343715
            ],
            [
              106.0407574,
              33.5350025
            ],
            [
              106.0415304,
              33.5363774
            ],
            [
              106.0417057,
              33.536922
            ],
            [
              106.0418013,
              33.5375463
            ],
            [
              106.0418559,
              33.5387379
            ],
            [
              106.0419019,
              33.5392507
            ],
            [
              106.0419873,
              33.5396426
            ],
            [
              106.0422346,
              33.54034
            ],
            [
              106.0428768,
              33.5416585
            ],
            [
              106.043173,
              33.5424248
            ],
            [
              106.0434047,
              33.5434403
            ],
            [
              106.0435204,
              33.5440143
            ],
            [
              106.0437117,
              33.544619
            ],
            [
              106.0444452,
              33.5462004
            ],
            [
              106.0445727,
              33.5466389
            ],
            [
              106.0447402,
              33.5477618
            ],
            [
              106.0449554,
              33.5482801
            ],
            [
              106.0453301,
              33.5488249
            ],
            [
              106.0456968,
              33.5491837
            ],
            [
              106.0460317,
              33.5494361
            ],
            [
              106.0464781,
              33.5496687
            ],
            [
              106.0493242,
              33.5510972
            ],
            [
              106.0496431,
              33.5513563
            ],
            [
              106.0511818,
              33.5529708
            ],
            [
              106.0514927,
              33.5534956
            ],
            [
              106.0517877,
              33.5540404
            ],
            [
              106.0523298,
              33.555223
            ],
            [
              106.0527683,
              33.5562196
            ],
            [
              106.0533104,
              33.556864
            ],
            [
              106.0539322,
              33.5573689
            ],
            [
              106.0545461,
              33.5579004
            ],
            [
              106.0552875,
              33.5586976
            ],
            [
              106.055839,
              33.5596284
            ],
            [
              106.056021,
              33.5602389
            ],
            [
              106.0562442,
              33.5609165
            ],
            [
              106.0564435,
              33.5614613
            ],
            [
              106.0568102,
              33.5620127
            ],
            [
              106.0573284,
              33.5626903
            ],
            [
              106.0575915,
              33.5630291
            ],
            [
              106.0578785,
              33.5635406
            ],
            [
              106.0581336,
              33.5641783
            ],
            [
              106.0610947,
              33.5704788
            ],
            [
              106.0613494,
              33.5712055
            ],
            [
              106.0614889,
              33.5720418
            ],
            [
              106.0615613,
              33.5727115
            ],
            [
              106.0615782,
              33.5730357
            ],
            [
              106.0617616,
              33.5742316
            ],
            [
              106.0619211,
              33.5746634
            ],
            [
              106.0621524,
              33.5749956
            ],
            [
              106.0625112,
              33.5753544
            ],
            [
              106.0629817,
              33.5756334
            ],
            [
              106.0630331,
              33.5756546
            ],
            [
              106.0631756,
              33.5757044
            ],
            [
              106.0633804,
              33.5757729
            ],
            [
              106.0640183,
              33.5759789
            ],
            [
              106.0658421,
              33.5764904
            ],
            [
              106.0662112,
              33.5765502
            ],
            [
              106.0667215,
              33.5765701
            ],
            [
              106.067176,
              33.5765236
            ],
            [
              106.0675747,
              33.5764173
            ],
            [
              106.0681329,
              33.5762579
            ],
            [
              106.0691935,
              33.575846
            ],
            [
              106.0696879,
              33.5757397
            ],
            [
              106.0704135,
              33.5756732
            ],
            [
              106.0720317,
              33.5755307
            ],
            [
              106.0724141,
              33.575497
            ],
            [
              106.0729422,
              33.5754637
            ],
            [
              106.0751755,
              33.5753034
            ],
            [
              106.0763386,
              33.5752385
            ],
            [
              106.0771443,
              33.5752385
            ],
            [
              106.0796076,
              33.5753411
            ],
            [
              106.0801011,
              33.575368
            ],
            [
              106.0810462,
              33.5754195
            ],
            [
              106.0826537,
              33.5755072
            ],
            [
              106.083491,
              33.5756201
            ],
            [
              106.0841289,
              33.5758327
            ],
            [
              106.0846472,
              33.5761317
            ],
            [
              106.0850464,
              33.5764885
            ],
            [
              106.0853574,
              33.5768805
            ],
            [
              106.0856046,
              33.5773588
            ],
            [
              106.0857322,
              33.5778504
            ],
            [
              106.0857641,
              33.5781893
            ],
            [
              106.0857482,
              33.5786277
            ],
            [
              106.0855807,
              33.58082
            ],
            [
              106.0856764,
              33.5812917
            ],
            [
              106.0858199,
              33.5817235
            ],
            [
              106.0860671,
              33.5821088
            ],
            [
              106.0872632,
              33.5837762
            ],
            [
              106.0877895,
              33.5845734
            ],
            [
              106.0879889,
              33.5848457
            ],
            [
              106.0891531,
              33.5866327
            ],
            [
              106.0896873,
              33.5871442
            ],
            [
              106.0901498,
              33.5874165
            ],
            [
              106.0914815,
              33.5880276
            ],
            [
              106.0919041,
              33.5882203
            ],
            [
              106.0926058,
              33.5884926
            ],
            [
              106.0932039,
              33.588652
            ],
            [
              106.0939295,
              33.5887583
            ],
            [
              106.0953409,
              33.588931
            ],
            [
              106.0960868,
              33.5891023
            ],
            [
              106.0967089,
              33.5893593
            ],
            [
              106.097334,
              33.5897486
            ],
            [
              106.103331,
              33.5948228
            ],
            [
              106.1038493,
              33.5951284
            ],
            [
              106.1043997,
              33.5953344
            ],
            [
              106.10637,
              33.5958526
            ],
            [
              106.107056,
              33.5960586
            ],
            [
              106.107734,
              33.596351
            ],
            [
              106.1084121,
              33.5967629
            ],
            [
              106.1088428,
              33.5971417
            ],
            [
              106.1091539,
              33.5975868
            ],
            [
              106.1099812,
              33.5988647
            ],
            [
              106.1101889,
              33.599207
            ],
            [
              106.1102857,
              33.5994047
            ],
            [
              106.1103778,
              33.5996174
            ],
            [
              106.1108288,
              33.600749
            ],
            [
              106.1116587,
              33.6035333
            ],
            [
              106.1120097,
              33.6039917
            ],
            [
              106.1123287,
              33.6042841
            ],
            [
              106.1128472,
              33.6045697
            ],
            [
              106.1134615,
              33.6047823
            ],
            [
              106.1139879,
              33.6049351
            ],
            [
              106.1147218,
              33.6050747
            ],
            [
              106.115352,
              33.6051544
            ],
            [
              106.1160061,
              33.6051876
            ],
            [
              106.1167081,
              33.6051544
            ],
            [
              106.1173303,
              33.6050614
            ],
            [
              106.118814,
              33.6046362
            ],
            [
              106.1191775,
              33.6045698
            ],
            [
              106.1193963,
              33.6045299
            ],
            [
              106.1200837,
              33.6045033
            ],
            [
              106.1205689,
              33.6045498
            ],
            [
              106.1211831,
              33.6047159
            ],
            [
              106.1216059,
              33.6049351
            ],
            [
              106.123967,
              33.6062506
            ],
            [
              106.1246371,
              33.6065496
            ],
            [
              106.1276099,
              33.6078927
            ],
            [
              106.1278044,
              33.6079805
            ],
            [
              106.1328055,
              33.6104626
            ],
            [
              106.1334277,
              33.6109808
            ],
            [
              106.1338983,
              33.6112531
            ],
            [
              106.1344407,
              33.6114458
            ],
            [
              106.136068,
              33.6118377
            ],
            [
              106.1363472,
              33.6119307
            ],
            [
              106.1366982,
              33.6120902
            ],
            [
              106.1381899,
              33.6128276
            ],
            [
              106.1387722,
              33.6130003
            ],
            [
              106.1404952,
              33.6133125
            ],
            [
              106.1422422,
              33.6136912
            ],
            [
              106.1429202,
              33.6139237
            ],
            [
              106.1434547,
              33.614216
            ],
            [
              106.1439173,
              33.6145813
            ],
            [
              106.1442045,
              33.6149135
            ],
            [
              106.1444438,
              33.6152656
            ],
            [
              106.1462226,
              33.619404
            ],
            [
              106.1464779,
              33.6198225
            ],
            [
              106.1467411,
              33.6201746
            ],
            [
              106.1470682,
              33.6204735
            ],
            [
              106.1473235,
              33.6206529
            ],
            [
              106.1478898,
              33.6209518
            ],
            [
              106.1482169,
              33.621058
            ],
            [
              106.1491582,
              33.6213503
            ],
            [
              106.1494852,
              33.6215031
            ],
            [
              106.1496607,
              33.6215961
            ],
            [
              106.1509609,
              33.6224131
            ],
            [
              106.1513598,
              33.622619
            ],
            [
              106.1519022,
              33.6227718
            ],
            [
              106.1525244,
              33.6228183
            ],
            [
              106.1529791,
              33.6228183
            ],
            [
              106.154391,
              33.622619
            ],
            [
              106.1548856,
              33.6226124
            ],
            [
              106.155436,
              33.6226589
            ],
            [
              106.1558986,
              33.6227519
            ],
            [
              106.1563374,
              33.6229711
            ],
            [
              106.1568479,
              33.6232102
            ],
            [
              106.1572148,
              33.6235157
            ],
            [
              106.1585151,
              33.6249106
            ],
            [
              106.1596721,
              33.6261399
            ],
            [
              106.1603584,
              33.6267046
            ],
            [
              106.1612122,
              33.6272362
            ],
            [
              106.1624092,
              33.6278608
            ],
            [
              106.1664628,
              33.6298075
            ],
            [
              106.1673566,
              33.6303258
            ],
            [
              106.1680667,
              33.6308506
            ],
            [
              106.1686094,
              33.631442
            ],
            [
              106.1692158,
              33.6321396
            ],
            [
              106.16991,
              33.6329634
            ],
            [
              106.1702452,
              33.6332558
            ],
            [
              106.1707958,
              33.6335614
            ],
            [
              106.17149,
              33.633867
            ],
            [
              106.1720646,
              33.6339932
            ],
            [
              106.1734849,
              33.6340132
            ],
            [
              106.1742111,
              33.634073
            ],
            [
              106.1748495,
              33.6342324
            ],
            [
              106.1752325,
              33.6344317
            ],
            [
              106.1767805,
              33.6357206
            ],
            [
              106.176996,
              33.6359398
            ],
            [
              106.177387,
              33.6363451
            ],
            [
              106.1790548,
              33.6382053
            ],
            [
              106.1799573,
              33.6391944
            ],
            [
              106.1805709,
              33.6397732
            ],
            [
              106.1811295,
              33.640205
            ],
            [
              106.1814487,
              33.6404308
            ],
            [
              106.1818567,
              33.6406895
            ],
            [
              106.182289,
              33.6409326
            ],
            [
              106.1876296,
              33.6436173
            ],
            [
              106.1878605,
              33.6437395
            ],
            [
              106.1880944,
              33.6438915
            ],
            [
              106.1882863,
              33.6440335
            ],
            [
              106.1884947,
              33.6442175
            ],
            [
              106.1888618,
              33.6446227
            ],
            [
              106.1896185,
              33.6454677
            ],
            [
              106.1898172,
              33.6456477
            ],
            [
              106.1899901,
              33.6457838
            ],
            [
              106.1902225,
              33.6459408
            ],
            [
              106.1905567,
              33.6461067
            ],
            [
              106.190887,
              33.6462289
            ],
            [
              106.1936268,
              33.6470994
            ],
            [
              106.1939055,
              33.6471855
            ],
            [
              106.1941635,
              33.6472573
            ],
            [
              106.1944329,
              33.6473117
            ],
            [
              106.1947077,
              33.6473449
            ],
            [
              106.1950257,
              33.6473548
            ],
            [
              106.1952695,
              33.6473515
            ],
            [
              106.1955544,
              33.6473248
            ],
            [
              106.1957961,
              33.6472998
            ],
            [
              106.197063,
              33.6471085
            ],
            [
              106.1975123,
              33.6470602
            ],
            [
              106.1980164,
              33.6470806
            ],
            [
              106.1983491,
              33.6471451
            ],
            [
              106.2019755,
              33.6481811
            ],
            [
              106.2024529,
              33.6483285
            ],
            [
              106.2029097,
              33.648518
            ],
            [
              106.2034512,
              33.6488671
            ],
            [
              106.2038706,
              33.6492402
            ],
            [
              106.2043288,
              33.6499127
            ],
            [
              106.2044421,
              33.650113
            ],
            [
              106.2046544,
              33.6503605
            ],
            [
              106.204942,
              33.6506639
            ],
            [
              106.2052539,
              33.6509209
            ],
            [
              106.2081829,
              33.6529973
            ],
            [
              106.2086067,
              33.6533948
            ],
            [
              106.2088427,
              33.6536672
            ],
            [
              106.2090036,
              33.6539842
            ],
            [
              106.2091002,
              33.6544932
            ],
            [
              106.2090787,
              33.6551362
            ],
            [
              106.2090144,
              33.6555917
            ],
            [
              106.20895,
              33.6570741
            ],
            [
              106.2090573,
              33.6580118
            ],
            [
              106.209583,
              33.6589941
            ],
            [
              106.209964,
              33.6593706
            ],
            [
              106.2103469,
              33.6598059
            ],
            [
              106.2107632,
              33.660222
            ],
            [
              106.2111693,
              33.660763
            ],
            [
              106.2113675,
              33.6616938
            ],
            [
              106.2112117,
              33.6622712
            ],
            [
              106.2104756,
              33.6633317
            ],
            [
              106.2096262,
              33.6640504
            ],
            [
              106.2087202,
              33.664722
            ],
            [
              106.207715,
              33.665806
            ],
            [
              106.2071813,
              33.6665242
            ],
            [
              106.2069629,
              33.6672211
            ],
            [
              106.2070625,
              33.6678689
            ],
            [
              106.2075545,
              33.6688024
            ],
            [
              106.2082262,
              33.6695658
            ],
            [
              106.2082592,
              33.6695999
            ],
            [
              106.2089367,
              33.6702995
            ],
            [
              106.2093425,
              33.6709084
            ],
            [
              106.2096262,
              33.6715085
            ],
            [
              106.2097819,
              33.67251
            ],
            [
              106.2098952,
              33.6738766
            ],
            [
              106.2098244,
              33.6746421
            ],
            [
              106.2097263,
              33.6750663
            ],
            [
              106.2095412,
              33.6754646
            ],
            [
              106.2088193,
              33.6764803
            ],
            [
              106.2078991,
              33.6774463
            ],
            [
              106.2072337,
              33.6781178
            ],
            [
              106.2068231,
              33.6783299
            ],
            [
              106.2063843,
              33.6785655
            ],
            [
              106.2055632,
              33.6788954
            ],
            [
              106.204643,
              33.6791427
            ],
            [
              106.2019815,
              33.6796258
            ],
            [
              106.2016134,
              33.6797553
            ],
            [
              106.2012595,
              33.6799792
            ],
            [
              106.2009198,
              33.680203
            ],
            [
              106.2004809,
              33.6807449
            ],
            [
              106.2002261,
              33.6814399
            ],
            [
              106.1997991,
              33.6824146
            ],
            [
              106.1996863,
              33.6826719
            ],
            [
              106.1995466,
              33.6836428
            ],
            [
              106.1993767,
              33.6851978
            ],
            [
              106.1991348,
              33.6873121
            ],
            [
              106.1988517,
              33.6930014
            ],
            [
              106.1990074,
              33.694038
            ],
            [
              106.1992197,
              33.6948978
            ],
            [
              106.1996728,
              33.6960285
            ],
            [
              106.199871,
              33.6966057
            ],
            [
              106.200055,
              33.6973006
            ],
            [
              106.2000125,
              33.6980544
            ],
            [
              106.199569,
              33.6990239
            ],
            [
              106.197343,
              33.7012377
            ],
            [
              106.1948991,
              33.7035168
            ],
            [
              106.1944358,
              33.704055
            ],
            [
              106.1940125,
              33.7047593
            ],
            [
              106.1937889,
              33.7054104
            ],
            [
              106.1934135,
              33.7065665
            ],
            [
              106.1931739,
              33.7088321
            ],
            [
              106.193126,
              33.7096227
            ],
            [
              106.1930222,
              33.7103336
            ],
            [
              106.1927586,
              33.7118418
            ],
            [
              106.1927107,
              33.7126656
            ],
            [
              106.1927826,
              33.7133565
            ],
            [
              106.1929823,
              33.7140342
            ],
            [
              106.1935413,
              33.7153629
            ],
            [
              106.1936106,
              33.7156323
            ],
            [
              106.1936531,
              33.7159342
            ],
            [
              106.193741,
              33.7171765
            ],
            [
              106.1937748,
              33.717595
            ],
            [
              106.1938262,
              33.7179618
            ],
            [
              106.1940205,
              33.7192492
            ],
            [
              106.1941723,
              33.720352
            ],
            [
              106.1943467,
              33.7216969
            ],
            [
              106.1943965,
              33.7219459
            ],
            [
              106.1944795,
              33.7222189
            ],
            [
              106.1946773,
              33.7226557
            ],
            [
              106.1951912,
              33.7236956
            ],
            [
              106.1953018,
              33.7238907
            ],
            [
              106.1954422,
              33.7240986
            ],
            [
              106.1969009,
              33.7257017
            ],
            [
              106.1983092,
              33.7271133
            ],
            [
              106.1986405,
              33.7274964
            ],
            [
              106.198726,
              33.7275951
            ],
            [
              106.1992719,
              33.7282263
            ],
            [
              106.200679,
              33.7293369
            ],
            [
              106.2012969,
              33.7299319
            ],
            [
              106.2024678,
              33.7306622
            ],
            [
              106.2037199,
              33.7310139
            ],
            [
              106.2052485,
              33.7309598
            ],
            [
              106.2060129,
              33.7308516
            ],
            [
              106.2081594,
              33.7301889
            ],
            [
              106.2086186,
              33.730037
            ],
            [
              106.2088975,
              33.7300304
            ],
            [
              106.2091069,
              33.7300631
            ],
            [
              106.2100133,
              33.7302971
            ],
            [
              106.2119647,
              33.7308922
            ],
            [
              106.2150707,
              33.732177
            ],
            [
              106.2162741,
              33.7328126
            ],
            [
              106.2179653,
              33.733908
            ],
            [
              106.2201769,
              33.7358825
            ],
            [
              106.2215267,
              33.7368697
            ],
            [
              106.2241123,
              33.7376675
            ],
            [
              106.2258361,
              33.737654
            ],
            [
              106.2264492,
              33.7376286
            ],
            [
              106.2268683,
              33.7375578
            ],
            [
              106.2272661,
              33.7374157
            ],
            [
              106.2276645,
              33.7372674
            ],
            [
              106.2279281,
              33.7371041
            ],
            [
              106.2295113,
              33.7359771
            ],
            [
              106.2298951,
              33.7357991
            ],
            [
              106.2303713,
              33.7356521
            ],
            [
              106.230692,
              33.7355855
            ],
            [
              106.2311597,
              33.7355563
            ],
            [
              106.2321446,
              33.7355551
            ],
            [
              106.2328612,
              33.7355985
            ],
            [
              106.234959,
              33.7357202
            ],
            [
              106.2373007,
              33.7359907
            ],
            [
              106.2418228,
              33.7367964
            ],
            [
              106.2443786,
              33.7375166
            ],
            [
              106.2457049,
              33.7374856
            ],
            [
              106.2480026,
              33.7364448
            ],
            [
              106.2491001,
              33.7361692
            ],
            [
              106.2493986,
              33.7360943
            ],
            [
              106.2494386,
              33.7360931
            ],
            [
              106.2506178,
              33.7360564
            ],
            [
              106.2510428,
              33.7360519
            ],
            [
              106.2524003,
              33.7360374
            ],
            [
              106.2538439,
              33.736071
            ],
            [
              106.2547947,
              33.7361731
            ],
            [
              106.255796,
              33.7363452
            ],
            [
              106.2573141,
              33.7367423
            ],
            [
              106.2593928,
              33.7373544
            ],
            [
              106.2614521,
              33.7380014
            ],
            [
              106.2621448,
              33.7382635
            ],
            [
              106.2626664,
              33.7385419
            ],
            [
              106.2629816,
              33.738773
            ],
            [
              106.2632781,
              33.7390817
            ],
            [
              106.2635443,
              33.7398467
            ],
            [
              106.2641981,
              33.7431398
            ],
            [
              106.2648145,
              33.7447241
            ],
            [
              106.2648706,
              33.7453299
            ],
            [
              106.2646464,
              33.7459046
            ],
            [
              106.2645343,
              33.7475355
            ],
            [
              106.2646091,
              33.7482656
            ],
            [
              106.2651881,
              33.7490111
            ],
            [
              106.2659167,
              33.7496479
            ],
            [
              106.2666235,
              33.7500087
            ],
            [
              106.2673177,
              33.7501915
            ],
            [
              106.2682379,
              33.7502136
            ],
            [
              106.2700003,
              33.7498857
            ],
            [
              106.2710232,
              33.7498037
            ],
            [
              106.2716887,
              33.7499165
            ],
            [
              106.2725514,
              33.7502649
            ],
            [
              106.2733278,
              33.7508797
            ],
            [
              106.2740919,
              33.7519659
            ],
            [
              106.2742314,
              33.7528508
            ],
            [
              106.2743589,
              33.7540737
            ],
            [
              106.2746889,
              33.7554125
            ],
            [
              106.2750079,
              33.7558223
            ],
            [
              106.2755748,
              33.7561605
            ],
            [
              106.2770783,
              33.7568777
            ],
            [
              106.2781012,
              33.7573491
            ],
            [
              106.2788037,
              33.7581175
            ],
            [
              106.2795801,
              33.7592548
            ],
            [
              106.2799129,
              33.7597876
            ],
            [
              106.280258,
              33.7602282
            ],
            [
              106.2807633,
              33.7605458
            ],
            [
              106.2815397,
              33.760884
            ],
            [
              106.2829446,
              33.7615397
            ],
            [
              106.28467,
              33.7620827
            ],
            [
              106.2851876,
              33.7623901
            ],
            [
              106.2856067,
              33.7627384
            ],
            [
              106.2858162,
              33.7630048
            ],
            [
              106.2860873,
              33.7635786
            ],
            [
              106.2863584,
              33.7645007
            ],
            [
              106.286531,
              33.7654023
            ],
            [
              106.2866912,
              33.765935
            ],
            [
              106.2869254,
              33.7667444
            ],
            [
              106.2876278,
              33.7674411
            ],
            [
              106.2885768,
              33.7680148
            ],
            [
              106.2899325,
              33.7683939
            ],
            [
              106.2907828,
              33.7683836
            ],
            [
              106.2916702,
              33.7682914
            ],
            [
              106.2947389,
              33.7677894
            ],
            [
              106.2957125,
              33.7676562
            ],
            [
              106.2965905,
              33.7676296
            ],
            [
              106.2974256,
              33.7679021
            ],
            [
              106.2980788,
              33.7685783
            ],
            [
              106.2985224,
              33.7692237
            ],
            [
              106.2987812,
              33.7698794
            ],
            [
              106.2990171,
              33.7703541
            ],
            [
              106.2992685,
              33.7708274
            ],
            [
              106.2997275,
              33.7713196
            ],
            [
              106.3000278,
              33.77161
            ],
            [
              106.3005806,
              33.7720103
            ],
            [
              106.3014926,
              33.7726864
            ],
            [
              106.301743,
              33.7728568
            ],
            [
              106.3021419,
              33.7731283
            ],
            [
              106.302818,
              33.7735691
            ],
            [
              106.3049805,
              33.7750455
            ],
            [
              106.3054425,
              33.7753776
            ],
            [
              106.3057363,
              33.7756473
            ],
            [
              106.3060902,
              33.7759906
            ],
            [
              106.3066778,
              33.7766713
            ],
            [
              106.3079932,
              33.7781613
            ],
            [
              106.3081875,
              33.7783899
            ],
            [
              106.3092272,
              33.7796131
            ],
            [
              106.3187816,
              33.7903671
            ],
            [
              106.3188825,
              33.7904886
            ],
            [
              106.3201853,
              33.7919931
            ],
            [
              106.3206323,
              33.7924375
            ],
            [
              106.3211127,
              33.7928237
            ],
            [
              106.3215605,
              33.7931227
            ],
            [
              106.3221121,
              33.7934217
            ],
            [
              106.3229398,
              33.7937917
            ],
            [
              106.3254201,
              33.7948003
            ],
            [
              106.3258897,
              33.7950066
            ],
            [
              106.3264011,
              33.7952489
            ],
            [
              106.3278079,
              33.7959302
            ],
            [
              106.328318,
              33.7961785
            ],
            [
              106.3285345,
              33.7962733
            ],
            [
              106.3290119,
              33.7964514
            ],
            [
              106.3296435,
              33.7966175
            ],
            [
              106.3302031,
              33.7966972
            ],
            [
              106.3309329,
              33.7967415
            ],
            [
              106.3314647,
              33.7967154
            ],
            [
              106.3319177,
              33.7966592
            ],
            [
              106.3324081,
              33.7965659
            ],
            [
              106.3328469,
              33.7964458
            ],
            [
              106.3332998,
              33.7962743
            ],
            [
              106.3336475,
              33.7960944
            ],
            [
              106.3339706,
              33.7959107
            ],
            [
              106.3342931,
              33.7956962
            ],
            [
              106.3345505,
              33.7954863
            ],
            [
              106.3348526,
              33.7952023
            ],
            [
              106.3361584,
              33.7938019
            ],
            [
              106.3363859,
              33.7936026
            ],
            [
              106.3366306,
              33.7934145
            ],
            [
              106.3369258,
              33.793242
            ],
            [
              106.3372077,
              33.7931306
            ],
            [
              106.3375909,
              33.7930081
            ],
            [
              106.3379747,
              33.7929583
            ],
            [
              106.3383856,
              33.7929154
            ],
            [
              106.3387765,
              33.7929305
            ],
            [
              106.3391106,
              33.7929597
            ],
            [
              106.3394234,
              33.7930418
            ],
            [
              106.3397777,
              33.7931706
            ],
            [
              106.3400992,
              33.7933335
            ],
            [
              106.3403647,
              33.7935206
            ],
            [
              106.3406513,
              33.7937425
            ],
            [
              106.3408682,
              33.7939514
            ],
            [
              106.3411289,
              33.7942435
            ],
            [
              106.3413169,
              33.7945296
            ],
            [
              106.3415108,
              33.7948773
            ],
            [
              106.3417098,
              33.7953209
            ],
            [
              106.3418828,
              33.79564
            ],
            [
              106.3420983,
              33.795985
            ],
            [
              106.3423497,
              33.7963529
            ],
            [
              106.3425277,
              33.7965822
            ],
            [
              106.3427295,
              33.7967623
            ],
            [
              106.3430292,
              33.7969683
            ],
            [
              106.3432899,
              33.7970922
            ],
            [
              106.34365,
              33.7972173
            ],
            [
              106.3440186,
              33.7973123
            ],
            [
              106.3443419,
              33.7973746
            ],
            [
              106.3447231,
              33.7974098
            ],
            [
              106.353141,
              33.7973351
            ],
            [
              106.3538765,
              33.7973417
            ],
            [
              106.3544202,
              33.7974015
            ],
            [
              106.3548519,
              33.7975211
            ],
            [
              106.3552996,
              33.7977204
            ],
            [
              106.3556514,
              33.7979131
            ],
            [
              106.3559152,
              33.7981191
            ],
            [
              106.3566003,
              33.7988063
            ],
            [
              106.3567602,
              33.798999
            ],
            [
              106.3570261,
              33.7993845
            ],
            [
              106.3571741,
              33.7996287
            ],
            [
              106.3574453,
              33.8000853
            ],
            [
              106.3576449,
              33.8003847
            ],
            [
              106.358015,
              33.8007863
            ],
            [
              106.3585201,
              33.8011994
            ],
            [
              106.3591643,
              33.8016068
            ],
            [
              106.3597882,
              33.8020169
            ],
            [
              106.3600945,
              33.8022898
            ],
            [
              106.3604397,
              33.8026468
            ],
            [
              106.3610094,
              33.8033092
            ],
            [
              106.3611706,
              33.8035092
            ],
            [
              106.362751,
              33.8053341
            ],
            [
              106.3640462,
              33.8067291
            ],
            [
              106.364437,
              33.8070348
            ],
            [
              106.3649015,
              33.8072547
            ],
            [
              106.3654594,
              33.8073772
            ],
            [
              106.3659141,
              33.8073996
            ],
            [
              106.3663861,
              33.8073824
            ],
            [
              106.3670654,
              33.8073027
            ],
            [
              106.36821,
              33.8071113
            ],
            [
              106.3686176,
              33.8070597
            ],
            [
              106.3689352,
              33.8070413
            ],
            [
              106.3692844,
              33.8070447
            ],
            [
              106.369625,
              33.8070553
            ],
            [
              106.3699592,
              33.8070921
            ],
            [
              106.3702639,
              33.8071549
            ],
            [
              106.3705362,
              33.8072399
            ],
            [
              106.3709631,
              33.8074481
            ],
            [
              106.3713043,
              33.8076793
            ],
            [
              106.3717033,
              33.8079767
            ],
            [
              106.372102,
              33.8082345
            ],
            [
              106.3724679,
              33.8084431
            ],
            [
              106.3728586,
              33.8086166
            ],
            [
              106.3733125,
              33.8087896
            ],
            [
              106.3842082,
              33.8122701
            ],
            [
              106.385232,
              33.8125357
            ],
            [
              106.38627,
              33.8127281
            ],
            [
              106.3878694,
              33.8128993
            ],
            [
              106.3884101,
              33.8129869
            ],
            [
              106.3888254,
              33.8130943
            ],
            [
              106.3892575,
              33.8132407
            ],
            [
              106.3897617,
              33.8134355
            ],
            [
              106.3906904,
              33.8138417
            ],
            [
              106.3949521,
              33.8157054
            ],
            [
              106.3955998,
              33.8159379
            ],
            [
              106.3963195,
              33.8161107
            ],
            [
              106.3971671,
              33.8162303
            ],
            [
              106.3986065,
              33.8164495
            ],
            [
              106.3996301,
              33.8166488
            ],
            [
              106.4002458,
              33.8168282
            ],
            [
              106.4007736,
              33.8170408
            ],
            [
              106.4024129,
              33.817745
            ],
            [
              106.4037076,
              33.8182754
            ],
            [
              106.4045371,
              33.8185664
            ],
            [
              106.4052727,
              33.8187719
            ],
            [
              106.4069652,
              33.8192063
            ],
            [
              106.4073827,
              33.8193278
            ],
            [
              106.4077383,
              33.8194783
            ],
            [
              106.4080186,
              33.8196252
            ],
            [
              106.4083351,
              33.8198342
            ],
            [
              106.4085543,
              33.8199972
            ],
            [
              106.4087671,
              33.8201993
            ],
            [
              106.4089482,
              33.82041
            ],
            [
              106.409098,
              33.8206521
            ],
            [
              106.409258,
              33.8209207
            ],
            [
              106.4101377,
              33.8225018
            ],
            [
              106.4106015,
              33.8231063
            ],
            [
              106.4113452,
              33.8238172
            ],
            [
              106.4138481,
              33.8260825
            ],
            [
              106.4145918,
              33.8267268
            ],
            [
              106.4166309,
              33.8285334
            ],
            [
              106.4169321,
              33.8288828
            ],
            [
              106.4173395,
              33.8293322
            ],
            [
              106.4175478,
              33.8296882
            ],
            [
              106.417722,
              33.8302027
            ],
            [
              106.4186317,
              33.8335215
            ],
            [
              106.4188332,
              33.8339381
            ],
            [
              106.4190557,
              33.8342866
            ],
            [
              106.4193185,
              33.8346384
            ],
            [
              106.4199517,
              33.8352677
            ],
            [
              106.4203602,
              33.8356066
            ],
            [
              106.4208194,
              33.8359604
            ],
            [
              106.4213102,
              33.8362536
            ],
            [
              106.4215181,
              33.8363798
            ],
            [
              106.422129,
              33.8367326
            ],
            [
              106.4225017,
              33.8369776
            ],
            [
              106.4225884,
              33.8370494
            ],
            [
              106.4229271,
              33.8373779
            ],
            [
              106.4231006,
              33.8375644
            ],
            [
              106.4232394,
              33.8378159
            ],
            [
              106.4234051,
              33.8381253
            ],
            [
              106.4235526,
              33.8385484
            ],
            [
              106.423606,
              33.8389402
            ],
            [
              106.4235695,
              33.8393541
            ],
            [
              106.4235038,
              33.8400979
            ],
            [
              106.423179,
              33.8429063
            ],
            [
              106.4231597,
              33.843073
            ],
            [
              106.4226431,
              33.8462739
            ],
            [
              106.4225891,
              33.8471657
            ],
            [
              106.4225559,
              33.8476622
            ],
            [
              106.4225344,
              33.8481065
            ],
            [
              106.4225317,
              33.8484411
            ],
            [
              106.4225685,
              33.8487986
            ],
            [
              106.422643,
              33.8490899
            ],
            [
              106.4227264,
              33.8493488
            ],
            [
              106.4230179,
              33.8499333
            ],
            [
              106.4234271,
              33.8504066
            ],
            [
              106.4240037,
              33.8508414
            ],
            [
              106.4257331,
              33.8519845
            ],
            [
              106.426111,
              33.8522284
            ],
            [
              106.426413,
              33.8524495
            ],
            [
              106.42676,
              33.8528072
            ],
            [
              106.4270395,
              33.8533084
            ],
            [
              106.4271715,
              33.8536897
            ],
            [
              106.4274056,
              33.8546522
            ],
            [
              106.4276094,
              33.8554504
            ],
            [
              106.4279076,
              33.8561728
            ],
            [
              106.4282443,
              33.8567895
            ],
            [
              106.4285909,
              33.857323
            ],
            [
              106.4291826,
              33.8580596
            ],
            [
              106.4304362,
              33.8595597
            ],
            [
              106.4324862,
              33.861909
            ],
            [
              106.4530338,
              33.8862039
            ],
            [
              106.4536418,
              33.8869178
            ],
            [
              106.4544888,
              33.8879057
            ],
            [
              106.4555426,
              33.8887691
            ],
            [
              106.4644221,
              33.8944281
            ],
            [
              106.4651783,
              33.8950251
            ],
            [
              106.4654673,
              33.8954054
            ],
            [
              106.465734,
              33.8959106
            ],
            [
              106.4659265,
              33.8963625
            ],
            [
              106.4661644,
              33.8969473
            ],
            [
              106.4662663,
              33.897211
            ],
            [
              106.4664845,
              33.8977902
            ],
            [
              106.4666905,
              33.898243
            ],
            [
              106.4669891,
              33.8987158
            ],
            [
              106.467477,
              33.8991544
            ],
            [
              106.4681112,
              33.8995324
            ],
            [
              106.4694599,
              33.9000529
            ],
            [
              106.4705003,
              33.9004616
            ],
            [
              106.4711744,
              33.9007296
            ],
            [
              106.472493,
              33.901265
            ],
            [
              106.4733248,
              33.9015859
            ],
            [
              106.47394,
              33.9017312
            ],
            [
              106.4745668,
              33.9018298
            ],
            [
              106.47517,
              33.9018921
            ],
            [
              106.4757365,
              33.9019011
            ],
            [
              106.477317,
              33.9018561
            ],
            [
              106.4777301,
              33.9018846
            ],
            [
              106.4781737,
              33.9019714
            ],
            [
              106.4786137,
              33.9021204
            ],
            [
              106.4790751,
              33.902349
            ],
            [
              106.4798903,
              33.9028797
            ],
            [
              106.481413,
              33.9039238
            ],
            [
              106.4819787,
              33.9042571
            ],
            [
              106.4824293,
              33.9044982
            ],
            [
              106.4830017,
              33.9046962
            ],
            [
              106.4835483,
              33.9048039
            ],
            [
              106.4841728,
              33.9048362
            ],
            [
              106.4853019,
              33.9047456
            ],
            [
              106.4858026,
              33.90471
            ],
            [
              106.4862467,
              33.9047356
            ],
            [
              106.4869899,
              33.9048346
            ],
            [
              106.4889701,
              33.9052351
            ],
            [
              106.4897831,
              33.9053218
            ],
            [
              106.4908289,
              33.9053475
            ],
            [
              106.4920428,
              33.9052931
            ],
            [
              106.492964,
              33.905292
            ],
            [
              106.4937401,
              33.9053349
            ],
            [
              106.4946003,
              33.9054378
            ],
            [
              106.4976089,
              33.9058662
            ],
            [
              106.507605,
              33.9072895
            ],
            [
              106.5101952,
              33.9076583
            ],
            [
              106.5113465,
              33.9078222
            ],
            [
              106.5121992,
              33.9080154
            ],
            [
              106.5129416,
              33.908266
            ],
            [
              106.5142981,
              33.9087416
            ],
            [
              106.5150791,
              33.9089078
            ],
            [
              106.5157012,
              33.9089336
            ],
            [
              106.5162465,
              33.9088754
            ],
            [
              106.5178029,
              33.9086661
            ],
            [
              106.518498,
              33.9086729
            ],
            [
              106.5190176,
              33.9087065
            ],
            [
              106.5195236,
              33.9088422
            ],
            [
              106.5198224,
              33.908943
            ],
            [
              106.5208336,
              33.909485
            ],
            [
              106.5237841,
              33.9113084
            ],
            [
              106.5243256,
              33.9116932
            ],
            [
              106.5248686,
              33.9122005
            ],
            [
              106.5253982,
              33.9127293
            ],
            [
              106.5257189,
              33.913292
            ],
            [
              106.5265229,
              33.9150663
            ],
            [
              106.5267459,
              33.9154945
            ],
            [
              106.5271837,
              33.9159282
            ],
            [
              106.5277866,
              33.9163382
            ],
            [
              106.5284371,
              33.9166424
            ],
            [
              106.5302739,
              33.9171822
            ],
            [
              106.5310796,
              33.9174331
            ],
            [
              106.5319049,
              33.9178405
            ],
            [
              106.5351645,
              33.919872
            ],
            [
              106.5365916,
              33.9207761
            ],
            [
              106.537811,
              33.921677
            ],
            [
              106.5388071,
              33.9224274
            ],
            [
              106.5403003,
              33.9233868
            ],
            [
              106.5409046,
              33.9236471
            ],
            [
              106.5433158,
              33.9240473
            ],
            [
              106.5445815,
              33.9244679
            ],
            [
              106.5501661,
              33.9276736
            ],
            [
              106.5507199,
              33.9279417
            ],
            [
              106.551343,
              33.9281555
            ],
            [
              106.5519519,
              33.9282655
            ],
            [
              106.5524603,
              33.9282496
            ],
            [
              106.5531434,
              33.9281632
            ],
            [
              106.5555673,
              33.9273723
            ],
            [
              106.5561318,
              33.9273157
            ],
            [
              106.5566683,
              33.9272935
            ],
            [
              106.5569258,
              33.9273157
            ],
            [
              106.5573978,
              33.9274315
            ],
            [
              106.5579235,
              33.9275739
            ],
            [
              106.5609082,
              33.9287904
            ],
            [
              106.5618975,
              33.9293342
            ],
            [
              106.5647816,
              33.9317408
            ],
            [
              106.565176,
              33.9319113
            ],
            [
              106.5657794,
              33.9321007
            ],
            [
              106.5664598,
              33.9321886
            ],
            [
              106.5670783,
              33.9321813
            ],
            [
              106.5677478,
              33.9320203
            ],
            [
              106.569687,
              33.9311068
            ],
            [
              106.5708044,
              33.930875
            ],
            [
              106.5717615,
              33.9309496
            ],
            [
              106.5727765,
              33.9310795
            ],
            [
              106.573935,
              33.9309636
            ],
            [
              106.5756605,
              33.9304932
            ],
            [
              106.5765808,
              33.9304659
            ],
            [
              106.5781173,
              33.9309227
            ],
            [
              106.5789143,
              33.931584
            ],
            [
              106.5801222,
              33.9328998
            ],
            [
              106.580408,
              33.9331178
            ],
            [
              106.5807668,
              33.9333137
            ],
            [
              106.5811157,
              33.9334442
            ],
            [
              106.5820006,
              33.9337079
            ],
            [
              106.5826016,
              33.9338496
            ],
            [
              106.5881417,
              33.935129
            ],
            [
              106.5904592,
              33.9356457
            ],
            [
              106.5911134,
              33.9357915
            ],
            [
              106.5928417,
              33.9362675
            ],
            [
              106.5936798,
              33.9368333
            ],
            [
              106.5943043,
              33.9376377
            ],
            [
              106.5948794,
              33.939042
            ],
            [
              106.5951992,
              33.9395044
            ],
            [
              106.5956682,
              33.9399145
            ],
            [
              106.5976731,
              33.941312
            ],
            [
              106.5986753,
              33.9419565
            ],
            [
              106.5992815,
              33.9422547
            ],
            [
              106.5997473,
              33.9424088
            ],
            [
              106.600171,
              33.9424776
            ],
            [
              106.6005191,
              33.9425081
            ],
            [
              106.6009033,
              33.9424962
            ],
            [
              106.601187,
              33.9424669
            ],
            [
              106.6015958,
              33.9423764
            ],
            [
              106.6021184,
              33.9422049
            ],
            [
              106.6035994,
              33.9414986
            ],
            [
              106.6040803,
              33.9412915
            ],
            [
              106.6046084,
              33.9410932
            ],
            [
              106.6053272,
              33.9409864
            ],
            [
              106.6061909,
              33.9409597
            ],
            [
              106.6069258,
              33.9411021
            ],
            [
              106.6076232,
              33.9413246
            ],
            [
              106.6082809,
              33.9415846
            ],
            [
              106.6094678,
              33.9424103
            ],
            [
              106.6096752,
              33.9425545
            ],
            [
              106.6110415,
              33.9435049
            ],
            [
              106.6111814,
              33.9436023
            ],
            [
              106.6113675,
              33.9437456
            ],
            [
              106.611962,
              33.9444203
            ],
            [
              106.6125043,
              33.9460971
            ],
            [
              106.6127569,
              33.9467183
            ],
            [
              106.6129286,
              33.9469942
            ],
            [
              106.6131646,
              33.9472256
            ],
            [
              106.6135669,
              33.9476261
            ],
            [
              106.6141477,
              33.9479103
            ],
            [
              106.6154459,
              33.9482647
            ],
            [
              106.6216495,
              33.9493416
            ],
            [
              106.6265138,
              33.9502004
            ],
            [
              106.6271443,
              33.950394
            ],
            [
              106.6277874,
              33.9507389
            ],
            [
              106.6284635,
              33.9511998
            ],
            [
              106.6293297,
              33.9517901
            ],
            [
              106.6316115,
              33.9533454
            ],
            [
              106.6348827,
              33.9555831
            ],
            [
              106.6387272,
              33.9581548
            ],
            [
              106.6420618,
              33.9603853
            ],
            [
              106.644056,
              33.9618793
            ],
            [
              106.6446517,
              33.9625234
            ],
            [
              106.6453078,
              33.963338
            ],
            [
              106.6463111,
              33.9647367
            ],
            [
              106.6474368,
              33.9662419
            ],
            [
              106.6479747,
              33.9669612
            ],
            [
              106.648662,
              33.9678802
            ],
            [
              106.648775,
              33.9680168
            ],
            [
              106.649146,
              33.968465
            ],
            [
              106.6492456,
              33.9685854
            ],
            [
              106.6537125,
              33.9746267
            ],
            [
              106.6541236,
              33.9751826
            ],
            [
              106.6546467,
              33.975982
            ],
            [
              106.6562612,
              33.9782035
            ],
            [
              106.6566166,
              33.9787598
            ],
            [
              106.6569154,
              33.979322
            ],
            [
              106.657298,
              33.9801574
            ],
            [
              106.6584063,
              33.9832081
            ],
            [
              106.6586347,
              33.98425
            ],
            [
              106.6586519,
              33.9851687
            ],
            [
              106.6585719,
              33.9864095
            ],
            [
              106.6578637,
              33.9886541
            ],
            [
              106.6578009,
              33.9895397
            ],
            [
              106.65784,
              33.9898313
            ],
            [
              106.6579281,
              33.9901771
            ],
            [
              106.657956,
              33.9902687
            ],
            [
              106.6582521,
              33.9909698
            ],
            [
              106.6591202,
              33.9920636
            ],
            [
              106.6608144,
              33.9942297
            ],
            [
              106.6610563,
              33.994758
            ],
            [
              106.6611871,
              33.9951374
            ],
            [
              106.6612619,
              33.9955866
            ],
            [
              106.6614732,
              33.997547
            ],
            [
              106.6613876,
              33.9985129
            ],
            [
              106.6603824,
              34.0005868
            ],
            [
              106.6585719,
              34.0041473
            ],
            [
              106.6582977,
              34.0050359
            ],
            [
              106.6583172,
              34.0059365
            ],
            [
              106.6591487,
              34.00838
            ],
            [
              106.6595771,
              34.0091659
            ],
            [
              106.6603881,
              34.0098761
            ],
            [
              106.6608433,
              34.0101482
            ],
            [
              106.6613019,
              34.0103022
            ],
            [
              106.6621643,
              34.0105484
            ],
            [
              106.6631866,
              34.0105484
            ],
            [
              106.6645174,
              34.0103543
            ],
            [
              106.6653482,
              34.0103085
            ],
            [
              106.6663417,
              34.010496
            ],
            [
              106.666851,
              34.01075
            ],
            [
              106.6676785,
              34.011276
            ],
            [
              106.6681335,
              34.0119694
            ],
            [
              106.6683226,
              34.0124636
            ],
            [
              106.6683361,
              34.0128708
            ],
            [
              106.6683441,
              34.0133372
            ],
            [
              106.6682763,
              34.0136203
            ],
            [
              106.6681064,
              34.0140925
            ],
            [
              106.6678528,
              34.0145063
            ],
            [
              106.667559,
              34.0148396
            ],
            [
              106.667441,
              34.0149419
            ],
            [
              106.6670604,
              34.015209
            ],
            [
              106.6666563,
              34.0154258
            ],
            [
              106.6636769,
              34.0168576
            ],
            [
              106.6632411,
              34.0171137
            ],
            [
              106.6630233,
              34.0172694
            ],
            [
              106.6625214,
              34.0177041
            ],
            [
              106.6622217,
              34.0181761
            ],
            [
              106.6620107,
              34.0186692
            ],
            [
              106.6619329,
              34.0193431
            ],
            [
              106.662166,
              34.0199195
            ],
            [
              106.6625741,
              34.0207667
            ],
            [
              106.663735,
              34.0226787
            ],
            [
              106.6640836,
              34.0233748
            ],
            [
              106.6643689,
              34.0239199
            ],
            [
              106.6650582,
              34.0258638
            ],
            [
              106.6660379,
              34.0286546
            ],
            [
              106.6661157,
              34.0289421
            ],
            [
              106.6663564,
              34.029863
            ],
            [
              106.6666598,
              34.0302502
            ],
            [
              106.6669924,
              34.0306014
            ],
            [
              106.6676736,
              34.0311304
            ],
            [
              106.6684622,
              34.0316906
            ],
            [
              106.6705543,
              34.033211
            ],
            [
              106.6709835,
              34.0334733
            ],
            [
              106.6726411,
              34.0344068
            ],
            [
              106.6762761,
              34.0362306
            ],
            [
              106.6773341,
              34.0367871
            ],
            [
              106.6780564,
              34.0371861
            ],
            [
              106.6784682,
              34.0376061
            ],
            [
              106.6788419,
              34.0381101
            ],
            [
              106.6802737,
              34.0402468
            ],
            [
              106.6805588,
              34.0405985
            ],
            [
              106.6808312,
              34.04084
            ],
            [
              106.6814078,
              34.0412442
            ],
            [
              106.6816548,
              34.0414017
            ],
            [
              106.6827635,
              34.0420632
            ],
            [
              106.6836359,
              34.0426969
            ],
            [
              106.6840956,
              34.0431435
            ],
            [
              106.6845688,
              34.0436288
            ],
            [
              106.684877,
              34.0443098
            ],
            [
              106.6849424,
              34.0451843
            ],
            [
              106.6847465,
              34.0458453
            ],
            [
              106.6846734,
              34.0465716
            ],
            [
              106.6846212,
              34.0470126
            ],
            [
              106.6846734,
              34.0473758
            ],
            [
              106.6847882,
              34.0477994
            ],
            [
              106.6849239,
              34.0481107
            ],
            [
              106.6852578,
              34.0484912
            ],
            [
              106.6857129,
              34.048989
            ],
            [
              106.6868013,
              34.0498508
            ],
            [
              106.6870904,
              34.0502066
            ],
            [
              106.6873678,
              34.0506663
            ],
            [
              106.6878041,
              34.0513963
            ],
            [
              106.6878875,
              34.0518113
            ],
            [
              106.6878145,
              34.0522436
            ],
            [
              106.6876973,
              34.052661
            ],
            [
              106.6871736,
              34.0545144
            ],
            [
              106.6870785,
              34.0550785
            ],
            [
              106.6870747,
              34.0555987
            ],
            [
              106.6871217,
              34.0565025
            ],
            [
              106.687164,
              34.0568552
            ],
            [
              106.6872536,
              34.0572763
            ],
            [
              106.6875467,
              34.0580747
            ],
            [
              106.6876026,
              34.0582701
            ],
            [
              106.68783,
              34.0590083
            ],
            [
              106.6880267,
              34.059725
            ],
            [
              106.6885693,
              34.0614375
            ],
            [
              106.6887314,
              34.0618694
            ],
            [
              106.6887812,
              34.062002
            ],
            [
              106.6888182,
              34.0621006
            ],
            [
              106.6890497,
              34.0625363
            ],
            [
              106.6893195,
              34.0629514
            ],
            [
              106.6896908,
              34.0633292
            ],
            [
              106.690067,
              34.063672
            ],
            [
              106.6905499,
              34.0640096
            ],
            [
              106.6911245,
              34.0643246
            ],
            [
              106.6918536,
              34.0646107
            ],
            [
              106.6928919,
              34.0650264
            ],
            [
              106.6933199,
              34.0651708
            ],
            [
              106.695119,
              34.0658208
            ],
            [
              106.6968467,
              34.0664051
            ],
            [
              106.6972034,
              34.0665233
            ],
            [
              106.7033009,
              34.0684464
            ],
            [
              106.7043651,
              34.0687225
            ],
            [
              106.7053957,
              34.0689184
            ],
            [
              106.718046,
              34.0708942
            ],
            [
              106.7189453,
              34.0711109
            ],
            [
              106.7196017,
              34.071387
            ],
            [
              106.720326,
              34.0719869
            ],
            [
              106.7207744,
              34.0727469
            ],
            [
              106.7209055,
              34.0734954
            ],
            [
              106.7210917,
              34.0747982
            ],
            [
              106.7214297,
              34.0755525
            ],
            [
              106.7222506,
              34.0763124
            ],
            [
              106.7229405,
              34.0766838
            ],
            [
              106.7244305,
              34.0773237
            ],
            [
              106.7249893,
              34.0777066
            ],
            [
              106.7253894,
              34.0782094
            ],
            [
              106.7256446,
              34.0787545
            ],
            [
              106.725755,
              34.0793145
            ],
            [
              106.7257412,
              34.080023
            ],
            [
              106.7254859,
              34.08064
            ],
            [
              106.7248444,
              34.0814799
            ],
            [
              106.7242994,
              34.0822855
            ],
            [
              106.724058,
              34.0831768
            ],
            [
              106.7241822,
              34.0839938
            ],
            [
              106.7246237,
              34.0847994
            ],
            [
              106.7254182,
              34.0855584
            ],
            [
              106.7259207,
              34.0860385
            ],
            [
              106.7264655,
              34.086559
            ],
            [
              106.7283889,
              34.088376
            ],
            [
              106.7286003,
              34.0886656
            ],
            [
              106.7297787,
              34.0903084
            ],
            [
              106.7305632,
              34.0909891
            ],
            [
              106.7316053,
              34.0914797
            ],
            [
              106.7322124,
              34.0916731
            ],
            [
              106.733492,
              34.0919283
            ],
            [
              106.7345194,
              34.092346
            ],
            [
              106.7352666,
              34.0929029
            ],
            [
              106.7366396,
              34.0948752
            ],
            [
              106.7396582,
              34.0994105
            ],
            [
              106.7399833,
              34.1003588
            ],
            [
              106.7400954,
              34.1011786
            ],
            [
              106.7400393,
              34.1022614
            ],
            [
              106.7391614,
              34.10445
            ],
            [
              106.7388905,
              34.1051925
            ],
            [
              106.7388905,
              34.1059581
            ],
            [
              106.7393482,
              34.1069171
            ],
            [
              106.7403382,
              34.107644
            ],
            [
              106.7414024,
              34.1080931
            ],
            [
              106.7433945,
              34.1083422
            ],
            [
              106.7444759,
              34.1084769
            ],
            [
              106.7457281,
              34.1088673
            ],
            [
              106.7464436,
              34.1094396
            ],
            [
              106.7468827,
              34.1101666
            ],
            [
              106.7471429,
              34.1107591
            ],
            [
              106.7472458,
              34.1111694
            ],
            [
              106.7471814,
              34.1124574
            ],
            [
              106.7465591,
              34.1134612
            ],
            [
              106.7450034,
              34.1148735
            ],
            [
              106.7438984,
              34.1162325
            ],
            [
              106.7435987,
              34.1179774
            ],
            [
              106.7436301,
              34.1192081
            ],
            [
              106.7440378,
              34.120416
            ],
            [
              106.7447138,
              34.1212865
            ],
            [
              106.7454862,
              34.1221125
            ],
            [
              106.7484581,
              34.1255585
            ],
            [
              106.7493249,
              34.1277639
            ],
            [
              106.7515078,
              34.1335995
            ],
            [
              106.7519746,
              34.1348539
            ],
            [
              106.7522272,
              34.1352568
            ],
            [
              106.7527306,
              34.1357735
            ],
            [
              106.7534829,
              34.1360425
            ],
            [
              106.7544912,
              34.1361894
            ],
            [
              106.7553808,
              34.136112
            ],
            [
              106.7573406,
              34.135961
            ],
            [
              106.7583797,
              34.136194
            ],
            [
              106.7590648,
              34.136594
            ],
            [
              106.7599578,
              34.1372109
            ],
            [
              106.7605592,
              34.1379855
            ],
            [
              106.7607772,
              34.1383116
            ],
            [
              106.7614038,
              34.1391502
            ],
            [
              106.7625419,
              34.1425454
            ],
            [
              106.7627696,
              34.1430589
            ],
            [
              106.7630568,
              34.1434904
            ],
            [
              106.7633124,
              34.1437886
            ],
            [
              106.7636421,
              34.1440767
            ],
            [
              106.7640202,
              34.1443319
            ],
            [
              106.7647861,
              34.1447017
            ],
            [
              106.7656589,
              34.1453139
            ],
            [
              106.7665368,
              34.1462414
            ],
            [
              106.7667423,
              34.1470067
            ],
            [
              106.7665313,
              34.1481195
            ],
            [
              106.7660775,
              34.1488527
            ],
            [
              106.765269,
              34.1496686
            ],
            [
              106.7649153,
              34.1500985
            ],
            [
              106.7646759,
              34.1505378
            ],
            [
              106.764506,
              34.1509689
            ],
            [
              106.7644446,
              34.1514405
            ],
            [
              106.7645221,
              34.1519859
            ],
            [
              106.7647352,
              34.1524334
            ],
            [
              106.7652697,
              34.1530767
            ],
            [
              106.7680483,
              34.1553723
            ],
            [
              106.7696034,
              34.1569286
            ],
            [
              106.7701351,
              34.1573796
            ],
            [
              106.770317,
              34.157729
            ],
            [
              106.770393,
              34.158018
            ],
            [
              106.770397,
              34.158442
            ],
            [
              106.770165,
              34.160575
            ],
            [
              106.77037,
              34.161131
            ],
            [
              106.770668,
              34.161676
            ],
            [
              106.770972,
              34.162006
            ],
            [
              106.771331,
              34.162291
            ],
            [
              106.771735,
              34.162523
            ],
            [
              106.772177,
              34.162703
            ],
            [
              106.772634,
              34.162811
            ],
            [
              106.773104,
              34.162856
            ],
            [
              106.773719,
              34.162838
            ],
            [
              106.776514,
              34.162527
            ],
            [
              106.776817,
              34.16254
            ],
            [
              106.777106,
              34.16259
            ],
            [
              106.777986,
              34.162833
            ],
            [
              106.778413,
              34.163036
            ],
            [
              106.779044,
              34.163472
            ],
            [
              106.77937,
              34.16379
            ],
            [
              106.779582,
              34.164142
            ],
            [
              106.779623,
              34.164273
            ],
            [
              106.779713,
              34.164673
            ],
            [
              106.7797098,
              34.1649007
            ],
            [
              106.7797395,
              34.165187
            ],
            [
              106.7797312,
              34.1655933
            ],
            [
              106.779664,
              34.1660129
            ],
            [
              106.779508,
              34.1666035
            ],
            [
              106.7794431,
              34.1669467
            ],
            [
              106.7794105,
              34.1673077
            ],
            [
              106.7794524,
              34.1676567
            ],
            [
              106.7795252,
              34.1679673
            ],
            [
              106.7802364,
              34.169889
            ],
            [
              106.7804167,
              34.1702594
            ],
            [
              106.780597,
              34.1705454
            ],
            [
              106.780826,
              34.1708385
            ],
            [
              106.7810812,
              34.1710958
            ],
            [
              106.7813965,
              34.1713599
            ],
            [
              106.7817386,
              34.1715886
            ],
            [
              106.7820781,
              34.1717564
            ],
            [
              106.782407,
              34.1718853
            ],
            [
              106.7827185,
              34.1720036
            ],
            [
              106.7830984,
              34.172105
            ],
            [
              106.7834944,
              34.1721619
            ],
            [
              106.7840183,
              34.1722226
            ],
            [
              106.784494,
              34.1722604
            ],
            [
              106.7849036,
              34.1722913
            ],
            [
              106.7858046,
              34.1723732
            ],
            [
              106.7861392,
              34.1724115
            ],
            [
              106.786463,
              34.1724675
            ],
            [
              106.7867297,
              34.1725383
            ],
            [
              106.7869911,
              34.1726336
            ],
            [
              106.7872631,
              34.1727599
            ],
            [
              106.7877069,
              34.1730038
            ],
            [
              106.7890268,
              34.1737368
            ],
            [
              106.7893551,
              34.1739476
            ],
            [
              106.7896269,
              34.1741512
            ],
            [
              106.7898772,
              34.1743991
            ],
            [
              106.7903564,
              34.1748772
            ],
            [
              106.7905833,
              34.1750921
            ],
            [
              106.7907895,
              34.1752471
            ],
            [
              106.7910171,
              34.1753933
            ],
            [
              106.7913361,
              34.175566
            ],
            [
              106.7916285,
              34.175707
            ],
            [
              106.7919637,
              34.1758391
            ],
            [
              106.7923149,
              34.1759534
            ],
            [
              106.7926255,
              34.1760235
            ],
            [
              106.793215,
              34.176138
            ],
            [
              106.793853,
              34.176296
            ],
            [
              106.7943079,
              34.1764539
            ],
            [
              106.7945935,
              34.17659
            ],
            [
              106.7948576,
              34.1767526
            ],
            [
              106.795157,
              34.176993
            ],
            [
              106.7954261,
              34.1772429
            ],
            [
              106.7961456,
              34.1781013
            ],
            [
              106.7963796,
              34.1783584
            ],
            [
              106.7967348,
              34.1786411
            ],
            [
              106.7970157,
              34.1788099
            ],
            [
              106.7973853,
              34.1789877
            ],
            [
              106.7977525,
              34.1791121
            ],
            [
              106.7981734,
              34.1792099
            ],
            [
              106.7985937,
              34.1792854
            ],
            [
              106.8004847,
              34.1795618
            ],
            [
              106.8026547,
              34.1799473
            ],
            [
              106.8031954,
              34.1800565
            ],
            [
              106.8035903,
              34.1801717
            ],
            [
              106.8039852,
              34.1803223
            ],
            [
              106.805794,
              34.1810891
            ],
            [
              106.8085665,
              34.1821348
            ],
            [
              106.8090881,
              34.1823366
            ],
            [
              106.8093961,
              34.1825043
            ],
            [
              106.8096706,
              34.1827016
            ],
            [
              106.8098926,
              34.1829414
            ],
            [
              106.810213,
              34.183363
            ],
            [
              106.8106721,
              34.1843433
            ],
            [
              106.811167,
              34.185409
            ],
            [
              106.8120019,
              34.1866283
            ],
            [
              106.8123085,
              34.1871471
            ],
            [
              106.81276,
              34.188207
            ],
            [
              106.813167,
              34.189335
            ],
            [
              106.8135988,
              34.1900542
            ],
            [
              106.814055,
              34.1905639
            ],
            [
              106.8145782,
              34.1909725
            ],
            [
              106.8150457,
              34.1912163
            ],
            [
              106.815539,
              34.1914007
            ],
            [
              106.8161101,
              34.1914912
            ],
            [
              106.8167242,
              34.1915285
            ],
            [
              106.8180357,
              34.1914689
            ],
            [
              106.8185555,
              34.191495
            ],
            [
              106.8189852,
              34.1915835
            ],
            [
              106.8193717,
              34.1917076
            ],
            [
              106.8197475,
              34.1918672
            ],
            [
              106.8200445,
              34.1920823
            ],
            [
              106.8201635,
              34.1921793
            ],
            [
              106.820512,
              34.192458
            ],
            [
              106.820728,
              34.192688
            ],
            [
              106.8211512,
              34.1932512
            ],
            [
              106.8215256,
              34.1937337
            ],
            [
              106.8216297,
              34.1938723
            ],
            [
              106.8229651,
              34.1956509
            ],
            [
              106.8233362,
              34.1961113
            ],
            [
              106.8237502,
              34.1965362
            ],
            [
              106.8242134,
              34.1969423
            ],
            [
              106.824773,
              34.1973492
            ],
            [
              106.8254037,
              34.1977131
            ],
            [
              106.8274721,
              34.1987731
            ],
            [
              106.8287584,
              34.1994323
            ],
            [
              106.8296501,
              34.1998841
            ],
            [
              106.8301241,
              34.2000569
            ],
            [
              106.8304615,
              34.2001499
            ],
            [
              106.8308953,
              34.2002296
            ],
            [
              106.8314897,
              34.2003027
            ],
            [
              106.8335084,
              34.2002894
            ],
            [
              106.8341046,
              34.200265
            ],
            [
              106.8344647,
              34.2002406
            ],
            [
              106.8349218,
              34.2001559
            ],
            [
              106.835379,
              34.2000356
            ],
            [
              106.8385496,
              34.1990101
            ],
            [
              106.8392227,
              34.198727
            ],
            [
              106.8395489,
              34.1984873
            ],
            [
              106.8398751,
              34.1981944
            ],
            [
              106.8402268,
              34.1977091
            ],
            [
              106.8409646,
              34.1964784
            ],
            [
              106.8413814,
              34.1958424
            ],
            [
              106.8417123,
              34.195446
            ],
            [
              106.8420966,
              34.1951027
            ],
            [
              106.8425453,
              34.1948303
            ],
            [
              106.8431048,
              34.1946083
            ],
            [
              106.8438402,
              34.1944753
            ],
            [
              106.844597,
              34.1944754
            ],
            [
              106.8452026,
              34.1945805
            ],
            [
              106.8456365,
              34.1947211
            ],
            [
              106.8461824,
              34.1949938
            ],
            [
              106.8466638,
              34.1953553
            ],
            [
              106.8469977,
              34.1957343
            ],
            [
              106.8472242,
              34.1961666
            ],
            [
              106.8476704,
              34.197418
            ],
            [
              106.8478905,
              34.1978915
            ],
            [
              106.8481321,
              34.1982941
            ],
            [
              106.8484858,
              34.1987204
            ],
            [
              106.8491148,
              34.19916
            ],
            [
              106.8499543,
              34.1994544
            ],
            [
              106.8553403,
              34.200678
            ],
            [
              106.8581893,
              34.2013233
            ],
            [
              106.8591068,
              34.2015284
            ],
            [
              106.8598527,
              34.2016803
            ],
            [
              106.860656,
              34.2018029
            ],
            [
              106.86147,
              34.2018812
            ],
            [
              106.8624204,
              34.2018807
            ],
            [
              106.8645296,
              34.2018446
            ],
            [
              106.8656305,
              34.2018516
            ],
            [
              106.8660375,
              34.2018659
            ],
            [
              106.8666885,
              34.2019296
            ],
            [
              106.8677051,
              34.2020748
            ],
            [
              106.8687217,
              34.2023264
            ],
            [
              106.8715083,
              34.2032822
            ],
            [
              106.8717537,
              34.2033664
            ],
            [
              106.8728162,
              34.2037659
            ],
            [
              106.8733733,
              34.2040663
            ],
            [
              106.8738446,
              34.2044732
            ],
            [
              106.8741565,
              34.2048615
            ],
            [
              106.8744254,
              34.2053386
            ],
            [
              106.8746209,
              34.2060373
            ],
            [
              106.8755546,
              34.2097747
            ],
            [
              106.8756991,
              34.2103183
            ],
            [
              106.8773001,
              34.2163449
            ],
            [
              106.8775142,
              34.2168697
            ],
            [
              106.8778141,
              34.2174123
            ],
            [
              106.8781521,
              34.2178198
            ],
            [
              106.878533,
              34.2181918
            ],
            [
              106.8790499,
              34.2186126
            ],
            [
              106.8797594,
              34.2189953
            ],
            [
              106.8805119,
              34.2192538
            ],
            [
              106.8859871,
              34.2203686
            ],
            [
              106.8863513,
              34.2204541
            ],
            [
              106.8867392,
              34.2206026
            ],
            [
              106.8873154,
              34.2209125
            ],
            [
              106.8877893,
              34.2212908
            ],
            [
              106.8882335,
              34.2218518
            ],
            [
              106.8884597,
              34.2226332
            ],
            [
              106.8886357,
              34.2248907
            ],
            [
              106.8887249,
              34.226475
            ],
            [
              106.8890128,
              34.2272714
            ],
            [
              106.8894438,
              34.2278858
            ],
            [
              106.8896036,
              34.2280056
            ],
            [
              106.8899931,
              34.228269
            ],
            [
              106.8906015,
              34.2285854
            ],
            [
              106.8911722,
              34.2287281
            ],
            [
              106.8916139,
              34.2288046
            ],
            [
              106.8930922,
              34.2289574
            ],
            [
              106.8936981,
              34.2290563
            ],
            [
              106.8943287,
              34.2293297
            ],
            [
              106.8950011,
              34.229833
            ],
            [
              106.8957327,
              34.2304837
            ],
            [
              106.8958746,
              34.230616
            ],
            [
              106.8964427,
              34.2311161
            ],
            [
              106.9033143,
              34.2371651
            ],
            [
              106.9036126,
              34.2374276
            ],
            [
              106.9040814,
              34.2378403
            ],
            [
              106.9044823,
              34.2381931
            ],
            [
              106.9046466,
              34.2383377
            ],
            [
              106.9052727,
              34.2388854
            ],
            [
              106.9057206,
              34.2392018
            ],
            [
              106.9062052,
              34.2394409
            ],
            [
              106.9068312,
              34.2396326
            ],
            [
              106.9074116,
              34.2397003
            ],
            [
              106.9083006,
              34.2396936
            ],
            [
              106.9130834,
              34.2395929
            ],
            [
              106.9138852,
              34.2395301
            ],
            [
              106.9147493,
              34.2393945
            ],
            [
              106.916059,
              34.2389985
            ],
            [
              106.9178836,
              34.2383453
            ],
            [
              106.9185403,
              34.2381307
            ],
            [
              106.9194807,
              34.23801
            ],
            [
              106.9202449,
              34.2380244
            ],
            [
              106.9208594,
              34.2381271
            ],
            [
              106.9213915,
              34.238282
            ],
            [
              106.9220081,
              34.2385002
            ],
            [
              106.9232226,
              34.2390148
            ],
            [
              106.9451793,
              34.2484932
            ],
            [
              106.9455607,
              34.2486754
            ],
            [
              106.945957,
              34.2489225
            ],
            [
              106.9462308,
              34.2491255
            ],
            [
              106.9464492,
              34.2493115
            ],
            [
              106.9466775,
              34.2495636
            ],
            [
              106.9469311,
              34.2499029
            ],
            [
              106.9471425,
              34.2502708
            ],
            [
              106.9473058,
              34.2507346
            ],
            [
              106.9475126,
              34.2515111
            ],
            [
              106.947675,
              34.251897
            ],
            [
              106.947883,
              34.2522346
            ],
            [
              106.9481136,
              34.2525246
            ],
            [
              106.9484021,
              34.2528737
            ],
            [
              106.9489456,
              34.2534218
            ],
            [
              106.9499278,
              34.2543328
            ],
            [
              106.9503491,
              34.2547886
            ],
            [
              106.9506408,
              34.2552217
            ],
            [
              106.950813,
              34.255576
            ],
            [
              106.9510062,
              34.255941
            ],
            [
              106.9511349,
              34.2561265
            ],
            [
              106.9513026,
              34.2563328
            ],
            [
              106.9515079,
              34.2565214
            ],
            [
              106.9520428,
              34.2569661
            ],
            [
              106.9522693,
              34.257118
            ],
            [
              106.9524233,
              34.2572078
            ],
            [
              106.9525812,
              34.2572803
            ],
            [
              106.9527463,
              34.2573407
            ],
            [
              106.9529163,
              34.257386
            ],
            [
              106.9568808,
              34.258266
            ],
            [
              106.9572953,
              34.2583655
            ],
            [
              106.957584,
              34.2584786
            ],
            [
              106.9578396,
              34.2586199
            ],
            [
              106.958019,
              34.2587472
            ],
            [
              106.9581894,
              34.2588667
            ],
            [
              106.9583437,
              34.2589584
            ],
            [
              106.9586441,
              34.2591494
            ],
            [
              106.9589143,
              34.2593247
            ],
            [
              106.95921,
              34.2595729
            ],
            [
              106.9596082,
              34.2599977
            ],
            [
              106.9599238,
              34.2604155
            ],
            [
              106.960207,
              34.2609267
            ],
            [
              106.9603393,
              34.2613648
            ],
            [
              106.9604399,
              34.2617238
            ],
            [
              106.960558,
              34.2621365
            ],
            [
              106.9607083,
              34.262783
            ],
            [
              106.9608543,
              34.2634395
            ],
            [
              106.9611043,
              34.2645734
            ],
            [
              106.9613192,
              34.2654886
            ],
            [
              106.9614231,
              34.2658753
            ],
            [
              106.9615125,
              34.2662075
            ],
            [
              106.9615978,
              34.26649
            ],
            [
              106.9617413,
              34.266835
            ],
            [
              106.9619724,
              34.2671481
            ],
            [
              106.9623791,
              34.2675421
            ],
            [
              106.9628441,
              34.26788
            ],
            [
              106.963465,
              34.2682038
            ],
            [
              106.9678208,
              34.2700627
            ],
            [
              106.9683275,
              34.2702541
            ],
            [
              106.9687896,
              34.2703839
            ],
            [
              106.9692857,
              34.27047
            ],
            [
              106.9698367,
              34.2705158
            ],
            [
              106.9702741,
              34.2705293
            ],
            [
              106.9705172,
              34.2705331
            ],
            [
              106.9708014,
              34.2705345
            ],
            [
              106.9710803,
              34.2705225
            ],
            [
              106.9713833,
              34.2705
            ],
            [
              106.9716863,
              34.2704708
            ],
            [
              106.9718794,
              34.270449
            ],
            [
              106.9726087,
              34.2703647
            ],
            [
              106.9733165,
              34.270316
            ],
            [
              106.9740673,
              34.2703292
            ],
            [
              106.9747751,
              34.2703691
            ],
            [
              106.9756549,
              34.2704904
            ],
            [
              106.9764646,
              34.2706642
            ],
            [
              106.977174,
              34.2708925
            ],
            [
              106.9776708,
              34.2711227
            ],
            [
              106.9788288,
              34.2717362
            ],
            [
              106.9791581,
              34.2719581
            ],
            [
              106.9794694,
              34.2722441
            ],
            [
              106.9797858,
              34.2726793
            ],
            [
              106.9827445,
              34.2775362
            ],
            [
              106.9829456,
              34.2778186
            ],
            [
              106.9831511,
              34.2780526
            ],
            [
              106.9833894,
              34.2782634
            ],
            [
              106.983653,
              34.2784553
            ],
            [
              106.983951,
              34.2786173
            ],
            [
              106.9842652,
              34.2787599
            ],
            [
              106.9846011,
              34.2788617
            ],
            [
              106.9849819,
              34.2789259
            ],
            [
              106.9854422,
              34.2789432
            ],
            [
              106.9857839,
              34.2789243
            ],
            [
              106.9861014,
              34.278882
            ],
            [
              106.9863634,
              34.2788261
            ],
            [
              106.9866038,
              34.2787548
            ],
            [
              106.9870636,
              34.2785724
            ],
            [
              106.9871776,
              34.2785164
            ],
            [
              106.9874765,
              34.2783382
            ],
            [
              106.9877602,
              34.278126
            ],
            [
              106.9880249,
              34.2778901
            ],
            [
              106.9895555,
              34.2763627
            ],
            [
              106.9898849,
              34.2761045
            ],
            [
              106.9901567,
              34.2759539
            ],
            [
              106.9904335,
              34.2758448
            ],
            [
              106.9907539,
              34.275745
            ],
            [
              106.9910336,
              34.2756844
            ],
            [
              106.991229,
              34.2756514
            ],
            [
              106.9918375,
              34.2756037
            ],
            [
              106.9924687,
              34.27565
            ],
            [
              106.9930152,
              34.2757447
            ],
            [
              106.9934235,
              34.2758578
            ],
            [
              106.9939267,
              34.2760844
            ],
            [
              106.9943142,
              34.2764021
            ],
            [
              106.9945808,
              34.2767413
            ],
            [
              106.9947702,
              34.2772052
            ],
            [
              106.9948636,
              34.2777109
            ],
            [
              106.9948586,
              34.2784253
            ],
            [
              106.9947929,
              34.2790716
            ],
            [
              106.9944708,
              34.2797891
            ],
            [
              106.9939462,
              34.2803369
            ],
            [
              106.9933316,
              34.2807207
            ],
            [
              106.992442,
              34.2810165
            ],
            [
              106.9912962,
              34.2811096
            ],
            [
              106.98999,
              34.2808734
            ],
            [
              106.9884243,
              34.280054
            ],
            [
              106.9869463,
              34.2789494
            ],
            [
              106.9858717,
              34.2779221
            ],
            [
              106.9857197,
              34.2777611
            ],
            [
              106.9856098,
              34.2776085
            ],
            [
              106.9853897,
              34.2772557
            ],
            [
              106.9852339,
              34.2768611
            ],
            [
              106.9851224,
              34.2764368
            ],
            [
              106.9850946,
              34.2760026
            ],
            [
              106.9851396,
              34.275537
            ],
            [
              106.985232,
              34.2750599
            ],
            [
              106.9855721,
              34.2737574
            ],
            [
              106.9856523,
              34.2733539
            ],
            [
              106.9856884,
              34.2729367
            ],
            [
              106.985657,
              34.2725746
            ],
            [
              106.9855431,
              34.2721812
            ],
            [
              106.9854008,
              34.2718866
            ],
            [
              106.9851814,
              34.2715807
            ],
            [
              106.9848486,
              34.2712988
            ],
            [
              106.9845342,
              34.2711312
            ],
            [
              106.9841499,
              34.2709767
            ],
            [
              106.9837899,
              34.2708587
            ],
            [
              106.9834232,
              34.2707572
            ],
            [
              106.9806385,
              34.2700627
            ],
            [
              106.9803472,
              34.2699756
            ],
            [
              106.9800402,
              34.2698651
            ],
            [
              106.9799082,
              34.2698007
            ],
            [
              106.9796601,
              34.2696533
            ],
            [
              106.9793497,
              34.2694181
            ],
            [
              106.9790453,
              34.2691384
            ],
            [
              106.9787295,
              34.2687688
            ],
            [
              106.9785491,
              34.2685567
            ],
            [
              106.978358,
              34.2683579
            ],
            [
              106.9780949,
              34.2681195
            ],
            [
              106.9778908,
              34.2679532
            ],
            [
              106.9776528,
              34.2677949
            ],
            [
              106.9773872,
              34.2676425
            ],
            [
              106.9771263,
              34.2675159
            ],
            [
              106.9766642,
              34.2673184
            ],
            [
              106.9764724,
              34.2672292
            ],
            [
              106.9759581,
              34.2669767
            ],
            [
              106.975695,
              34.2668566
            ],
            [
              106.9752681,
              34.2666959
            ],
            [
              106.9738661,
              34.2662259
            ],
            [
              106.9737599,
              34.2661726
            ],
            [
              106.9735452,
              34.2660528
            ],
            [
              106.9733161,
              34.2658775
            ],
            [
              106.9731093,
              34.2656827
            ],
            [
              106.972887,
              34.2654159
            ],
            [
              106.97284,
              34.2653567
            ],
            [
              106.9716903,
              34.2638812
            ],
            [
              106.9714138,
              34.2635702
            ],
            [
              106.9710826,
              34.2632737
            ],
            [
              106.9707682,
              34.2630243
            ],
            [
              106.9704261,
              34.2628117
            ],
            [
              106.9701304,
              34.2626729
            ],
            [
              106.9697744,
              34.2625457
            ],
            [
              106.9694076,
              34.2624295
            ],
            [
              106.9679441,
              34.2619113
            ],
            [
              106.9675488,
              34.2617924
            ],
            [
              106.9672259,
              34.2616691
            ],
            [
              106.966686,
              34.2614364
            ],
            [
              106.966341,
              34.2612805
            ],
            [
              106.9660494,
              34.2611176
            ],
            [
              106.965911,
              34.2610215
            ],
            [
              106.9657365,
              34.260889
            ],
            [
              106.9655057,
              34.2606931
            ],
            [
              106.9652694,
              34.260439
            ],
            [
              106.9650577,
              34.2601792
            ],
            [
              106.964871,
              34.2599035
            ],
            [
              106.9647036,
              34.2595817
            ],
            [
              106.9645935,
              34.2592989
            ],
            [
              106.9645505,
              34.259117
            ],
            [
              106.9645183,
              34.2589351
            ],
            [
              106.9645009,
              34.2587412
            ],
            [
              106.9644888,
              34.2585562
            ],
            [
              106.9644871,
              34.2584292
            ],
            [
              106.9645014,
              34.2583441
            ],
            [
              106.9645511,
              34.2581114
            ],
            [
              106.9646535,
              34.2578494
            ],
            [
              106.964823,
              34.2575446
            ],
            [
              106.9650733,
              34.257194
            ],
            [
              106.9653612,
              34.2568478
            ],
            [
              106.9657174,
              34.2565218
            ],
            [
              106.9660133,
              34.2563254
            ],
            [
              106.9663543,
              34.2561613
            ],
            [
              106.9668399,
              34.2559957
            ],
            [
              106.9674157,
              34.2559157
            ],
            [
              106.9679593,
              34.2559244
            ],
            [
              106.9684278,
              34.2560085
            ],
            [
              106.9688277,
              34.2561405
            ],
            [
              106.9691323,
              34.2562916
            ],
            [
              106.9692779,
              34.2563795
            ],
            [
              106.9694857,
              34.2565113
            ],
            [
              106.9696882,
              34.2566587
            ],
            [
              106.9701334,
              34.2570066
            ],
            [
              106.9704072,
              34.2572368
            ],
            [
              106.9706596,
              34.2574936
            ],
            [
              106.9710329,
              34.2579142
            ],
            [
              106.9717065,
              34.2587915
            ],
            [
              106.9719755,
              34.2591369
            ],
            [
              106.9722928,
              34.2594424
            ],
            [
              106.972559,
              34.259668
            ],
            [
              106.9728467,
              34.2598493
            ],
            [
              106.9732567,
              34.2600447
            ],
            [
              106.9736773,
              34.2601957
            ],
            [
              106.9740975,
              34.2603016
            ],
            [
              106.9746249,
              34.2604074
            ],
            [
              106.9766937,
              34.2608142
            ],
            [
              106.9773075,
              34.2609594
            ],
            [
              106.9778194,
              34.2611313
            ],
            [
              106.9783007,
              34.2613332
            ],
            [
              106.9787714,
              34.2615439
            ],
            [
              106.9795772,
              34.2619264
            ],
            [
              106.9801538,
              34.2621691
            ],
            [
              106.9807358,
              34.2623984
            ],
            [
              106.9813471,
              34.2625955
            ],
            [
              106.9821272,
              34.2628026
            ],
            [
              106.9828857,
              34.2629919
            ],
            [
              106.9849768,
              34.2635125
            ],
            [
              106.987914,
              34.2641396
            ],
            [
              106.9892501,
              34.2644037
            ],
            [
              106.9910193,
              34.264719
            ],
            [
              106.9916188,
              34.264849
            ],
            [
              106.9947481,
              34.2656187
            ],
            [
              106.9951336,
              34.2657176
            ],
            [
              106.9976544,
              34.2663653
            ],
            [
              106.9982011,
              34.2665068
            ],
            [
              106.9989924,
              34.2666716
            ],
            [
              106.9996512,
              34.2667774
            ],
            [
              107.000408,
              34.2668781
            ],
            [
              107.0011319,
              34.2669414
            ],
            [
              107.0018773,
              34.2669696
            ],
            [
              107.0035889,
              34.2669774
            ],
            [
              107.0063486,
              34.2669798
            ],
            [
              107.0073105,
              34.266981
            ],
            [
              107.0082202,
              34.2669864
            ],
            [
              107.0084734,
              34.2669798
            ],
            [
              107.0087754,
              34.2669443
            ],
            [
              107.0090198,
              34.2668885
            ],
            [
              107.0093318,
              34.2667857
            ],
            [
              107.0096979,
              34.2666148
            ],
            [
              107.0101474,
              34.2663006
            ],
            [
              107.0113585,
              34.2653895
            ],
            [
              107.0124766,
              34.2644744
            ],
            [
              107.0136144,
              34.2639446
            ],
            [
              107.0148854,
              34.2637887
            ],
            [
              107.016336,
              34.263962
            ],
            [
              107.017301,
              34.2644109
            ],
            [
              107.0181481,
              34.2651074
            ],
            [
              107.0185446,
              34.2658926
            ],
            [
              107.0186295,
              34.2669664
            ],
            [
              107.0183641,
              34.2679878
            ],
            [
              107.0177835,
              34.2688056
            ],
            [
              107.0170528,
              34.2693219
            ],
            [
              107.0158905,
              34.2697337
            ],
            [
              107.0146638,
              34.2698795
            ],
            [
              107.0135189,
              34.2697933
            ],
            [
              107.0124677,
              34.2695777
            ],
            [
              107.0114809,
              34.2692025
            ],
            [
              107.0107265,
              34.2687822
            ],
            [
              107.010115,
              34.2684553
            ],
            [
              107.0092176,
              34.2679861
            ],
            [
              107.0086415,
              34.2677402
            ],
            [
              107.0079505,
              34.2675531
            ],
            [
              107.0071313,
              34.2674224
            ],
            [
              107.0063309,
              34.2673369
            ],
            [
              107.0055321,
              34.2673358
            ],
            [
              107.0047389,
              34.2673981
            ],
            [
              107.003887,
              34.267523
            ],
            [
              107.0030083,
              34.2677587
            ],
            [
              107.0022982,
              34.2680204
            ],
            [
              107.0022822,
              34.2680292
            ],
            [
              107.0016844,
              34.2683593
            ],
            [
              107.0012879,
              34.2686862
            ],
            [
              107.0009595,
              34.2690689
            ],
            [
              107.0008099,
              34.2693057
            ],
            [
              107.0006976,
              34.2695196
            ],
            [
              107.0005343,
              34.2700008
            ],
            [
              107.0004973,
              34.2702529
            ],
            [
              107.0004973,
              34.2704795
            ],
            [
              107.000525,
              34.2706679
            ],
            [
              107.0005682,
              34.2708716
            ],
            [
              107.0006783,
              34.2712141
            ],
            [
              107.0008408,
              34.2715381
            ],
            [
              107.0011781,
              34.2719875
            ],
            [
              107.0014778,
              34.2722964
            ],
            [
              107.0016606,
              34.2724452
            ],
            [
              107.0018983,
              34.2725963
            ],
            [
              107.0022104,
              34.2727303
            ],
            [
              107.0025038,
              34.2728334
            ],
            [
              107.0027773,
              34.2729111
            ],
            [
              107.0031008,
              34.2729862
            ],
            [
              107.0034323,
              34.2730358
            ],
            [
              107.0037316,
              34.2730765
            ],
            [
              107.0039912,
              34.2730816
            ],
            [
              107.0042808,
              34.2730664
            ],
            [
              107.0046323,
              34.2730013
            ],
            [
              107.0049187,
              34.272923
            ],
            [
              107.0052051,
              34.272827
            ],
            [
              107.0056188,
              34.2726519
            ],
            [
              107.0063852,
              34.2722822
            ],
            [
              107.0065947,
              34.2721854
            ],
            [
              107.0068092,
              34.2720894
            ],
            [
              107.0075933,
              34.2718579
            ],
            [
              107.0080373,
              34.271842
            ],
            [
              107.0084636,
              34.2718713
            ],
            [
              107.009032,
              34.2719468
            ],
            [
              107.009571,
              34.2721171
            ],
            [
              107.0124945,
              34.2730895
            ],
            [
              107.0137536,
              34.2734481
            ],
            [
              107.0143892,
              34.2736217
            ],
            [
              107.0150033,
              34.2738131
            ],
            [
              107.0158051,
              34.274102
            ],
            [
              107.0162007,
              34.274242
            ],
            [
              107.016607,
              34.2743643
            ],
            [
              107.0175653,
              34.2746129
            ],
            [
              107.018038,
              34.2746803
            ],
            [
              107.0185137,
              34.2746869
            ],
            [
              107.0187744,
              34.2746517
            ],
            [
              107.019035,
              34.2745987
            ],
            [
              107.0192977,
              34.2745263
            ],
            [
              107.019555,
              34.2744318
            ],
            [
              107.0208194,
              34.2739527
            ],
            [
              107.0212018,
              34.2738281
            ],
            [
              107.0215457,
              34.2737295
            ],
            [
              107.0218842,
              34.273653
            ],
            [
              107.0223337,
              34.2735539
            ],
            [
              107.0229663,
              34.273414
            ],
            [
              107.0233967,
              34.2733173
            ],
            [
              107.0269515,
              34.2725249
            ],
            [
              107.0277781,
              34.2723409
            ],
            [
              107.0280802,
              34.2722713
            ],
            [
              107.0284042,
              34.2722305
            ],
            [
              107.0285997,
              34.2722096
            ],
            [
              107.0287768,
              34.2722057
            ],
            [
              107.0291564,
              34.2722285
            ],
            [
              107.0293805,
              34.2722646
            ],
            [
              107.0297169,
              34.2723365
            ],
            [
              107.0305042,
              34.2725641
            ],
            [
              107.0309113,
              34.2726735
            ],
            [
              107.031329,
              34.2727651
            ],
            [
              107.031875,
              34.2728881
            ],
            [
              107.0323285,
              34.2730359
            ],
            [
              107.0325592,
              34.2731286
            ],
            [
              107.0327739,
              34.273239
            ],
            [
              107.0330743,
              34.2733883
            ],
            [
              107.0333586,
              34.2735686
            ],
            [
              107.0337117,
              34.2738218
            ],
            [
              107.033769,
              34.2738732
            ],
            [
              107.0340085,
              34.2740883
            ],
            [
              107.0342733,
              34.2744502
            ],
            [
              107.0344737,
              34.2748653
            ],
            [
              107.03466,
              34.2753586
            ],
            [
              107.0347974,
              34.2757415
            ],
            [
              107.0350044,
              34.2761289
            ],
            [
              107.0352474,
              34.2764712
            ],
            [
              107.0355494,
              34.2767959
            ],
            [
              107.0358256,
              34.2770154
            ],
            [
              107.0361234,
              34.2771906
            ],
            [
              107.0364372,
              34.2773392
            ],
            [
              107.0367618,
              34.2774524
            ],
            [
              107.0371493,
              34.2775457
            ],
            [
              107.0375155,
              34.2775947
            ],
            [
              107.0378736,
              34.277613
            ],
            [
              107.0382317,
              34.2776047
            ],
            [
              107.0385454,
              34.277563
            ],
            [
              107.0392212,
              34.2774164
            ],
            [
              107.0392786,
              34.277404
            ],
            [
              107.0398081,
              34.2773497
            ],
            [
              107.0402947,
              34.2773397
            ],
            [
              107.0407866,
              34.2774059
            ],
            [
              107.0412462,
              34.2775341
            ],
            [
              107.0416402,
              34.2777107
            ],
            [
              107.0420524,
              34.2779511
            ],
            [
              107.0424324,
              34.278218
            ],
            [
              107.044187,
              34.2795506
            ],
            [
              107.0446138,
              34.2799321
            ],
            [
              107.0449237,
              34.2802131
            ],
            [
              107.0452596,
              34.2805775
            ],
            [
              107.0455621,
              34.2809684
            ],
            [
              107.0457804,
              34.2813324
            ],
            [
              107.0459713,
              34.2817269
            ],
            [
              107.0467491,
              34.2833193
            ],
            [
              107.0471537,
              34.284008
            ],
            [
              107.0475601,
              34.2845765
            ],
            [
              107.0479484,
              34.2850063
            ],
            [
              107.0483775,
              34.2854014
            ],
            [
              107.0489004,
              34.2858067
            ],
            [
              107.0495028,
              34.2861772
            ],
            [
              107.0501761,
              34.2865858
            ],
            [
              107.0536604,
              34.2884596
            ],
            [
              107.0546447,
              34.2889701
            ],
            [
              107.0548738,
              34.289095
            ],
            [
              107.0554483,
              34.2894069
            ],
            [
              107.0558881,
              34.2896121
            ],
            [
              107.056351,
              34.2897865
            ],
            [
              107.0569117,
              34.2899685
            ],
            [
              107.0575116,
              34.2901026
            ],
            [
              107.0582569,
              34.290208
            ],
            [
              107.0586342,
              34.2902815
            ],
            [
              107.0589964,
              34.290379
            ],
            [
              107.0593561,
              34.2905239
            ],
            [
              107.0597264,
              34.2907384
            ],
            [
              107.060209,
              34.2911337
            ],
            [
              107.0617064,
              34.2926085
            ],
            [
              107.0624535,
              34.2932719
            ],
            [
              107.0626788,
              34.2934515
            ],
            [
              107.066202,
              34.2960937
            ],
            [
              107.0664942,
              34.2963319
            ],
            [
              107.0667934,
              34.2966003
            ],
            [
              107.0670282,
              34.296878
            ],
            [
              107.0672199,
              34.2971463
            ],
            [
              107.0693131,
              34.3002235
            ],
            [
              107.0695264,
              34.3005228
            ],
            [
              107.0697438,
              34.3007468
            ],
            [
              107.0700223,
              34.3009468
            ],
            [
              107.0703056,
              34.3011333
            ],
            [
              107.0706244,
              34.301287
            ],
            [
              107.0710542,
              34.3014617
            ],
            [
              107.0717402,
              34.3016714
            ],
            [
              107.0726489,
              34.3019342
            ],
            [
              107.0730254,
              34.3020884
            ],
            [
              107.0733397,
              34.3022841
            ],
            [
              107.0736195,
              34.3024702
            ],
            [
              107.0738945,
              34.3027004
            ],
            [
              107.0740926,
              34.3029184
            ],
            [
              107.0743035,
              34.3031984
            ],
            [
              107.0744737,
              34.3035189
            ],
            [
              107.0745788,
              34.303907
            ],
            [
              107.0746086,
              34.3042098
            ],
            [
              107.0746535,
              34.3053839
            ],
            [
              107.0746945,
              34.3057854
            ],
            [
              107.0747812,
              34.3062045
            ],
            [
              107.0749299,
              34.3066232
            ],
            [
              107.0770346,
              34.311363
            ],
            [
              107.077238,
              34.3117996
            ],
            [
              107.0774431,
              34.3120939
            ],
            [
              107.0776812,
              34.3123563
            ],
            [
              107.0779829,
              34.3126182
            ],
            [
              107.0784807,
              34.3129635
            ],
            [
              107.0829744,
              34.3159167
            ],
            [
              107.0838286,
              34.3164498
            ],
            [
              107.0842716,
              34.3166957
            ],
            [
              107.0846938,
              34.3169008
            ],
            [
              107.0852165,
              34.3171249
            ],
            [
              107.0862972,
              34.317555
            ],
            [
              107.0870831,
              34.3178335
            ],
            [
              107.0874451,
              34.317959
            ],
            [
              107.0878116,
              34.3180611
            ],
            [
              107.0883581,
              34.3181782
            ],
            [
              107.0889009,
              34.3182508
            ],
            [
              107.0894753,
              34.3182496
            ],
            [
              107.0900755,
              34.3181759
            ],
            [
              107.0908804,
              34.3180333
            ],
            [
              107.0913322,
              34.3179596
            ],
            [
              107.0918256,
              34.3179146
            ],
            [
              107.0923148,
              34.317939
            ],
            [
              107.0927571,
              34.3180251
            ],
            [
              107.0932555,
              34.3181905
            ],
            [
              107.0936756,
              34.3183797
            ],
            [
              107.0941105,
              34.3186605
            ],
            [
              107.0944475,
              34.3189446
            ],
            [
              107.0947146,
              34.3192196
            ],
            [
              107.0948984,
              34.3195186
            ],
            [
              107.095061,
              34.3198944
            ],
            [
              107.0951701,
              34.3202746
            ],
            [
              107.0952063,
              34.3206736
            ],
            [
              107.0952041,
              34.3216666
            ],
            [
              107.0952246,
              34.3224345
            ],
            [
              107.0952909,
              34.3234155
            ],
            [
              107.0953035,
              34.3236167
            ],
            [
              107.0953388,
              34.3241209
            ],
            [
              107.0953879,
              34.3246578
            ],
            [
              107.0955863,
              34.3265726
            ],
            [
              107.095623,
              34.3269055
            ],
            [
              107.0957008,
              34.3273187
            ],
            [
              107.0958431,
              34.3276921
            ],
            [
              107.0960371,
              34.3280067
            ],
            [
              107.0962531,
              34.328281
            ],
            [
              107.0965241,
              34.3285798
            ],
            [
              107.0968989,
              34.3289442
            ],
            [
              107.0979362,
              34.3299799
            ],
            [
              107.0982485,
              34.3303789
            ],
            [
              107.0985983,
              34.3310697
            ],
            [
              107.0988137,
              34.331668
            ],
            [
              107.0991156,
              34.3325248
            ],
            [
              107.0996166,
              34.33394
            ],
            [
              107.0999845,
              34.3356563
            ],
            [
              107.1000051,
              34.3357525
            ],
            [
              107.1000242,
              34.3358414
            ],
            [
              107.1000791,
              34.3360976
            ],
            [
              107.1002071,
              34.3365203
            ],
            [
              107.1016592,
              34.343769
            ],
            [
              107.1018659,
              34.3448403
            ],
            [
              107.1020096,
              34.3452849
            ],
            [
              107.1021633,
              34.3456079
            ],
            [
              107.1023689,
              34.345922
            ],
            [
              107.1026018,
              34.3461921
            ],
            [
              107.1048398,
              34.348566
            ],
            [
              107.1161943,
              34.3601952
            ],
            [
              107.1164977,
              34.3605644
            ],
            [
              107.1167253,
              34.3608973
            ],
            [
              107.1169164,
              34.3612444
            ],
            [
              107.1170567,
              34.3615605
            ],
            [
              107.117233,
              34.3619492
            ],
            [
              107.117382,
              34.3624485
            ],
            [
              107.1174755,
              34.3631475
            ],
            [
              107.117565,
              34.3639642
            ],
            [
              107.1181186,
              34.3691829
            ],
            [
              107.1182443,
              34.3703119
            ],
            [
              107.1185504,
              34.3712931
            ],
            [
              107.1192865,
              34.372535
            ],
            [
              107.1198922,
              34.3732473
            ],
            [
              107.1202016,
              34.3735295
            ],
            [
              107.120583,
              34.373837
            ],
            [
              107.1209775,
              34.3741236
            ],
            [
              107.1214311,
              34.3743969
            ],
            [
              107.121864,
              34.3746354
            ],
            [
              107.1245938,
              34.375983
            ],
            [
              107.1250116,
              34.3761751
            ],
            [
              107.1256172,
              34.3764323
            ],
            [
              107.1260614,
              34.3765692
            ],
            [
              107.1265914,
              34.376684
            ],
            [
              107.127459,
              34.376787
            ],
            [
              107.1282024,
              34.3768124
            ],
            [
              107.1289334,
              34.3767758
            ],
            [
              107.1314421,
              34.3765854
            ],
            [
              107.1359196,
              34.3761735
            ],
            [
              107.1363836,
              34.3761271
            ],
            [
              107.1378619,
              34.375997
            ],
            [
              107.1412375,
              34.3756557
            ],
            [
              107.1415448,
              34.3756273
            ],
            [
              107.1425289,
              34.37553
            ],
            [
              107.142843,
              34.3754961
            ],
            [
              107.1435005,
              34.3754304
            ],
            [
              107.1487677,
              34.3749088
            ],
            [
              107.1527083,
              34.3745059
            ]
          ],
          [
            [
              104.0708565,
              30.6998315
            ],
            [
              104.0679062,
              30.6998647
            ],
            [
              104.0677886,
              30.6998662
            ],
            [
              104.0672051,
              30.6998738
            ],
            [
              104.0662756,
              30.699881
            ],
            [
              104.0656075,
              30.699891
            ],
            [
              104.0651154,
              30.6998983
            ],
            [
              104.0649534,
              30.6999007
            ],
            [
              104.0648404,
              30.699902
            ],
            [
              104.0637862,
              30.6999185
            ],
            [
              104.063379,
              30.69993
            ],
            [
              104.0630109,
              30.699936
            ],
            [
              104.0629315,
              30.6999393
            ],
            [
              104.0627495,
              30.6999562
            ],
            [
              104.0624741,
              30.6999921
            ],
            [
              104.0621977,
              30.7000495
            ],
            [
              104.0618648,
              30.7001395
            ],
            [
              104.0615964,
              30.7002216
            ],
            [
              104.0613016,
              30.7003365
            ],
            [
              104.0609752,
              30.700481
            ],
            [
              104.0607131,
              30.7006246
            ],
            [
              104.0604,
              30.7008095
            ],
            [
              104.060166,
              30.7009729
            ],
            [
              104.0599633,
              30.7011324
            ],
            [
              104.0597138,
              30.7013466
            ],
            [
              104.0594823,
              30.7015642
            ],
            [
              104.059276,
              30.7017993
            ],
            [
              104.0590748,
              30.7020555
            ],
            [
              104.0588915,
              30.7023183
            ],
            [
              104.0587228,
              30.7026349
            ],
            [
              104.0586047,
              30.7028695
            ],
            [
              104.0585141,
              30.7031213
            ],
            [
              104.0583981,
              30.7034639
            ],
            [
              104.058351,
              30.7037071
            ],
            [
              104.0583145,
              30.7039698
            ],
            [
              104.0582859,
              30.7042474
            ],
            [
              104.058281,
              30.7046199
            ],
            [
              104.058303,
              30.7048559
            ],
            [
              104.0583211,
              30.7050128
            ],
            [
              104.0583606,
              30.7052218
            ],
            [
              104.0584072,
              30.7054655
            ],
            [
              104.0585353,
              30.7059991
            ],
            [
              104.0586952,
              30.7066931
            ],
            [
              104.0589236,
              30.7076762
            ],
            [
              104.0591143,
              30.7086696
            ],
            [
              104.0592133,
              30.7091545
            ],
            [
              104.059463,
              30.7102102
            ],
            [
              104.059958,
              30.7124174
            ],
            [
              104.0599768,
              30.7125009
            ],
            [
              104.0600122,
              30.712659
            ],
            [
              104.0600313,
              30.712744
            ],
            [
              104.060045,
              30.7128052
            ],
            [
              104.060277,
              30.7137855
            ],
            [
              104.0606605,
              30.7154453
            ],
            [
              104.0608717,
              30.7163707
            ],
            [
              104.0610273,
              30.7170595
            ],
            [
              104.0613458,
              30.718456
            ],
            [
              104.0615582,
              30.7195209
            ],
            [
              104.0616927,
              30.7203516
            ],
            [
              104.0617777,
              30.7208631
            ],
            [
              104.0618166,
              30.721097
            ],
            [
              104.0618479,
              30.721228
            ],
            [
              104.0618754,
              30.721387
            ],
            [
              104.0619227,
              30.7216142
            ],
            [
              104.0621492,
              30.7224751
            ],
            [
              104.06234,
              30.7231774
            ],
            [
              104.0625826,
              30.7240849
            ],
            [
              104.0628239,
              30.7249814
            ],
            [
              104.0628968,
              30.7252666
            ],
            [
              104.0632117,
              30.7265951
            ],
            [
              104.0634771,
              30.7277421
            ],
            [
              104.0637512,
              30.7289322
            ],
            [
              104.0638712,
              30.7293182
            ],
            [
              104.0643255,
              30.7312974
            ],
            [
              104.0644477,
              30.7318723
            ],
            [
              104.0646051,
              30.7325486
            ],
            [
              104.064831,
              30.7335
            ],
            [
              104.0649745,
              30.7340459
            ],
            [
              104.0651305,
              30.7347116
            ],
            [
              104.0653015,
              30.7353992
            ],
            [
              104.0654711,
              30.7361159
            ],
            [
              104.0657066,
              30.7371407
            ],
            [
              104.0660775,
              30.7387281
            ],
            [
              104.0662527,
              30.7394757
            ],
            [
              104.0664914,
              30.7405254
            ],
            [
              104.0665975,
              30.7409662
            ],
            [
              104.0666874,
              30.7412837
            ],
            [
              104.0667648,
              30.7415459
            ],
            [
              104.0668728,
              30.7418358
            ],
            [
              104.0669925,
              30.7421366
            ],
            [
              104.0671927,
              30.7425489
            ],
            [
              104.0673777,
              30.7428711
            ],
            [
              104.0676395,
              30.7432784
            ],
            [
              104.0678048,
              30.7435065
            ],
            [
              104.0679849,
              30.7437465
            ],
            [
              104.0681804,
              30.7439747
            ],
            [
              104.0683947,
              30.7441924
            ],
            [
              104.068612,
              30.7444081
            ],
            [
              104.0688283,
              30.7446041
            ],
            [
              104.069119,
              30.7448416
            ],
            [
              104.0694223,
              30.7450814
            ],
            [
              104.0697905,
              30.7453485
            ],
            [
              104.0701054,
              30.7455472
            ],
            [
              104.070526,
              30.7457898
            ],
            [
              104.078607,
              30.7500232
            ],
            [
              104.0806979,
              30.751095
            ],
            [
              104.0812883,
              30.7514019
            ],
            [
              104.0814913,
              30.7515134
            ],
            [
              104.0819313,
              30.7517383
            ],
            [
              104.0914819,
              30.7567038
            ],
            [
              104.092006,
              30.7569763
            ],
            [
              104.0920677,
              30.7570084
            ],
            [
              104.0950458,
              30.7585525
            ],
            [
              104.0951773,
              30.7586226
            ],
            [
              104.0958236,
              30.7589581
            ],
            [
              104.0971269,
              30.7596798
            ],
            [
              104.0976189,
              30.7599395
            ],
            [
              104.0980341,
              30.7601587
            ],
            [
              104.098594,
              30.7604839
            ],
            [
              104.0989699,
              30.7607089
            ],
            [
              104.0992058,
              30.7608826
            ],
            [
              104.0994753,
              30.7610898
            ],
            [
              104.0997734,
              30.7613304
            ],
            [
              104.1000041,
              30.7615353
            ],
            [
              104.1004059,
              30.761954
            ],
            [
              104.1010513,
              30.7627336
            ],
            [
              104.1036429,
              30.7661828
            ],
            [
              104.1038918,
              30.7665128
            ],
            [
              104.1068807,
              30.7704519
            ],
            [
              104.1070462,
              30.7706795
            ],
            [
              104.1075224,
              30.7713353
            ],
            [
              104.1081845,
              30.7722341
            ],
            [
              104.1097522,
              30.7743439
            ],
            [
              104.1113198,
              30.776457
            ],
            [
              104.1125181,
              30.7780502
            ],
            [
              104.1127258,
              30.7783315
            ],
            [
              104.1129737,
              30.7786671
            ],
            [
              104.113296,
              30.7791034
            ],
            [
              104.1142311,
              30.7803793
            ],
            [
              104.1152604,
              30.7817902
            ],
            [
              104.1158183,
              30.7825261
            ],
            [
              104.1166984,
              30.7837176
            ],
            [
              104.1178456,
              30.7852634
            ],
            [
              104.1189889,
              30.7868295
            ],
            [
              104.119319,
              30.7873324
            ],
            [
              104.1194879,
              30.7876261
            ],
            [
              104.1202542,
              30.7891826
            ],
            [
              104.120347,
              30.7893869
            ],
            [
              104.1209767,
              30.7907865
            ],
            [
              104.1213192,
              30.7915806
            ],
            [
              104.121413,
              30.7917876
            ],
            [
              104.1221281,
              30.7933603
            ],
            [
              104.1229139,
              30.7950478
            ],
            [
              104.1241161,
              30.7977342
            ],
            [
              104.124772,
              30.7992545
            ],
            [
              104.1248367,
              30.799405
            ],
            [
              104.1248979,
              30.7995465
            ],
            [
              104.1260295,
              30.8020302
            ],
            [
              104.1266856,
              30.8035117
            ],
            [
              104.1272071,
              30.8046849
            ],
            [
              104.127467,
              30.8052677
            ],
            [
              104.127832,
              30.8060879
            ],
            [
              104.1290835,
              30.8089719
            ],
            [
              104.1297126,
              30.8103997
            ],
            [
              104.1298765,
              30.8107716
            ],
            [
              104.1299195,
              30.810869
            ],
            [
              104.1307134,
              30.8126499
            ],
            [
              104.1323219,
              30.8162327
            ],
            [
              104.1335235,
              30.8189263
            ],
            [
              104.1351442,
              30.8224719
            ],
            [
              104.1355632,
              30.8234191
            ],
            [
              104.1359714,
              30.8243511
            ],
            [
              104.1362656,
              30.8249206
            ],
            [
              104.1366625,
              30.8256425
            ],
            [
              104.1368009,
              30.8258963
            ],
            [
              104.1372089,
              30.826645
            ],
            [
              104.1382636,
              30.8284962
            ],
            [
              104.1390517,
              30.8299398
            ],
            [
              104.1390843,
              30.8299986
            ],
            [
              104.1396338,
              30.8309923
            ],
            [
              104.1401189,
              30.8318783
            ],
            [
              104.1422088,
              30.8355196
            ],
            [
              104.1430844,
              30.8371285
            ],
            [
              104.1438319,
              30.8385302
            ],
            [
              104.1439527,
              30.8387624
            ],
            [
              104.1441021,
              30.8390315
            ],
            [
              104.1441467,
              30.839112
            ],
            [
              104.1443244,
              30.839426
            ],
            [
              104.144431,
              30.8396146
            ],
            [
              104.1446511,
              30.8400036
            ],
            [
              104.1454531,
              30.8414083
            ],
            [
              104.1456647,
              30.8418109
            ],
            [
              104.1460163,
              30.8424861
            ],
            [
              104.1461532,
              30.8427637
            ],
            [
              104.146358,
              30.8432527
            ],
            [
              104.1465797,
              30.8438645
            ],
            [
              104.1467606,
              30.8443302
            ],
            [
              104.1474724,
              30.8461737
            ],
            [
              104.1480681,
              30.8477658
            ],
            [
              104.1484999,
              30.8488962
            ],
            [
              104.1488149,
              30.8497105
            ],
            [
              104.1492594,
              30.8508896
            ],
            [
              104.1495948,
              30.8517831
            ],
            [
              104.1498293,
              30.8524112
            ],
            [
              104.1499494,
              30.8527471
            ],
            [
              104.1499956,
              30.8528688
            ],
            [
              104.1500912,
              30.8530883
            ],
            [
              104.150277,
              30.8534474
            ],
            [
              104.1504116,
              30.8537179
            ],
            [
              104.1506119,
              30.8540749
            ],
            [
              104.1509169,
              30.8545828
            ],
            [
              104.1511233,
              30.8549081
            ],
            [
              104.1514006,
              30.8552599
            ],
            [
              104.1518936,
              30.8558629
            ],
            [
              104.1522171,
              30.8561936
            ],
            [
              104.1525622,
              30.8565427
            ],
            [
              104.1535553,
              30.8574784
            ],
            [
              104.1546472,
              30.8585033
            ],
            [
              104.1581834,
              30.8618059
            ],
            [
              104.1603544,
              30.8638717
            ],
            [
              104.1615218,
              30.8649749
            ],
            [
              104.1618896,
              30.8653237
            ],
            [
              104.163035,
              30.866378
            ],
            [
              104.1636742,
              30.8669721
            ],
            [
              104.1642683,
              30.8675129
            ],
            [
              104.1647505,
              30.8678876
            ],
            [
              104.1652564,
              30.8682641
            ],
            [
              104.1659377,
              30.8687052
            ],
            [
              104.1796453,
              30.8771204
            ],
            [
              104.1824369,
              30.8788273
            ],
            [
              104.1866615,
              30.8814105
            ],
            [
              104.1897394,
              30.8832924
            ],
            [
              104.1902935,
              30.8836674
            ],
            [
              104.1908108,
              30.8840813
            ],
            [
              104.1911569,
              30.8844017
            ],
            [
              104.1915808,
              30.8848623
            ],
            [
              104.1919892,
              30.8853596
            ],
            [
              104.1932756,
              30.886991
            ],
            [
              104.1939063,
              30.8877322
            ],
            [
              104.194248,
              30.8881135
            ],
            [
              104.1946581,
              30.88854
            ],
            [
              104.1951428,
              30.8890279
            ],
            [
              104.1959164,
              30.8899024
            ],
            [
              104.1960079,
              30.8900182
            ],
            [
              104.1991633,
              30.8940438
            ],
            [
              104.1992435,
              30.8941462
            ],
            [
              104.1997562,
              30.8947962
            ],
            [
              104.1998624,
              30.8949329
            ],
            [
              104.2001834,
              30.8953371
            ],
            [
              104.2009985,
              30.8963834
            ],
            [
              104.2011024,
              30.8965142
            ],
            [
              104.2056263,
              30.9022922
            ],
            [
              104.2062267,
              30.9030491
            ],
            [
              104.2078939,
              30.9051138
            ],
            [
              104.2084343,
              30.9058072
            ],
            [
              104.2085336,
              30.9059281
            ],
            [
              104.2087636,
              30.9062234
            ],
            [
              104.2094642,
              30.9071002
            ],
            [
              104.2103628,
              30.9082762
            ],
            [
              104.2203824,
              30.9210811
            ],
            [
              104.2208728,
              30.9216807
            ],
            [
              104.2213471,
              30.9222042
            ],
            [
              104.2218419,
              30.9226853
            ],
            [
              104.2223287,
              30.923118
            ],
            [
              104.2230238,
              30.9237018
            ],
            [
              104.2341581,
              30.932691
            ],
            [
              104.2374286,
              30.9353781
            ],
            [
              104.2382721,
              30.9360813
            ],
            [
              104.2389988,
              30.9369131
            ],
            [
              104.2394342,
              30.9375162
            ],
            [
              104.2433579,
              30.9451334
            ],
            [
              104.2435296,
              30.9454721
            ],
            [
              104.2436718,
              30.9457526
            ],
            [
              104.2445566,
              30.9474251
            ],
            [
              104.2457815,
              30.9497973
            ],
            [
              104.2458094,
              30.9498514
            ],
            [
              104.2466438,
              30.951448
            ],
            [
              104.2488823,
              30.9557773
            ],
            [
              104.2490426,
              30.9560897
            ],
            [
              104.2524367,
              30.9627383
            ],
            [
              104.2528212,
              30.9634468
            ],
            [
              104.253447,
              30.9645999
            ],
            [
              104.2537958,
              30.9652425
            ],
            [
              104.2546788,
              30.9668694
            ],
            [
              104.2571694,
              30.9721522
            ],
            [
              104.2574531,
              30.972724
            ],
            [
              104.2578091,
              30.9735463
            ],
            [
              104.258016,
              30.9740139
            ],
            [
              104.2584542,
              30.974972
            ],
            [
              104.2587704,
              30.9756343
            ],
            [
              104.2604378,
              30.9792632
            ],
            [
              104.2615232,
              30.9815358
            ],
            [
              104.2623215,
              30.9832032
            ],
            [
              104.2625846,
              30.9840342
            ],
            [
              104.2626468,
              30.9842573
            ],
            [
              104.2627068,
              30.9846291
            ],
            [
              104.2628613,
              30.9857905
            ],
            [
              104.2628975,
              30.9861453
            ],
            [
              104.262911,
              30.9862781
            ],
            [
              104.263092,
              30.988071
            ],
            [
              104.2631255,
              30.9888847
            ],
            [
              104.2631599,
              30.9896148
            ],
            [
              104.2635857,
              30.9934947
            ],
            [
              104.2636101,
              30.9937228
            ],
            [
              104.2636495,
              30.9940463
            ],
            [
              104.2638497,
              30.9951961
            ],
            [
              104.2643842,
              30.999534
            ],
            [
              104.2644316,
              30.9999501
            ],
            [
              104.2644897,
              31.0003335
            ],
            [
              104.264581,
              31.000672
            ],
            [
              104.2646368,
              31.0008771
            ],
            [
              104.2647815,
              31.0012117
            ],
            [
              104.2649692,
              31.0015979
            ],
            [
              104.2651409,
              31.0019014
            ],
            [
              104.2654628,
              31.0024026
            ],
            [
              104.2660207,
              31.0031383
            ],
            [
              104.2693102,
              31.007439
            ],
            [
              104.2694746,
              31.0076462
            ],
            [
              104.2704733,
              31.0089436
            ],
            [
              104.2706123,
              31.0091253
            ],
            [
              104.2719163,
              31.0108287
            ],
            [
              104.2721483,
              31.0111335
            ],
            [
              104.274556,
              31.014296
            ],
            [
              104.2746192,
              31.014379
            ],
            [
              104.2747165,
              31.0145068
            ],
            [
              104.2779298,
              31.0187226
            ],
            [
              104.2798991,
              31.0213262
            ],
            [
              104.2830743,
              31.0254298
            ],
            [
              104.2832996,
              31.0257378
            ],
            [
              104.2862675,
              31.0296318
            ],
            [
              104.2883797,
              31.0323848
            ],
            [
              104.2905042,
              31.0351938
            ],
            [
              104.2906196,
              31.0353483
            ],
            [
              104.2907351,
              31.0355221
            ],
            [
              104.2908691,
              31.0357066
            ],
            [
              104.2910415,
              31.0359725
            ],
            [
              104.2917537,
              31.0371284
            ],
            [
              104.2935186,
              31.0399781
            ],
            [
              104.295638,
              31.0434685
            ],
            [
              104.2974024,
              31.046353
            ],
            [
              104.2975591,
              31.0466101
            ],
            [
              104.2981431,
              31.0475686
            ],
            [
              104.298272,
              31.04778
            ],
            [
              104.3000041,
              31.0506225
            ],
            [
              104.3002203,
              31.0509782
            ],
            [
              104.3014957,
              31.0531239
            ],
            [
              104.3027891,
              31.0552453
            ],
            [
              104.3040779,
              31.0573666
            ],
            [
              104.3052505,
              31.0592759
            ],
            [
              104.3053283,
              31.0593991
            ],
            [
              104.3066517,
              31.061595
            ],
            [
              104.3087648,
              31.0651229
            ],
            [
              104.3090206,
              31.0655463
            ],
            [
              104.3105599,
              31.0680479
            ],
            [
              104.3106642,
              31.0682193
            ],
            [
              104.3189219,
              31.081797
            ],
            [
              104.320162,
              31.083752
            ],
            [
              104.3206682,
              31.0846062
            ],
            [
              104.3208485,
              31.0848957
            ],
            [
              104.321038,
              31.0851772
            ],
            [
              104.3212463,
              31.0854508
            ],
            [
              104.3213691,
              31.0856355
            ],
            [
              104.3215713,
              31.0858723
            ],
            [
              104.3219296,
              31.0862436
            ],
            [
              104.3222395,
              31.0865132
            ],
            [
              104.3225447,
              31.0867509
            ],
            [
              104.3229809,
              31.0870363
            ],
            [
              104.3252322,
              31.0884257
            ],
            [
              104.3254974,
              31.0886021
            ],
            [
              104.3283627,
              31.0903686
            ],
            [
              104.3306937,
              31.0917241
            ],
            [
              104.3334071,
              31.0933137
            ],
            [
              104.3354247,
              31.0944275
            ],
            [
              104.3362492,
              31.0949182
            ],
            [
              104.3369309,
              31.0952827
            ],
            [
              104.3374889,
              31.0955921
            ],
            [
              104.3386003,
              31.0962729
            ],
            [
              104.339037,
              31.0965963
            ],
            [
              104.3398476,
              31.0973173
            ],
            [
              104.3401789,
              31.0977031
            ],
            [
              104.3435776,
              31.1018295
            ],
            [
              104.3490459,
              31.108382
            ],
            [
              104.3574309,
              31.1184541
            ],
            [
              104.3575722,
              31.1186251
            ],
            [
              104.3662964,
              31.129183
            ],
            [
              104.366497,
              31.1294257
            ],
            [
              104.3723094,
              31.1364592
            ],
            [
              104.3730287,
              31.1373173
            ],
            [
              104.3769961,
              31.14205
            ],
            [
              104.3774393,
              31.1425787
            ],
            [
              104.3777989,
              31.1430076
            ],
            [
              104.3796551,
              31.1452525
            ],
            [
              104.3802881,
              31.146437
            ],
            [
              104.3809533,
              31.1487509
            ],
            [
              104.3842109,
              31.160852
            ],
            [
              104.3848188,
              31.1631098
            ],
            [
              104.3853462,
              31.1650904
            ],
            [
              104.3856125,
              31.1660903
            ],
            [
              104.3868454,
              31.1705895
            ],
            [
              104.3871665,
              31.171793
            ],
            [
              104.3884077,
              31.1764566
            ],
            [
              104.3885687,
              31.1770618
            ],
            [
              104.3899709,
              31.1823007
            ],
            [
              104.4003111,
              31.2204375
            ],
            [
              104.400424,
              31.2208538
            ],
            [
              104.4021917,
              31.2273717
            ],
            [
              104.4034674,
              31.2302043
            ],
            [
              104.4040793,
              31.231766
            ],
            [
              104.404271,
              31.23217
            ],
            [
              104.406432,
              31.2367238
            ],
            [
              104.4089838,
              31.2422491
            ],
            [
              104.4093193,
              31.2428866
            ],
            [
              104.4093781,
              31.2429818
            ],
            [
              104.4098293,
              31.2439598
            ],
            [
              104.4110582,
              31.2462701
            ],
            [
              104.4122014,
              31.2473173
            ],
            [
              104.4138043,
              31.2484457
            ],
            [
              104.4184828,
              31.2511129
            ],
            [
              104.4213035,
              31.2529536
            ],
            [
              104.4235466,
              31.2548461
            ],
            [
              104.4241208,
              31.2553631
            ],
            [
              104.4246821,
              31.2560327
            ],
            [
              104.425022,
              31.2566471
            ],
            [
              104.4253222,
              31.2574737
            ],
            [
              104.4266977,
              31.2627375
            ],
            [
              104.4277952,
              31.2663743
            ],
            [
              104.4288351,
              31.2698084
            ],
            [
              104.4292865,
              31.2705193
            ],
            [
              104.4307341,
              31.2718716
            ],
            [
              104.4332769,
              31.27421
            ],
            [
              104.4380198,
              31.2785887
            ],
            [
              104.4430687,
              31.2857393
            ],
            [
              104.4459275,
              31.2899886
            ],
            [
              104.4477866,
              31.292548
            ],
            [
              104.448989,
              31.293675
            ],
            [
              104.4492823,
              31.2938865
            ],
            [
              104.4495377,
              31.2940671
            ],
            [
              104.4551351,
              31.2969302
            ],
            [
              104.4555784,
              31.2971277
            ],
            [
              104.4571871,
              31.297956
            ],
            [
              104.4583594,
              31.2986778
            ],
            [
              104.4609446,
              31.3009632
            ],
            [
              104.4615902,
              31.3013695
            ],
            [
              104.4647137,
              31.3027075
            ],
            [
              104.4669645,
              31.3037518
            ],
            [
              104.4688964,
              31.3045995
            ],
            [
              104.469374,
              31.3046827
            ],
            [
              104.4699437,
              31.3047155
            ],
            [
              104.4707153,
              31.3047126
            ],
            [
              104.4713346,
              31.3046114
            ],
            [
              104.4721967,
              31.3043027
            ],
            [
              104.4731166,
              31.3037179
            ],
            [
              104.4744524,
              31.302911
            ],
            [
              104.4747273,
              31.3027478
            ],
            [
              104.4750961,
              31.3025122
            ],
            [
              104.4759384,
              31.3018109
            ],
            [
              104.4764668,
              31.3013251
            ],
            [
              104.4776805,
              31.3003368
            ],
            [
              104.4780185,
              31.3000481
            ],
            [
              104.4785106,
              31.2997116
            ],
            [
              104.4789452,
              31.2994229
            ],
            [
              104.4794293,
              31.2991267
            ],
            [
              104.4803989,
              31.2985657
            ],
            [
              104.4814624,
              31.2979579
            ],
            [
              104.4829966,
              31.2971328
            ],
            [
              104.4838871,
              31.2966423
            ],
            [
              104.4844665,
              31.2963077
            ],
            [
              104.4851569,
              31.2958888
            ],
            [
              104.4861639,
              31.2952446
            ],
            [
              104.4867969,
              31.2947862
            ],
            [
              104.4871685,
              31.2944907
            ],
            [
              104.4875441,
              31.2942431
            ],
            [
              104.4878659,
              31.2940277
            ],
            [
              104.4881894,
              31.2938232
            ],
            [
              104.4887848,
              31.293562
            ],
            [
              104.4892247,
              31.2934107
            ],
            [
              104.4896217,
              31.2933144
            ],
            [
              104.4900294,
              31.2932594
            ],
            [
              104.4904156,
              31.2932319
            ],
            [
              104.491165,
              31.2932713
            ],
            [
              104.4915781,
              31.2933355
            ],
            [
              104.4921145,
              31.2935051
            ],
            [
              104.4932572,
              31.2939177
            ],
            [
              104.4943032,
              31.2943073
            ],
            [
              104.4949555,
              31.2945301
            ],
            [
              104.4952404,
              31.2946339
            ],
            [
              104.4954818,
              31.2947203
            ],
            [
              104.4961164,
              31.2949582
            ],
            [
              104.4964023,
              31.2950792
            ],
            [
              104.4967564,
              31.295258
            ],
            [
              104.4970981,
              31.2954762
            ],
            [
              104.4973903,
              31.2956992
            ],
            [
              104.4978865,
              31.2962058
            ],
            [
              104.4981187,
              31.296533
            ],
            [
              104.4983732,
              31.2970644
            ],
            [
              104.4984858,
              31.2973486
            ],
            [
              104.4985878,
              31.2977107
            ],
            [
              104.4987702,
              31.2989987
            ],
            [
              104.4989059,
              31.3005735
            ],
            [
              104.4990276,
              31.3014083
            ],
            [
              104.4990519,
              31.3016625
            ],
            [
              104.4991472,
              31.3027536
            ],
            [
              104.499511,
              31.3069179
            ],
            [
              104.5002128,
              31.3134155
            ],
            [
              104.5003711,
              31.3150792
            ],
            [
              104.5005481,
              31.3161653
            ],
            [
              104.5007126,
              31.3166708
            ],
            [
              104.501069,
              31.3173984
            ],
            [
              104.5014606,
              31.3179117
            ],
            [
              104.5019058,
              31.3183333
            ],
            [
              104.5022458,
              31.3186506
            ],
            [
              104.50469,
              31.3207346
            ],
            [
              104.5065246,
              31.3224348
            ],
            [
              104.5085833,
              31.3243687
            ],
            [
              104.509227,
              31.3252028
            ],
            [
              104.5098107,
              31.3264776
            ],
            [
              104.510272,
              31.3279714
            ],
            [
              104.5108793,
              31.3300692
            ],
            [
              104.5118663,
              31.3337807
            ],
            [
              104.5122311,
              31.3349812
            ],
            [
              104.5125851,
              31.3356043
            ],
            [
              104.5131473,
              31.3362192
            ],
            [
              104.5137546,
              31.3366765
            ],
            [
              104.5143876,
              31.3370339
            ],
            [
              104.5152395,
              31.337328
            ],
            [
              104.516602,
              31.3377312
            ],
            [
              104.5220845,
              31.3393074
            ],
            [
              104.5372336,
              31.3438707
            ],
            [
              104.5414178,
              31.3453001
            ],
            [
              104.543864,
              31.3466013
            ],
            [
              104.5487016,
              31.3491103
            ],
            [
              104.5492638,
              31.3494068
            ],
            [
              104.554331,
              31.3520796
            ],
            [
              104.559335,
              31.3548108
            ],
            [
              104.5646565,
              31.3575594
            ],
            [
              104.5708084,
              31.3608217
            ],
            [
              104.5710058,
              31.3609263
            ],
            [
              104.5738833,
              31.3624516
            ],
            [
              104.575847,
              31.363547
            ],
            [
              104.5773122,
              31.364741
            ],
            [
              104.5784709,
              31.365822
            ],
            [
              104.5792906,
              31.3669955
            ],
            [
              104.5800202,
              31.3689925
            ],
            [
              104.58096,
              31.3722344
            ],
            [
              104.5818398,
              31.3745977
            ],
            [
              104.5834105,
              31.3776398
            ],
            [
              104.5837195,
              31.3784769
            ],
            [
              104.584007,
              31.3796173
            ],
            [
              104.584566,
              31.3820046
            ],
            [
              104.5849297,
              31.3837391
            ],
            [
              104.585406,
              31.3850039
            ],
            [
              104.5866892,
              31.3867249
            ],
            [
              104.5895474,
              31.3905175
            ],
            [
              104.5913284,
              31.3926789
            ],
            [
              104.5949933,
              31.3961398
            ],
            [
              104.5978472,
              31.3986674
            ],
            [
              104.6011345,
              31.4008295
            ],
            [
              104.6078036,
              31.4051874
            ],
            [
              104.6099965,
              31.4067634
            ],
            [
              104.6112411,
              31.408027
            ],
            [
              104.61255,
              31.4099499
            ],
            [
              104.6157901,
              31.4153156
            ],
            [
              104.6162193,
              31.4164692
            ],
            [
              104.6163652,
              31.417622
            ],
            [
              104.6164982,
              31.4201315
            ],
            [
              104.6170344,
              31.42414
            ],
            [
              104.6171548,
              31.4245689
            ],
            [
              104.6174945,
              31.4251065
            ],
            [
              104.6181815,
              31.4258912
            ],
            [
              104.6190946,
              31.4265037
            ],
            [
              104.6211545,
              31.4277487
            ],
            [
              104.6233861,
              31.4287924
            ],
            [
              104.6268151,
              31.4301098
            ],
            [
              104.6285531,
              31.4308787
            ],
            [
              104.6293084,
              31.4313923
            ],
            [
              104.6305959,
              31.4325824
            ],
            [
              104.6316645,
              31.4337166
            ],
            [
              104.6330421,
              31.4350724
            ],
            [
              104.6343467,
              31.4356207
            ],
            [
              104.6363895,
              31.4362624
            ],
            [
              104.6376726,
              31.4366826
            ],
            [
              104.6386597,
              31.437122
            ],
            [
              104.6397434,
              31.4378308
            ],
            [
              104.641299,
              31.4391358
            ],
            [
              104.6448953,
              31.4421568
            ],
            [
              104.6458695,
              31.4429986
            ],
            [
              104.6463012,
              31.4433424
            ],
            [
              104.6467327,
              31.4437071
            ],
            [
              104.6471903,
              31.4440076
            ],
            [
              104.6478991,
              31.4444258
            ],
            [
              104.6494143,
              31.4450499
            ],
            [
              104.6514742,
              31.4458371
            ],
            [
              104.6607654,
              31.4495166
            ],
            [
              104.6623146,
              31.4501212
            ],
            [
              104.6633079,
              31.4505088
            ],
            [
              104.6652947,
              31.4512842
            ],
            [
              104.6658035,
              31.451547
            ],
            [
              104.6662728,
              31.4517584
            ],
            [
              104.6667507,
              31.4520468
            ],
            [
              104.6672457,
              31.4524241
            ],
            [
              104.6676322,
              31.4526813
            ],
            [
              104.6684406,
              31.4532191
            ],
            [
              104.6693904,
              31.454103
            ],
            [
              104.6701792,
              31.4551411
            ],
            [
              104.6703556,
              31.4553878
            ],
            [
              104.6708643,
              31.4561581
            ],
            [
              104.6712111,
              31.4569186
            ],
            [
              104.671651,
              31.4583042
            ],
            [
              104.6719774,
              31.4591421
            ],
            [
              104.6723467,
              31.4598946
            ],
            [
              104.6727835,
              31.4606047
            ],
            [
              104.6734914,
              31.4614319
            ],
            [
              104.6738911,
              31.4616986
            ],
            [
              104.6746304,
              31.4622063
            ],
            [
              104.6753131,
              31.462515
            ],
            [
              104.6760033,
              31.4627792
            ],
            [
              104.6769278,
              31.4629813
            ],
            [
              104.6778674,
              31.463063
            ],
            [
              104.6788287,
              31.4630342
            ],
            [
              104.6808999,
              31.4628842
            ],
            [
              104.6832532,
              31.4627068
            ],
            [
              104.6844785,
              31.4626157
            ],
            [
              104.6848285,
              31.4625828
            ],
            [
              104.6863275,
              31.462452
            ],
            [
              104.6890177,
              31.462253
            ],
            [
              104.6912333,
              31.4621157
            ],
            [
              104.6921944,
              31.4621183
            ],
            [
              104.6926024,
              31.4621191
            ],
            [
              104.6990724,
              31.4621016
            ],
            [
              104.7016428,
              31.462047
            ],
            [
              104.7076474,
              31.4619422
            ],
            [
              104.7090036,
              31.4619221
            ],
            [
              104.7107599,
              31.4618985
            ],
            [
              104.7114158,
              31.4619215
            ],
            [
              104.7120823,
              31.4619822
            ],
            [
              104.7172039,
              31.4629499
            ],
            [
              104.7184295,
              31.4631991
            ],
            [
              104.7191177,
              31.463325
            ],
            [
              104.7199993,
              31.4634989
            ],
            [
              104.7211498,
              31.4637245
            ],
            [
              104.7221536,
              31.463967
            ],
            [
              104.722908,
              31.4642308
            ],
            [
              104.7234659,
              31.464468
            ],
            [
              104.7238438,
              31.4646563
            ],
            [
              104.7243823,
              31.4649812
            ],
            [
              104.7252114,
              31.4655589
            ],
            [
              104.7259752,
              31.4662258
            ],
            [
              104.7267915,
              31.4669578
            ],
            [
              104.727328,
              31.467569
            ],
            [
              104.7275497,
              31.4679006
            ],
            [
              104.727703,
              31.4682027
            ],
            [
              104.7278127,
              31.4685309
            ],
            [
              104.727875,
              31.4689157
            ],
            [
              104.7279766,
              31.4695357
            ],
            [
              104.7280581,
              31.4700586
            ],
            [
              104.7281898,
              31.470904
            ],
            [
              104.7287504,
              31.474591
            ],
            [
              104.7290186,
              31.476714
            ],
            [
              104.7293048,
              31.4786303
            ],
            [
              104.7295438,
              31.4803607
            ],
            [
              104.7297624,
              31.4821195
            ],
            [
              104.729817,
              31.4834253
            ],
            [
              104.7297789,
              31.4843776
            ],
            [
              104.729595,
              31.4853285
            ],
            [
              104.7284722,
              31.4877544
            ],
            [
              104.7277598,
              31.4893499
            ],
            [
              104.7273103,
              31.4904435
            ],
            [
              104.7271622,
              31.4911154
            ],
            [
              104.7271475,
              31.4923635
            ],
            [
              104.7271735,
              31.4936688
            ],
            [
              104.7271824,
              31.4941184
            ],
            [
              104.7271239,
              31.4961912
            ],
            [
              104.7271145,
              31.4981839
            ],
            [
              104.7270466,
              31.4996325
            ],
            [
              104.726828,
              31.500835
            ],
            [
              104.7265453,
              31.5022343
            ],
            [
              104.7264421,
              31.502868
            ],
            [
              104.7263063,
              31.5035571
            ],
            [
              104.7260121,
              31.5049884
            ],
            [
              104.7257265,
              31.5064395
            ],
            [
              104.7256066,
              31.5067997
            ],
            [
              104.7252879,
              31.5073781
            ],
            [
              104.7245723,
              31.5084307
            ],
            [
              104.7236547,
              31.5096665
            ],
            [
              104.7227556,
              31.5109672
            ],
            [
              104.7217951,
              31.5123483
            ],
            [
              104.7214824,
              31.5128582
            ],
            [
              104.7213282,
              31.5131553
            ],
            [
              104.7211562,
              31.5136743
            ],
            [
              104.7210736,
              31.5143555
            ],
            [
              104.7211157,
              31.5146834
            ],
            [
              104.7212016,
              31.5150447
            ],
            [
              104.7213947,
              31.5156255
            ],
            [
              104.721495,
              31.5158706
            ],
            [
              104.722967,
              31.5193704
            ],
            [
              104.7239111,
              31.5216843
            ],
            [
              104.7241144,
              31.5224072
            ],
            [
              104.7242754,
              31.5230932
            ],
            [
              104.7242703,
              31.5239238
            ],
            [
              104.7242652,
              31.5243091
            ],
            [
              104.7241793,
              31.5249126
            ],
            [
              104.7240286,
              31.5254984
            ],
            [
              104.7237609,
              31.5261198
            ],
            [
              104.7234984,
              31.5267485
            ],
            [
              104.7229239,
              31.5275747
            ],
            [
              104.7223445,
              31.528288
            ],
            [
              104.7213038,
              31.5293306
            ],
            [
              104.7209945,
              31.5296379
            ],
            [
              104.7209182,
              31.5297138
            ],
            [
              104.7195638,
              31.5310596
            ],
            [
              104.7184814,
              31.5323118
            ],
            [
              104.7180504,
              31.5327962
            ],
            [
              104.7176392,
              31.5335285
            ],
            [
              104.7174714,
              31.53404
            ],
            [
              104.7174016,
              31.5346263
            ],
            [
              104.7174621,
              31.5352439
            ],
            [
              104.7176469,
              31.5358219
            ],
            [
              104.718,
              31.5365953
            ],
            [
              104.7192391,
              31.5378044
            ],
            [
              104.722535,
              31.5404305
            ],
            [
              104.7242263,
              31.5427721
            ],
            [
              104.7247006,
              31.5439952
            ],
            [
              104.7251099,
              31.545551
            ],
            [
              104.7253615,
              31.5468628
            ],
            [
              104.7254541,
              31.5478793
            ],
            [
              104.7253191,
              31.5490344
            ],
            [
              104.7247666,
              31.5519145
            ],
            [
              104.7245095,
              31.5539119
            ],
            [
              104.7244562,
              31.554233
            ],
            [
              104.7241481,
              31.5560904
            ],
            [
              104.7241303,
              31.5561975
            ],
            [
              104.723904,
              31.5575618
            ],
            [
              104.7235027,
              31.5597962
            ],
            [
              104.7230306,
              31.5629775
            ],
            [
              104.7229019,
              31.5640197
            ],
            [
              104.7228435,
              31.5642574
            ],
            [
              104.722329,
              31.5660372
            ],
            [
              104.7215565,
              31.567061
            ],
            [
              104.7207797,
              31.5686991
            ],
            [
              104.7205651,
              31.5702348
            ],
            [
              104.7207423,
              31.5729766
            ],
            [
              104.7210998,
              31.5736822
            ],
            [
              104.7216789,
              31.5744781
            ],
            [
              104.7225641,
              31.5750479
            ],
            [
              104.7241025,
              31.5759181
            ],
            [
              104.7257788,
              31.5768318
            ],
            [
              104.7263249,
              31.5771559
            ],
            [
              104.7271731,
              31.5775683
            ],
            [
              104.7279142,
              31.5781414
            ],
            [
              104.7284686,
              31.5787622
            ],
            [
              104.7287862,
              31.5792875
            ],
            [
              104.729272,
              31.581118
            ],
            [
              104.7297142,
              31.5827204
            ],
            [
              104.7300506,
              31.5832563
            ],
            [
              104.7305855,
              31.584036
            ],
            [
              104.730704,
              31.5842087
            ],
            [
              104.7311717,
              31.5848904
            ],
            [
              104.7318505,
              31.5863176
            ],
            [
              104.7321433,
              31.5881109
            ],
            [
              104.7326851,
              31.5918035
            ],
            [
              104.7326914,
              31.5924083
            ],
            [
              104.7323363,
              31.5945144
            ],
            [
              104.7322429,
              31.5954375
            ],
            [
              104.732299,
              31.5962598
            ],
            [
              104.732573,
              31.5981165
            ],
            [
              104.7326228,
              31.6036754
            ],
            [
              104.7327599,
              31.6045878
            ],
            [
              104.7330713,
              31.6053304
            ],
            [
              104.7344664,
              31.6073885
            ],
            [
              104.7349024,
              31.6084812
            ],
            [
              104.7349186,
              31.6096406
            ],
            [
              104.734701,
              31.6106137
            ],
            [
              104.734118,
              31.611759
            ],
            [
              104.7284083,
              31.6216593
            ],
            [
              104.7280688,
              31.6221697
            ],
            [
              104.7276359,
              31.6226642
            ],
            [
              104.7251628,
              31.6243406
            ],
            [
              104.7248222,
              31.6246101
            ],
            [
              104.7244869,
              31.6250029
            ],
            [
              104.7242408,
              31.6253388
            ],
            [
              104.7240859,
              31.6256929
            ],
            [
              104.7226904,
              31.6300085
            ],
            [
              104.7209193,
              31.6355998
            ],
            [
              104.7201856,
              31.6371937
            ],
            [
              104.7187221,
              31.6394373
            ],
            [
              104.7181843,
              31.6402618
            ],
            [
              104.7178161,
              31.6409681
            ],
            [
              104.7174421,
              31.6422903
            ],
            [
              104.7173384,
              31.6435719
            ],
            [
              104.7173831,
              31.6460356
            ],
            [
              104.7173055,
              31.6469062
            ],
            [
              104.7172795,
              31.647198
            ],
            [
              104.71651,
              31.6522571
            ],
            [
              104.7163769,
              31.6532336
            ],
            [
              104.7164408,
              31.6550548
            ],
            [
              104.716542,
              31.6610018
            ],
            [
              104.7165014,
              31.662192
            ],
            [
              104.7164263,
              31.6626577
            ],
            [
              104.7162088,
              31.6634585
            ],
            [
              104.7153897,
              31.6655721
            ],
            [
              104.7148974,
              31.6666803
            ],
            [
              104.7124601,
              31.6696609
            ],
            [
              104.7121805,
              31.6701272
            ],
            [
              104.7119415,
              31.6706739
            ],
            [
              104.7119265,
              31.6714603
            ],
            [
              104.7120298,
              31.6723773
            ],
            [
              104.7124129,
              31.6731775
            ],
            [
              104.7129591,
              31.6739066
            ],
            [
              104.7140103,
              31.6750179
            ],
            [
              104.7143729,
              31.6757512
            ],
            [
              104.7146307,
              31.6765192
            ],
            [
              104.7150315,
              31.6775415
            ],
            [
              104.7157612,
              31.6796662
            ],
            [
              104.7159181,
              31.6806061
            ],
            [
              104.7159076,
              31.6815776
            ],
            [
              104.7157512,
              31.6824039
            ],
            [
              104.715451,
              31.6832525
            ],
            [
              104.7145232,
              31.684786
            ],
            [
              104.7143946,
              31.6849986
            ],
            [
              104.7131009,
              31.6869972
            ],
            [
              104.7127329,
              31.6878183
            ],
            [
              104.7094648,
              31.7005541
            ],
            [
              104.7093313,
              31.7013986
            ],
            [
              104.7093313,
              31.7019378
            ],
            [
              104.7095344,
              31.7026291
            ],
            [
              104.7098143,
              31.7031604
            ],
            [
              104.7104149,
              31.7041632
            ],
            [
              104.7113309,
              31.7049741
            ],
            [
              104.7118342,
              31.7053053
            ],
            [
              104.7123766,
              31.7056099
            ],
            [
              104.7131013,
              31.705897
            ],
            [
              104.7163804,
              31.7069567
            ],
            [
              104.7171037,
              31.7071737
            ],
            [
              104.7180264,
              31.7073483
            ],
            [
              104.7203841,
              31.70769
            ],
            [
              104.7215315,
              31.7080189
            ],
            [
              104.7235622,
              31.7090766
            ],
            [
              104.7247445,
              31.7094537
            ],
            [
              104.7259021,
              31.7099147
            ],
            [
              104.7287459,
              31.7117863
            ],
            [
              104.732025,
              31.7141384
            ],
            [
              104.7339065,
              31.7149625
            ],
            [
              104.735311,
              31.715572
            ],
            [
              104.7359946,
              31.7158059
            ],
            [
              104.7372863,
              31.7161312
            ],
            [
              104.7379311,
              31.716336
            ],
            [
              104.7385356,
              31.7166303
            ],
            [
              104.7389878,
              31.7169576
            ],
            [
              104.739283,
              31.7172205
            ],
            [
              104.7395297,
              31.7174696
            ],
            [
              104.739845,
              31.7178718
            ],
            [
              104.7401121,
              31.718424
            ],
            [
              104.7402336,
              31.718849
            ],
            [
              104.7408348,
              31.7222316
            ],
            [
              104.7409145,
              31.7227634
            ],
            [
              104.7416716,
              31.7278166
            ],
            [
              104.7451001,
              31.7420048
            ],
            [
              104.745155,
              31.7422366
            ],
            [
              104.7456082,
              31.7441075
            ],
            [
              104.7460669,
              31.7461666
            ],
            [
              104.7467845,
              31.7484357
            ],
            [
              104.7475926,
              31.7505594
            ],
            [
              104.7482049,
              31.7520031
            ],
            [
              104.7489815,
              31.7535829
            ],
            [
              104.7494463,
              31.754403
            ],
            [
              104.7513183,
              31.7575059
            ],
            [
              104.7531589,
              31.7601764
            ],
            [
              104.7533143,
              31.7604019
            ],
            [
              104.7571938,
              31.7660687
            ],
            [
              104.7573454,
              31.7662865
            ],
            [
              104.7639295,
              31.7756261
            ],
            [
              104.7641371,
              31.7759205
            ],
            [
              104.7643594,
              31.7762363
            ],
            [
              104.7650874,
              31.7772706
            ],
            [
              104.7653494,
              31.777663
            ],
            [
              104.7664689,
              31.7793997
            ],
            [
              104.7697203,
              31.7844436
            ],
            [
              104.7699947,
              31.7849076
            ],
            [
              104.7706807,
              31.7861289
            ],
            [
              104.7716273,
              31.7878141
            ],
            [
              104.7720984,
              31.7886527
            ],
            [
              104.772196,
              31.7888265
            ],
            [
              104.7725911,
              31.7895298
            ],
            [
              104.7727059,
              31.7897343
            ],
            [
              104.7731924,
              31.7906004
            ],
            [
              104.7734398,
              31.7910173
            ],
            [
              104.7737151,
              31.7914347
            ],
            [
              104.7791373,
              31.7992913
            ],
            [
              104.7793289,
              31.7995689
            ],
            [
              104.779683,
              31.8000819
            ],
            [
              104.779979,
              31.8005108
            ],
            [
              104.7804099,
              31.8011351
            ],
            [
              104.7807231,
              31.8015888
            ],
            [
              104.7809428,
              31.8018799
            ],
            [
              104.7811974,
              31.802166
            ],
            [
              104.7814696,
              31.8024446
            ],
            [
              104.7820726,
              31.8030043
            ],
            [
              104.7823155,
              31.8032307
            ],
            [
              104.7823968,
              31.8033052
            ],
            [
              104.7868221,
              31.8073631
            ],
            [
              104.7870602,
              31.8075925
            ],
            [
              104.7872646,
              31.8078233
            ],
            [
              104.7874227,
              31.808038
            ],
            [
              104.7875889,
              31.808318
            ],
            [
              104.7877252,
              31.8086156
            ],
            [
              104.7878389,
              31.8089389
            ],
            [
              104.7879368,
              31.8093279
            ],
            [
              104.7880019,
              31.8097284
            ],
            [
              104.7880329,
              31.8099975
            ],
            [
              104.7883923,
              31.8143457
            ],
            [
              104.7884077,
              31.8147157
            ],
            [
              104.7883648,
              31.8152445
            ],
            [
              104.7882208,
              31.8157177
            ],
            [
              104.7879263,
              31.8163486
            ],
            [
              104.7876835,
              31.8166986
            ],
            [
              104.7873348,
              31.8171014
            ],
            [
              104.786895,
              31.8174441
            ],
            [
              104.7861868,
              31.817845
            ],
            [
              104.7848564,
              31.818588
            ],
            [
              104.7842154,
              31.8190256
            ],
            [
              104.7836697,
              31.8196165
            ],
            [
              104.7833035,
              31.8202622
            ],
            [
              104.7830897,
              31.8209879
            ],
            [
              104.7830307,
              31.8215945
            ],
            [
              104.7830393,
              31.8220894
            ],
            [
              104.7832698,
              31.8227986
            ],
            [
              104.7836047,
              31.823474
            ],
            [
              104.7840669,
              31.8240133
            ],
            [
              104.7844921,
              31.8243955
            ],
            [
              104.7850581,
              31.8246582
            ],
            [
              104.7857976,
              31.8249068
            ],
            [
              104.7864072,
              31.825081
            ],
            [
              104.7868444,
              31.8251376
            ],
            [
              104.7879193,
              31.8252057
            ],
            [
              104.7898064,
              31.8252776
            ],
            [
              104.7905377,
              31.82531
            ],
            [
              104.7910031,
              31.8253468
            ],
            [
              104.7915503,
              31.8254373
            ],
            [
              104.792149,
              31.8255907
            ],
            [
              104.7927512,
              31.8257764
            ],
            [
              104.7934078,
              31.8260517
            ],
            [
              104.7939994,
              31.8263782
            ],
            [
              104.7946375,
              31.8268652
            ],
            [
              104.7958354,
              31.8278836
            ],
            [
              104.7973354,
              31.8291764
            ],
            [
              104.798825,
              31.830475
            ],
            [
              104.7993909,
              31.8310731
            ],
            [
              104.7997064,
              31.8314752
            ],
            [
              104.7999211,
              31.8318434
            ],
            [
              104.800374,
              31.8326042
            ],
            [
              104.8007252,
              31.8332797
            ],
            [
              104.8010609,
              31.8338422
            ],
            [
              104.801353,
              31.8341831
            ],
            [
              104.8016365,
              31.8344446
            ],
            [
              104.8021048,
              31.83477
            ],
            [
              104.8025185,
              31.8350104
            ],
            [
              104.8030346,
              31.835232
            ],
            [
              104.8034403,
              31.8353558
            ],
            [
              104.803921,
              31.8354442
            ],
            [
              104.8053191,
              31.835664
            ],
            [
              104.807074,
              31.8359271
            ],
            [
              104.807991,
              31.8361223
            ],
            [
              104.8089491,
              31.836405
            ],
            [
              104.8095706,
              31.8366329
            ],
            [
              104.8102271,
              31.8369298
            ],
            [
              104.8152515,
              31.8396282
            ],
            [
              104.8156943,
              31.8398628
            ],
            [
              104.8200468,
              31.8421919
            ],
            [
              104.8209918,
              31.8426181
            ],
            [
              104.824701,
              31.8442478
            ],
            [
              104.8286541,
              31.8459505
            ],
            [
              104.8298631,
              31.846419
            ],
            [
              104.8308071,
              31.846729
            ],
            [
              104.8314474,
              31.8469388
            ],
            [
              104.8320512,
              31.8471458
            ],
            [
              104.8327464,
              31.8474219
            ],
            [
              104.8332825,
              31.8476441
            ],
            [
              104.8340549,
              31.8479966
            ],
            [
              104.8348111,
              31.8483416
            ],
            [
              104.8397212,
              31.8501895
            ],
            [
              104.8401916,
              31.8503549
            ],
            [
              104.8408804,
              31.850508
            ],
            [
              104.841522,
              31.85057
            ],
            [
              104.8420885,
              31.8505463
            ],
            [
              104.8427537,
              31.8504825
            ],
            [
              104.8436849,
              31.8503841
            ],
            [
              104.8455775,
              31.8503586
            ],
            [
              104.8462813,
              31.8503932
            ],
            [
              104.8466483,
              31.850437
            ],
            [
              104.8501137,
              31.8508853
            ],
            [
              104.8507338,
              31.850971
            ],
            [
              104.8513217,
              31.8510785
            ],
            [
              104.8518989,
              31.851208
            ],
            [
              104.8524847,
              31.8514103
            ],
            [
              104.8542121,
              31.8521521
            ],
            [
              104.8557892,
              31.8528137
            ],
            [
              104.8575015,
              31.8535391
            ],
            [
              104.8593941,
              31.8543392
            ],
            [
              104.8615184,
              31.8552396
            ],
            [
              104.8643325,
              31.8564189
            ],
            [
              104.8653858,
              31.8568681
            ],
            [
              104.8660026,
              31.8571337
            ],
            [
              104.8664512,
              31.8573805
            ],
            [
              104.8669007,
              31.8577086
            ],
            [
              104.8672532,
              31.8580635
            ],
            [
              104.8675436,
              31.8584053
            ],
            [
              104.8677864,
              31.858767
            ],
            [
              104.8679551,
              31.859142
            ],
            [
              104.8680779,
              31.8595573
            ],
            [
              104.8682852,
              31.8605865
            ],
            [
              104.8684026,
              31.8611667
            ],
            [
              104.8684824,
              31.8614674
            ],
            [
              104.8686041,
              31.8617813
            ],
            [
              104.8687795,
              31.862098
            ],
            [
              104.8690461,
              31.862424
            ],
            [
              104.8693845,
              31.862756
            ],
            [
              104.8697197,
              31.8630059
            ],
            [
              104.8700906,
              31.8631991
            ],
            [
              104.8711947,
              31.8636085
            ],
            [
              104.8717857,
              31.8638073
            ],
            [
              104.8815343,
              31.8672408
            ],
            [
              104.8823048,
              31.8675085
            ],
            [
              104.882882,
              31.8676816
            ],
            [
              104.8835858,
              31.8678511
            ],
            [
              104.8889352,
              31.8688315
            ],
            [
              104.88983,
              31.8689955
            ],
            [
              104.8904351,
              31.8691413
            ],
            [
              104.8910016,
              31.8693199
            ],
            [
              104.8956193,
              31.8707431
            ],
            [
              104.9025501,
              31.8728915
            ],
            [
              104.9127683,
              31.8757287
            ],
            [
              104.9141121,
              31.8760993
            ],
            [
              104.9143168,
              31.8761423
            ],
            [
              104.9154586,
              31.8763824
            ],
            [
              104.9163651,
              31.8764871
            ],
            [
              104.9166763,
              31.8765145
            ],
            [
              104.9169445,
              31.876519
            ],
            [
              104.9187791,
              31.876519
            ],
            [
              104.9190742,
              31.876519
            ],
            [
              104.9246156,
              31.8764142
            ],
            [
              104.9252111,
              31.8764051
            ],
            [
              104.9254078,
              31.8764099
            ],
            [
              104.9256039,
              31.8764242
            ],
            [
              104.9257987,
              31.876448
            ],
            [
              104.9259916,
              31.8764811
            ],
            [
              104.926182,
              31.8765236
            ],
            [
              104.9263685,
              31.8765749
            ],
            [
              104.9265513,
              31.8766352
            ],
            [
              104.9267297,
              31.8767041
            ],
            [
              104.9269033,
              31.8767816
            ],
            [
              104.9270714,
              31.8768673
            ],
            [
              104.9272335,
              31.8769609
            ],
            [
              104.9273568,
              31.8770429
            ],
            [
              104.9276841,
              31.8773117
            ],
            [
              104.9285424,
              31.8780997
            ],
            [
              104.9294811,
              31.8789607
            ],
            [
              104.9321258,
              31.8813613
            ],
            [
              104.9327052,
              31.8818214
            ],
            [
              104.933196,
              31.8821357
            ],
            [
              104.933534,
              31.8823452
            ],
            [
              104.9354593,
              31.8835431
            ],
            [
              104.9406016,
              31.8867954
            ],
            [
              104.9413848,
              31.8872008
            ],
            [
              104.9419266,
              31.8874422
            ],
            [
              104.942286,
              31.8875561
            ],
            [
              104.9430907,
              31.8877747
            ],
            [
              104.9434715,
              31.8878749
            ],
            [
              104.9461591,
              31.8885764
            ],
            [
              104.949428,
              31.8894256
            ],
            [
              104.95387,
              31.8906297
            ],
            [
              104.9544576,
              31.8907594
            ],
            [
              104.9549911,
              31.8908337
            ],
            [
              104.9556173,
              31.8908852
            ],
            [
              104.9562721,
              31.8908774
            ],
            [
              104.9568257,
              31.890831
            ],
            [
              104.95738,
              31.890746
            ],
            [
              104.9578526,
              31.8906165
            ],
            [
              104.9583381,
              31.8904651
            ],
            [
              104.9589759,
              31.8901739
            ],
            [
              104.9627237,
              31.8883654
            ],
            [
              104.9636219,
              31.8881597
            ],
            [
              104.9644959,
              31.8881705
            ],
            [
              104.9649936,
              31.888212
            ],
            [
              104.965521,
              31.8883493
            ],
            [
              104.966153,
              31.8886816
            ],
            [
              104.9664598,
              31.8888861
            ],
            [
              104.9667264,
              31.8891211
            ],
            [
              104.9670836,
              31.8895933
            ],
            [
              104.9679899,
              31.8914399
            ],
            [
              104.9685589,
              31.8924623
            ],
            [
              104.9688726,
              31.8929107
            ],
            [
              104.9691849,
              31.8932396
            ],
            [
              104.9695762,
              31.8935718
            ],
            [
              104.9701162,
              31.8938642
            ],
            [
              104.9706796,
              31.8940502
            ],
            [
              104.9713346,
              31.894117
            ],
            [
              104.9718143,
              31.8941499
            ],
            [
              104.9722056,
              31.8941034
            ],
            [
              104.9757949,
              31.8936731
            ],
            [
              104.9764865,
              31.8935354
            ],
            [
              104.977473,
              31.8933755
            ],
            [
              104.9783191,
              31.8930769
            ],
            [
              104.9793746,
              31.8925583
            ],
            [
              104.9801415,
              31.8920268
            ],
            [
              104.9810293,
              31.8911729
            ],
            [
              104.985066,
              31.8858706
            ],
            [
              104.9857055,
              31.8851165
            ],
            [
              104.9862694,
              31.8845981
            ],
            [
              104.9869219,
              31.8842724
            ],
            [
              104.9882366,
              31.8838073
            ],
            [
              104.9889085,
              31.8835639
            ],
            [
              104.9904398,
              31.8830748
            ],
            [
              104.991159,
              31.8829485
            ],
            [
              104.9917151,
              31.8829424
            ],
            [
              104.9920893,
              31.8830072
            ],
            [
              104.9924689,
              31.8831021
            ],
            [
              104.9929333,
              31.883277
            ],
            [
              104.9933864,
              31.8835374
            ],
            [
              104.9937653,
              31.8838151
            ],
            [
              104.9963058,
              31.8858608
            ],
            [
              104.9967108,
              31.8863014
            ],
            [
              104.9969112,
              31.8865855
            ],
            [
              104.9970471,
              31.8868401
            ],
            [
              104.9972492,
              31.8872382
            ],
            [
              104.9974585,
              31.8877773
            ],
            [
              104.997671,
              31.8883875
            ],
            [
              104.9980536,
              31.889362
            ],
            [
              104.9982849,
              31.8897457
            ],
            [
              104.9984834,
              31.8900267
            ],
            [
              104.9987839,
              31.8903338
            ],
            [
              104.9990911,
              31.8906261
            ],
            [
              104.9993879,
              31.890796
            ],
            [
              104.9995465,
              31.8908975
            ],
            [
              104.9997456,
              31.8910146
            ],
            [
              105.0000976,
              31.891181
            ],
            [
              105.000407,
              31.891283
            ],
            [
              105.0028932,
              31.892172
            ],
            [
              105.003655,
              31.8924615
            ],
            [
              105.0075361,
              31.893853
            ],
            [
              105.0100145,
              31.8947502
            ],
            [
              105.0107843,
              31.8950599
            ],
            [
              105.0115621,
              31.8954812
            ],
            [
              105.0122766,
              31.8958887
            ],
            [
              105.012602,
              31.8960743
            ],
            [
              105.0131473,
              31.8963853
            ],
            [
              105.0136864,
              31.8966881
            ],
            [
              105.0142765,
              31.8970479
            ],
            [
              105.0147003,
              31.8973895
            ],
            [
              105.0150034,
              31.8976946
            ],
            [
              105.015285,
              31.898084
            ],
            [
              105.0154781,
              31.8984598
            ],
            [
              105.0156122,
              31.8989402
            ],
            [
              105.0156444,
              31.899357
            ],
            [
              105.015623,
              31.8996325
            ],
            [
              105.0155559,
              31.9000128
            ],
            [
              105.0154111,
              31.9004363
            ],
            [
              105.0149631,
              31.901691
            ],
            [
              105.0147593,
              31.9022329
            ],
            [
              105.0146171,
              31.9025472
            ],
            [
              105.0143516,
              31.9029343
            ],
            [
              105.0134853,
              31.9039794
            ],
            [
              105.0132439,
              31.9043483
            ],
            [
              105.013032,
              31.9047923
            ],
            [
              105.0126886,
              31.9059969
            ],
            [
              105.012584,
              31.9064135
            ],
            [
              105.0125197,
              31.9068393
            ],
            [
              105.012517,
              31.9075338
            ],
            [
              105.0125948,
              31.9080256
            ],
            [
              105.012812,
              31.9091937
            ],
            [
              105.012899,
              31.9094768
            ],
            [
              105.0132108,
              31.9102131
            ],
            [
              105.0139965,
              31.9110783
            ],
            [
              105.0148884,
              31.9121238
            ],
            [
              105.0150913,
              31.9123878
            ],
            [
              105.0153047,
              31.9127163
            ],
            [
              105.0154428,
              31.9131065
            ],
            [
              105.0156337,
              31.9139696
            ],
            [
              105.015813,
              31.9144197
            ],
            [
              105.0160115,
              31.9147929
            ],
            [
              105.0163633,
              31.9152017
            ],
            [
              105.0165482,
              31.9153809
            ],
            [
              105.0168098,
              31.9155458
            ],
            [
              105.017011,
              31.9156628
            ],
            [
              105.01733,
              31.9158036
            ],
            [
              105.0193993,
              31.9166932
            ],
            [
              105.0197954,
              31.9169041
            ],
            [
              105.0201447,
              31.9171388
            ],
            [
              105.0204548,
              31.9174226
            ],
            [
              105.0215494,
              31.9187275
            ],
            [
              105.0234108,
              31.920925
            ],
            [
              105.0239699,
              31.9216552
            ],
            [
              105.0242006,
              31.9221448
            ],
            [
              105.0244058,
              31.9230257
            ],
            [
              105.0245663,
              31.9236471
            ],
            [
              105.0248542,
              31.9242685
            ],
            [
              105.0253531,
              31.9247925
            ],
            [
              105.0259368,
              31.9252324
            ],
            [
              105.0269237,
              31.9255534
            ],
            [
              105.0279135,
              31.9257461
            ],
            [
              105.0298052,
              31.9261397
            ],
            [
              105.0310228,
              31.9263744
            ],
            [
              105.0322253,
              31.9267051
            ],
            [
              105.0328124,
              31.9268105
            ],
            [
              105.0333146,
              31.927096
            ],
            [
              105.0337755,
              31.9274027
            ],
            [
              105.0342117,
              31.9278662
            ],
            [
              105.0345648,
              31.9284384
            ],
            [
              105.0358011,
              31.9307254
            ],
            [
              105.0363692,
              31.9318528
            ],
            [
              105.0369137,
              31.9328345
            ],
            [
              105.0373201,
              31.9334701
            ],
            [
              105.0376265,
              31.9338391
            ],
            [
              105.0380296,
              31.9342154
            ],
            [
              105.0383336,
              31.934469
            ],
            [
              105.0405297,
              31.9359363
            ],
            [
              105.0406818,
              31.936053
            ],
            [
              105.0413745,
              31.9365586
            ],
            [
              105.0419514,
              31.9371097
            ],
            [
              105.0423209,
              31.937597
            ],
            [
              105.0425637,
              31.9380024
            ],
            [
              105.0427962,
              31.9385085
            ],
            [
              105.0429004,
              31.9388848
            ],
            [
              105.0430482,
              31.9396376
            ],
            [
              105.0432994,
              31.941804
            ],
            [
              105.0433889,
              31.9424268
            ],
            [
              105.0435836,
              31.9430002
            ],
            [
              105.0438293,
              31.9433994
            ],
            [
              105.0442937,
              31.9438572
            ],
            [
              105.0448157,
              31.9442003
            ],
            [
              105.0453565,
              31.9444353
            ],
            [
              105.0459099,
              31.9446396
            ],
            [
              105.0462373,
              31.9447404
            ],
            [
              105.0490729,
              31.9457288
            ],
            [
              105.0498341,
              31.946
            ],
            [
              105.0506768,
              31.9462875
            ],
            [
              105.0514474,
              31.946593
            ],
            [
              105.0521277,
              31.9469308
            ],
            [
              105.0528608,
              31.9473907
            ],
            [
              105.0533519,
              31.9477883
            ],
            [
              105.0538126,
              31.9482165
            ],
            [
              105.0540848,
              31.9485381
            ],
            [
              105.054387,
              31.9489462
            ],
            [
              105.0547232,
              31.9494599
            ],
            [
              105.0550108,
              31.9501245
            ],
            [
              105.0550359,
              31.9501794
            ],
            [
              105.058144,
              31.9569659
            ],
            [
              105.0596573,
              31.960353
            ],
            [
              105.0599555,
              31.9610991
            ],
            [
              105.0600937,
              31.9615437
            ],
            [
              105.0602535,
              31.9621969
            ],
            [
              105.0610103,
              31.9665035
            ],
            [
              105.0612261,
              31.9677014
            ],
            [
              105.061395,
              31.9682751
            ],
            [
              105.061624,
              31.9688343
            ],
            [
              105.0619852,
              31.9694264
            ],
            [
              105.062458,
              31.9700695
            ],
            [
              105.0634508,
              31.9711663
            ],
            [
              105.0644786,
              31.9724038
            ],
            [
              105.0650559,
              31.9730989
            ],
            [
              105.0660373,
              31.9742806
            ],
            [
              105.0695371,
              31.9782658
            ],
            [
              105.069665,
              31.9784113
            ],
            [
              105.0708376,
              31.9797465
            ],
            [
              105.0762317,
              31.9859363
            ],
            [
              105.0768176,
              31.9866423
            ],
            [
              105.0784882,
              31.9885562
            ],
            [
              105.0795603,
              31.9897895
            ],
            [
              105.0800018,
              31.9902937
            ],
            [
              105.0804964,
              31.9908032
            ],
            [
              105.0810187,
              31.9912797
            ],
            [
              105.0814443,
              31.9916236
            ],
            [
              105.0816481,
              31.9918019
            ],
            [
              105.0824366,
              31.9924388
            ],
            [
              105.0839459,
              31.9936397
            ],
            [
              105.0864849,
              31.9956435
            ],
            [
              105.0874401,
              31.9963997
            ],
            [
              105.0885207,
              31.997217
            ],
            [
              105.0892318,
              31.9977247
            ],
            [
              105.0900024,
              31.9981892
            ],
            [
              105.0937806,
              32.000245
            ],
            [
              105.0965254,
              32.0017392
            ],
            [
              105.0969021,
              32.0019417
            ],
            [
              105.0970811,
              32.0020429
            ],
            [
              105.0992241,
              32.0031948
            ],
            [
              105.0994215,
              32.0033009
            ],
            [
              105.1007178,
              32.0039977
            ],
            [
              105.1027471,
              32.0051042
            ],
            [
              105.10356,
              32.0056121
            ],
            [
              105.103984,
              32.005928
            ],
            [
              105.1044244,
              32.0063294
            ],
            [
              105.1046981,
              32.0066261
            ],
            [
              105.104978,
              32.0069734
            ],
            [
              105.105225,
              32.0073503
            ],
            [
              105.1055831,
              32.0080362
            ],
            [
              105.1059351,
              32.0088006
            ],
            [
              105.106073,
              32.0090798
            ],
            [
              105.1062253,
              32.0093608
            ],
            [
              105.1064023,
              32.0095999
            ],
            [
              105.1066492,
              32.0098564
            ],
            [
              105.1070217,
              32.0101775
            ],
            [
              105.1080137,
              32.0109646
            ],
            [
              105.1097034,
              32.0122647
            ],
            [
              105.1103991,
              32.0127778
            ],
            [
              105.1108169,
              32.0131373
            ],
            [
              105.1112799,
              32.0136364
            ],
            [
              105.1127474,
              32.0151207
            ],
            [
              105.1137982,
              32.0161449
            ],
            [
              105.1144254,
              32.0167397
            ],
            [
              105.1148824,
              32.0171308
            ],
            [
              105.1152884,
              32.017443
            ],
            [
              105.1163817,
              32.0180331
            ],
            [
              105.1178483,
              32.0188273
            ],
            [
              105.1184617,
              32.0192104
            ],
            [
              105.118902,
              32.0195953
            ],
            [
              105.1192286,
              32.0199819
            ],
            [
              105.1194566,
              32.0203476
            ],
            [
              105.1196002,
              32.0206747
            ],
            [
              105.1196908,
              32.0209589
            ],
            [
              105.1197339,
              32.0213089
            ],
            [
              105.1197339,
              32.0219829
            ],
            [
              105.1196353,
              32.0225001
            ],
            [
              105.119451,
              32.0230292
            ],
            [
              105.1192409,
              32.023545
            ],
            [
              105.1187911,
              32.0246108
            ],
            [
              105.1185747,
              32.024978
            ],
            [
              105.1183536,
              32.0252598
            ],
            [
              105.1181379,
              32.0254728
            ],
            [
              105.1178552,
              32.0257489
            ],
            [
              105.1175164,
              32.0259826
            ],
            [
              105.1168392,
              32.0263762
            ],
            [
              105.1162035,
              32.026706
            ],
            [
              105.1138389,
              32.0278776
            ],
            [
              105.1133711,
              32.0281796
            ],
            [
              105.11256,
              32.0287908
            ],
            [
              105.1099301,
              32.0309331
            ],
            [
              105.1096516,
              32.0311206
            ],
            [
              105.1093635,
              32.0312876
            ],
            [
              105.1089447,
              32.0314763
            ],
            [
              105.1085647,
              32.0316094
            ],
            [
              105.1081489,
              32.031698
            ],
            [
              105.1077109,
              32.03176
            ],
            [
              105.1061547,
              32.0318817
            ],
            [
              105.1051367,
              32.0319838
            ],
            [
              105.1042709,
              32.0321118
            ],
            [
              105.1035151,
              32.0323119
            ],
            [
              105.1029055,
              32.032555
            ],
            [
              105.1024561,
              32.0327938
            ],
            [
              105.1022416,
              32.0329261
            ],
            [
              105.1019244,
              32.0331351
            ],
            [
              105.1016299,
              32.0333505
            ],
            [
              105.1012097,
              32.0337092
            ],
            [
              105.100969,
              32.033982
            ],
            [
              105.100645,
              32.034404
            ],
            [
              105.099673,
              32.0358322
            ],
            [
              105.0993636,
              32.0363461
            ],
            [
              105.0989036,
              32.0371101
            ],
            [
              105.0982594,
              32.0380392
            ],
            [
              105.0979966,
              32.0384218
            ],
            [
              105.097391,
              32.0391063
            ],
            [
              105.0969252,
              32.0395844
            ],
            [
              105.0941789,
              32.042302
            ],
            [
              105.0937979,
              32.0426486
            ],
            [
              105.0931636,
              32.0431735
            ],
            [
              105.091991,
              32.04434
            ],
            [
              105.0913527,
              32.0450187
            ],
            [
              105.0911138,
              32.045315
            ],
            [
              105.0908672,
              32.0456772
            ],
            [
              105.0906752,
              32.0460794
            ],
            [
              105.0905257,
              32.0464563
            ],
            [
              105.0904332,
              32.0468059
            ],
            [
              105.090372,
              32.0472592
            ],
            [
              105.0903654,
              32.0476276
            ],
            [
              105.090366,
              32.0521719
            ],
            [
              105.0903665,
              32.0527041
            ],
            [
              105.0903445,
              32.0532257
            ],
            [
              105.0903075,
              32.0535895
            ],
            [
              105.0902244,
              32.0539709
            ],
            [
              105.0901115,
              32.0542855
            ],
            [
              105.089959,
              32.0546815
            ],
            [
              105.0897625,
              32.0550415
            ],
            [
              105.089436,
              32.055568
            ],
            [
              105.0873338,
              32.058785
            ],
            [
              105.087052,
              32.059227
            ],
            [
              105.0869083,
              32.0595364
            ],
            [
              105.0868012,
              32.0598582
            ],
            [
              105.0867599,
              32.0602814
            ],
            [
              105.0867817,
              32.0616472
            ],
            [
              105.086766,
              32.0620397
            ],
            [
              105.0867182,
              32.0623785
            ],
            [
              105.086511,
              32.063011
            ],
            [
              105.086307,
              32.063292
            ],
            [
              105.085711,
              32.06393
            ],
            [
              105.0843466,
              32.0651705
            ],
            [
              105.0838136,
              32.065702
            ],
            [
              105.0835163,
              32.0660573
            ],
            [
              105.0827149,
              32.0670931
            ],
            [
              105.0825639,
              32.0672981
            ],
            [
              105.0824111,
              32.0675471
            ],
            [
              105.0822852,
              32.0677995
            ],
            [
              105.082185,
              32.0680481
            ],
            [
              105.0820602,
              32.0684202
            ],
            [
              105.0820173,
              32.0686538
            ],
            [
              105.0819759,
              32.0689844
            ],
            [
              105.0819891,
              32.0695063
            ],
            [
              105.0820661,
              32.0699591
            ],
            [
              105.0821673,
              32.070499
            ],
            [
              105.0823914,
              32.0734236
            ],
            [
              105.0823882,
              32.073718
            ],
            [
              105.0823263,
              32.0741179
            ],
            [
              105.0822015,
              32.0744439
            ],
            [
              105.0820305,
              32.0747658
            ],
            [
              105.0817953,
              32.0751205
            ],
            [
              105.0815831,
              32.0753656
            ],
            [
              105.0812944,
              32.0756741
            ],
            [
              105.0809091,
              32.0760776
            ],
            [
              105.0805498,
              32.0764764
            ],
            [
              105.0802586,
              32.0768801
            ],
            [
              105.0800682,
              32.0773012
            ],
            [
              105.0799715,
              32.0776993
            ],
            [
              105.0799384,
              32.0780708
            ],
            [
              105.07993,
              32.079236
            ],
            [
              105.0799669,
              32.0795353
            ],
            [
              105.0800394,
              32.0798264
            ],
            [
              105.0801278,
              32.0800859
            ],
            [
              105.0804012,
              32.0808105
            ],
            [
              105.080488,
              32.0810855
            ],
            [
              105.0805345,
              32.0813598
            ],
            [
              105.0805645,
              32.0816643
            ],
            [
              105.0805632,
              32.0819317
            ],
            [
              105.0805442,
              32.0821372
            ],
            [
              105.0804763,
              32.0824815
            ],
            [
              105.0803396,
              32.0829936
            ],
            [
              105.0800492,
              32.0839786
            ],
            [
              105.0799608,
              32.084291
            ],
            [
              105.0797649,
              32.0848408
            ],
            [
              105.0794478,
              32.0859105
            ],
            [
              105.0786736,
              32.0885528
            ],
            [
              105.078177,
              32.0902998
            ],
            [
              105.0778278,
              32.091391
            ],
            [
              105.0776389,
              32.0921187
            ],
            [
              105.0774743,
              32.0926505
            ],
            [
              105.0773743,
              32.0929736
            ],
            [
              105.0772558,
              32.0933302
            ],
            [
              105.0766497,
              32.0954733
            ],
            [
              105.0764299,
              32.0962066
            ],
            [
              105.0762739,
              32.0967172
            ],
            [
              105.0760208,
              32.0975055
            ],
            [
              105.0755087,
              32.0992927
            ],
            [
              105.0742731,
              32.1031987
            ],
            [
              105.0741826,
              32.1036031
            ],
            [
              105.0741119,
              32.1040075
            ],
            [
              105.0740818,
              32.1044714
            ],
            [
              105.0740664,
              32.1049228
            ],
            [
              105.0741113,
              32.1053217
            ],
            [
              105.0741784,
              32.1057038
            ],
            [
              105.0743021,
              32.1060665
            ],
            [
              105.0744249,
              32.1063585
            ],
            [
              105.0745625,
              32.1065961
            ],
            [
              105.0749434,
              32.1071439
            ],
            [
              105.075368,
              32.1075891
            ],
            [
              105.0764138,
              32.1085271
            ],
            [
              105.077473,
              32.1094338
            ],
            [
              105.0783105,
              32.1102024
            ],
            [
              105.078867,
              32.1107765
            ],
            [
              105.0793089,
              32.1113008
            ],
            [
              105.0797144,
              32.1118909
            ],
            [
              105.0801849,
              32.1126464
            ],
            [
              105.0813552,
              32.1143356
            ],
            [
              105.0816954,
              32.1148615
            ],
            [
              105.0820139,
              32.1152749
            ],
            [
              105.0824737,
              32.1158507
            ],
            [
              105.0833997,
              32.1167271
            ],
            [
              105.08439,
              32.1177063
            ],
            [
              105.0862292,
              32.1194774
            ],
            [
              105.0865485,
              32.1198891
            ],
            [
              105.0867993,
              32.1203611
            ],
            [
              105.0869268,
              32.120728
            ],
            [
              105.0870391,
              32.1211729
            ],
            [
              105.0871734,
              32.1220208
            ],
            [
              105.0873654,
              32.1237914
            ],
            [
              105.0876416,
              32.124665
            ],
            [
              105.0878124,
              32.1252681
            ],
            [
              105.0879902,
              32.1260379
            ],
            [
              105.088384,
              32.127227
            ],
            [
              105.088479,
              32.1275223
            ],
            [
              105.0892175,
              32.1288567
            ],
            [
              105.0896618,
              32.1294966
            ],
            [
              105.0903422,
              32.1302092
            ],
            [
              105.0928772,
              32.1318459
            ],
            [
              105.094162,
              32.1325706
            ],
            [
              105.0949544,
              32.1329682
            ],
            [
              105.095381,
              32.13319
            ],
            [
              105.0960141,
              32.133433
            ],
            [
              105.0964778,
              32.1336166
            ],
            [
              105.0977157,
              32.1341239
            ],
            [
              105.099583,
              32.135123
            ],
            [
              105.101597,
              32.13637
            ],
            [
              105.1021,
              32.136844
            ],
            [
              105.102311,
              32.137126
            ],
            [
              105.102517,
              32.137428
            ],
            [
              105.102937,
              32.138251
            ],
            [
              105.103388,
              32.139031
            ],
            [
              105.103719,
              32.139479
            ],
            [
              105.1040429,
              32.1399038
            ],
            [
              105.1046316,
              32.1403414
            ],
            [
              105.1053529,
              32.140763
            ],
            [
              105.1098857,
              32.1425768
            ],
            [
              105.1115565,
              32.1435417
            ],
            [
              105.1138529,
              32.1460302
            ],
            [
              105.1151467,
              32.1470096
            ],
            [
              105.1167062,
              32.1475102
            ],
            [
              105.1188826,
              32.1479527
            ],
            [
              105.1199678,
              32.1484335
            ],
            [
              105.1208264,
              32.1491287
            ],
            [
              105.1212296,
              32.1494728
            ],
            [
              105.1228861,
              32.1507419
            ],
            [
              105.12563,
              32.1526604
            ],
            [
              105.1319193,
              32.1581881
            ],
            [
              105.1396481,
              32.1653112
            ],
            [
              105.1534545,
              32.1758441
            ],
            [
              105.1541407,
              32.1763784
            ],
            [
              105.155063,
              32.1770196
            ],
            [
              105.1561609,
              32.1777073
            ],
            [
              105.1569295,
              32.1781487
            ],
            [
              105.1574675,
              32.1784043
            ],
            [
              105.1586533,
              32.178855
            ],
            [
              105.1592242,
              32.1790873
            ],
            [
              105.1597018,
              32.1793429
            ],
            [
              105.1602288,
              32.1797424
            ],
            [
              105.1606076,
              32.1800119
            ],
            [
              105.1611895,
              32.1804347
            ],
            [
              105.1617,
              32.1808065
            ],
            [
              105.1619361,
              32.1811271
            ],
            [
              105.162249,
              32.1815592
            ],
            [
              105.162518,
              32.1819866
            ],
            [
              105.1629791,
              32.183413
            ],
            [
              105.1631658,
              32.1840681
            ],
            [
              105.1634842,
              32.1847046
            ],
            [
              105.1638794,
              32.1853133
            ],
            [
              105.164357,
              32.1859869
            ],
            [
              105.1647523,
              32.1865352
            ],
            [
              105.1659985,
              32.1883564
            ],
            [
              105.1663278,
              32.1888674
            ],
            [
              105.1666243,
              32.1892763
            ],
            [
              105.1673325,
              32.1902751
            ],
            [
              105.1675136,
              32.190684
            ],
            [
              105.1676893,
              32.1911764
            ],
            [
              105.1677881,
              32.1917293
            ],
            [
              105.167843,
              32.1923518
            ],
            [
              105.1678046,
              32.1930951
            ],
            [
              105.1677606,
              32.1941822
            ],
            [
              105.1677661,
              32.1946096
            ],
            [
              105.1678155,
              32.1949534
            ],
            [
              105.1680296,
              32.1955387
            ],
            [
              105.1691989,
              32.1979311
            ],
            [
              105.1702914,
              32.2003282
            ],
            [
              105.1706208,
              32.2008531
            ],
            [
              105.1710435,
              32.2014477
            ],
            [
              105.1715705,
              32.2020608
            ],
            [
              105.1738652,
              32.2045181
            ],
            [
              105.1751388,
              32.2058884
            ],
            [
              105.1760336,
              32.2067431
            ],
            [
              105.1771206,
              32.2078393
            ],
            [
              105.177439,
              32.2081877
            ],
            [
              105.1776695,
              32.2086011
            ],
            [
              105.1778562,
              32.2090377
            ],
            [
              105.1779934,
              32.2095486
            ],
            [
              105.178235,
              32.2109421
            ],
            [
              105.1783173,
              32.2113648
            ],
            [
              105.178482,
              32.2118246
            ],
            [
              105.1786686,
              32.2122705
            ],
            [
              105.1789322,
              32.2126328
            ],
            [
              105.1792341,
              32.2129904
            ],
            [
              105.1796074,
              32.2133341
            ],
            [
              105.1799203,
              32.2135663
            ],
            [
              105.1803704,
              32.2137986
            ],
            [
              105.1807273,
              32.2139565
            ],
            [
              105.1815617,
              32.2142027
            ],
            [
              105.1826871,
              32.2145231
            ],
            [
              105.1832196,
              32.2146996
            ],
            [
              105.1836368,
              32.2148947
            ],
            [
              105.1841858,
              32.2152105
            ],
            [
              105.1845701,
              32.215466
            ],
            [
              105.1850806,
              32.2158979
            ],
            [
              105.1854978,
              32.2162974
            ],
            [
              105.185904,
              32.2167339
            ],
            [
              105.1860303,
              32.2168408
            ],
            [
              105.1866616,
              32.2175885
            ],
            [
              105.1872271,
              32.2180483
            ],
            [
              105.1877486,
              32.218327
            ],
            [
              105.1882975,
              32.218536
            ],
            [
              105.1888026,
              32.2186985
            ],
            [
              105.1893955,
              32.2188239
            ],
            [
              105.189928,
              32.2188611
            ],
            [
              105.1903672,
              32.2188471
            ],
            [
              105.190993,
              32.2187868
            ],
            [
              105.1915794,
              32.2186422
            ],
            [
              105.1921283,
              32.2184379
            ],
            [
              105.1926937,
              32.2181686
            ],
            [
              105.1943184,
              32.2172862
            ],
            [
              105.1965197,
              32.2160329
            ],
            [
              105.1989183,
              32.2146406
            ],
            [
              105.1992157,
              32.2144297
            ],
            [
              105.1994461,
              32.2142663
            ],
            [
              105.1997238,
              32.2140008
            ],
            [
              105.1999836,
              32.2136531
            ],
            [
              105.2001482,
              32.2134329
            ],
            [
              105.2008398,
              32.2124762
            ],
            [
              105.2013118,
              32.2120118
            ],
            [
              105.2017948,
              32.2117146
            ],
            [
              105.2027169,
              32.2112688
            ],
            [
              105.2035403,
              32.2110923
            ],
            [
              105.205143,
              32.2106372
            ],
            [
              105.2058127,
              32.21034
            ],
            [
              105.2065042,
              32.2098849
            ],
            [
              105.2072617,
              32.2092904
            ],
            [
              105.2077447,
              32.2087703
            ],
            [
              105.2087874,
              32.207387
            ],
            [
              105.2095015,
              32.2062245
            ],
            [
              105.2099031,
              32.2057229
            ],
            [
              105.2103611,
              32.2052762
            ],
            [
              105.2110753,
              32.2049478
            ],
            [
              105.2119835,
              32.204626
            ],
            [
              105.2130003,
              32.2044749
            ],
            [
              105.2134506,
              32.2044749
            ],
            [
              105.2139784,
              32.2045078
            ],
            [
              105.2150313,
              32.2046464
            ],
            [
              105.2161984,
              32.2048
            ],
            [
              105.2167417,
              32.2048558
            ],
            [
              105.217318,
              32.2048743
            ],
            [
              105.2177405,
              32.2048743
            ],
            [
              105.218207,
              32.2048232
            ],
            [
              105.218646,
              32.2047257
            ],
            [
              105.2191344,
              32.2045446
            ],
            [
              105.2196228,
              32.2043171
            ],
            [
              105.2199093,
              32.2041316
            ],
            [
              105.2200245,
              32.2040569
            ],
            [
              105.2205173,
              32.2036856
            ],
            [
              105.2216457,
              32.2027286
            ],
            [
              105.2224546,
              32.2023477
            ],
            [
              105.2224929,
              32.2023297
            ],
            [
              105.223265,
              32.2019484
            ],
            [
              105.2236836,
              32.2017342
            ],
            [
              105.2241058,
              32.2014606
            ],
            [
              105.224458,
              32.2011586
            ],
            [
              105.2249215,
              32.2007429
            ],
            [
              105.2252189,
              32.2003146
            ],
            [
              105.225417,
              32.2000319
            ],
            [
              105.2255426,
              32.1996222
            ],
            [
              105.2256369,
              32.1992825
            ],
            [
              105.2256733,
              32.1989967
            ],
            [
              105.2256903,
              32.1986408
            ],
            [
              105.225846,
              32.1979971
            ],
            [
              105.2261149,
              32.1969894
            ],
            [
              105.2264863,
              32.1957642
            ],
            [
              105.2267772,
              32.1951365
            ],
            [
              105.2271535,
              32.1946307
            ],
            [
              105.2277193,
              32.194113
            ],
            [
              105.2288608,
              32.1933375
            ],
            [
              105.2299803,
              32.1923994
            ],
            [
              105.234387,
              32.1889255
            ],
            [
              105.2349796,
              32.1884146
            ],
            [
              105.2353089,
              32.1880756
            ],
            [
              105.2361376,
              32.1870957
            ],
            [
              105.2371466,
              32.1859008
            ],
            [
              105.2376522,
              32.1853075
            ],
            [
              105.2383161,
              32.1844253
            ],
            [
              105.238941,
              32.1836058
            ],
            [
              105.2391731,
              32.1833842
            ],
            [
              105.2396443,
              32.1829574
            ],
            [
              105.2401162,
              32.1826694
            ],
            [
              105.2406156,
              32.1824419
            ],
            [
              105.2410875,
              32.1822839
            ],
            [
              105.2416473,
              32.1821818
            ],
            [
              105.2421632,
              32.1821446
            ],
            [
              105.2426132,
              32.1821585
            ],
            [
              105.2430686,
              32.1822468
            ],
            [
              105.2435296,
              32.1823583
            ],
            [
              105.244018,
              32.1825487
            ],
            [
              105.2454997,
              32.1834033
            ],
            [
              105.2479089,
              32.1848245
            ],
            [
              105.2488308,
              32.1852983
            ],
            [
              105.2492753,
              32.1855816
            ],
            [
              105.2496101,
              32.1859067
            ],
            [
              105.2500107,
              32.1863293
            ],
            [
              105.2506038,
              32.1871131
            ],
            [
              105.2510152,
              32.1875402
            ],
            [
              105.2514266,
              32.1878883
            ],
            [
              105.2518924,
              32.1882234
            ],
            [
              105.25256,
              32.1884927
            ],
            [
              105.2531577,
              32.1886635
            ],
            [
              105.2536079,
              32.1887227
            ],
            [
              105.2541824,
              32.1887621
            ],
            [
              105.2557737,
              32.1887818
            ],
            [
              105.2568605,
              32.1887752
            ],
            [
              105.2575203,
              32.1887292
            ],
            [
              105.2579239,
              32.1886833
            ],
            [
              105.258444,
              32.1885781
            ],
            [
              105.2744387,
              32.180425
            ],
            [
              105.275325,
              32.1800342
            ],
            [
              105.2764145,
              32.1795946
            ],
            [
              105.2772558,
              32.1793606
            ],
            [
              105.2781638,
              32.1792555
            ],
            [
              105.2793977,
              32.179295
            ],
            [
              105.2802823,
              32.1794854
            ],
            [
              105.2809032,
              32.1796825
            ],
            [
              105.2815318,
              32.1799189
            ],
            [
              105.2821111,
              32.1802705
            ],
            [
              105.2825913,
              32.1807046
            ],
            [
              105.2836976,
              32.1817709
            ],
            [
              105.2876148,
              32.1856528
            ],
            [
              105.2891229,
              32.1871852
            ],
            [
              105.2896991,
              32.1878303
            ],
            [
              105.2899329,
              32.1882396
            ],
            [
              105.2900939,
              32.1887493
            ],
            [
              105.2901283,
              32.1892538
            ],
            [
              105.2900524,
              32.1897112
            ],
            [
              105.2896453,
              32.1910969
            ],
            [
              105.2895489,
              32.191612
            ],
            [
              105.2895784,
              32.1920792
            ],
            [
              105.2896888,
              32.192556
            ],
            [
              105.2898658,
              32.1929642
            ],
            [
              105.290189,
              32.193491
            ],
            [
              105.2917923,
              32.195778
            ],
            [
              105.2921726,
              32.196251
            ],
            [
              105.2940512,
              32.198064
            ],
            [
              105.297133,
              32.2007769
            ],
            [
              105.29808,
              32.2017819
            ],
            [
              105.2984992,
              32.2021891
            ],
            [
              105.2989184,
              32.2025176
            ],
            [
              105.2994229,
              32.2027672
            ],
            [
              105.3004088,
              32.2031613
            ],
            [
              105.3008823,
              32.2033846
            ],
            [
              105.3020312,
              32.2039298
            ],
            [
              105.3026677,
              32.2042451
            ],
            [
              105.3033275,
              32.2044815
            ],
            [
              105.3097084,
              32.2065243
            ],
            [
              105.3103372,
              32.2067541
            ],
            [
              105.3108883,
              32.2070037
            ],
            [
              105.3115714,
              32.2074011
            ],
            [
              105.3132448,
              32.2084409
            ],
            [
              105.3137276,
              32.2086823
            ],
            [
              105.3142049,
              32.2088727
            ],
            [
              105.3146054,
              32.2089933
            ],
            [
              105.3150553,
              32.2090815
            ],
            [
              105.3156204,
              32.2091373
            ],
            [
              105.3180134,
              32.2092098
            ],
            [
              105.3194177,
              32.2092234
            ],
            [
              105.3208735,
              32.2091709
            ],
            [
              105.322654,
              32.2091512
            ],
            [
              105.3235703,
              32.2091605
            ],
            [
              105.3245246,
              32.2091889
            ],
            [
              105.3255059,
              32.2092181
            ],
            [
              105.3259061,
              32.2092474
            ],
            [
              105.3266126,
              32.2093525
            ],
            [
              105.3273345,
              32.2095429
            ],
            [
              105.3280331,
              32.2097597
            ],
            [
              105.3289103,
              32.2101406
            ],
            [
              105.3295107,
              32.2105282
            ],
            [
              105.334541,
              32.2154672
            ],
            [
              105.3350223,
              32.2162422
            ],
            [
              105.3354182,
              32.2172864
            ],
            [
              105.3356821,
              32.218265
            ],
            [
              105.3357365,
              32.2191647
            ],
            [
              105.3356356,
              32.2199134
            ],
            [
              105.3351256,
              32.2216672
            ],
            [
              105.3349125,
              32.2221632
            ],
            [
              105.3346112,
              32.2227586
            ],
            [
              105.3335616,
              32.2247324
            ],
            [
              105.3329032,
              32.2259691
            ],
            [
              105.332648,
              32.2264225
            ],
            [
              105.3325511,
              32.2265948
            ],
            [
              105.3323318,
              32.2270311
            ],
            [
              105.3321245,
              32.2274655
            ],
            [
              105.3319316,
              32.2279589
            ],
            [
              105.3318569,
              32.2283525
            ],
            [
              105.331775,
              32.2288214
            ],
            [
              105.3317774,
              32.2292558
            ],
            [
              105.331787,
              32.2297166
            ],
            [
              105.3318111,
              32.2300489
            ],
            [
              105.3318931,
              32.2304975
            ],
            [
              105.3320329,
              32.2309013
            ],
            [
              105.3322812,
              32.2314008
            ],
            [
              105.3339749,
              32.2347005
            ],
            [
              105.3342914,
              32.2351893
            ],
            [
              105.3345502,
              32.2355225
            ],
            [
              105.3348473,
              32.235791
            ],
            [
              105.335228,
              32.2360577
            ],
            [
              105.3356089,
              32.2362835
            ],
            [
              105.3359622,
              32.2364834
            ],
            [
              105.3364041,
              32.2366324
            ],
            [
              105.3374499,
              32.2369765
            ],
            [
              105.3396266,
              32.2376094
            ],
            [
              105.3426925,
              32.23856
            ],
            [
              105.3434256,
              32.2388345
            ],
            [
              105.3439302,
              32.2391499
            ],
            [
              105.3444394,
              32.239563
            ],
            [
              105.3455125,
              32.2405985
            ],
            [
              105.3473212,
              32.2425813
            ],
            [
              105.3482335,
              32.2435686
            ],
            [
              105.348491,
              32.2438544
            ],
            [
              105.3498288,
              32.2453389
            ],
            [
              105.3519643,
              32.2477083
            ],
            [
              105.3531593,
              32.2490263
            ],
            [
              105.3541435,
              32.2501211
            ],
            [
              105.3546624,
              32.2506773
            ],
            [
              105.3553758,
              32.2512379
            ],
            [
              105.3559651,
              32.2516356
            ],
            [
              105.3585841,
              32.2532658
            ],
            [
              105.3588535,
              32.2534272
            ],
            [
              105.3608242,
              32.2546564
            ],
            [
              105.3618585,
              32.2552732
            ],
            [
              105.3650818,
              32.2572853
            ],
            [
              105.3651584,
              32.257338
            ],
            [
              105.3662911,
              32.2580436
            ],
            [
              105.3668747,
              32.2583031
            ],
            [
              105.3675529,
              32.2584636
            ],
            [
              105.3682905,
              32.2585578
            ],
            [
              105.3690469,
              32.25856
            ],
            [
              105.370333,
              32.2584784
            ],
            [
              105.3708777,
              32.2584629
            ],
            [
              105.3713973,
              32.2584606
            ],
            [
              105.3719788,
              32.2584788
            ],
            [
              105.3725234,
              32.2585187
            ],
            [
              105.3730437,
              32.2585861
            ],
            [
              105.3735367,
              32.2586944
            ],
            [
              105.416514,
              32.2677699
            ],
            [
              105.4173186,
              32.267915
            ],
            [
              105.4183859,
              32.2681378
            ],
            [
              105.4193945,
              32.2684175
            ],
            [
              105.420221,
              32.2686875
            ],
            [
              105.4211029,
              32.2689448
            ],
            [
              105.4218441,
              32.2691643
            ],
            [
              105.4227251,
              32.2695117
            ],
            [
              105.4231581,
              32.2697203
            ],
            [
              105.4242253,
              32.2702289
            ],
            [
              105.4246656,
              32.2704948
            ],
            [
              105.4251214,
              32.2708404
            ],
            [
              105.4275877,
              32.2731871
            ],
            [
              105.4279867,
              32.2736713
            ],
            [
              105.4282343,
              32.2740448
            ],
            [
              105.4283708,
              32.2743164
            ],
            [
              105.4284174,
              32.2744288
            ],
            [
              105.4285556,
              32.2748202
            ],
            [
              105.4287231,
              32.2756481
            ],
            [
              105.4292038,
              32.2780684
            ],
            [
              105.4292729,
              32.2783634
            ],
            [
              105.4293402,
              32.2786014
            ],
            [
              105.4294335,
              32.2788145
            ],
            [
              105.429563,
              32.2790569
            ],
            [
              105.4296516,
              32.2791887
            ],
            [
              105.4297461,
              32.279311
            ],
            [
              105.4299568,
              32.2795446
            ],
            [
              105.4302089,
              32.2797563
            ],
            [
              105.4304628,
              32.27993
            ],
            [
              105.4308531,
              32.2801403
            ],
            [
              105.4311726,
              32.2802717
            ],
            [
              105.4317632,
              32.2804659
            ],
            [
              105.4328063,
              32.2808134
            ],
            [
              105.4330619,
              32.2809331
            ],
            [
              105.4333089,
              32.2810733
            ],
            [
              105.4336698,
              32.2813419
            ],
            [
              105.4339081,
              32.2815755
            ],
            [
              105.4341516,
              32.2818661
            ],
            [
              105.4343951,
              32.282234
            ],
            [
              105.4354005,
              32.2837148
            ],
            [
              105.4355275,
              32.2838934
            ],
            [
              105.4357095,
              32.2841329
            ],
            [
              105.4360892,
              32.2846831
            ],
            [
              105.4363896,
              32.2851322
            ],
            [
              105.4371056,
              32.2862004
            ],
            [
              105.4373353,
              32.2864778
            ],
            [
              105.4377497,
              32.2868472
            ],
            [
              105.438276,
              32.287298
            ],
            [
              105.4391212,
              32.288089
            ],
            [
              105.4403053,
              32.2893602
            ],
            [
              105.4412491,
              32.2903567
            ],
            [
              105.4428444,
              32.2919821
            ],
            [
              105.4441464,
              32.2931053
            ],
            [
              105.445123,
              32.2937046
            ],
            [
              105.4463532,
              32.2945738
            ],
            [
              105.4470533,
              32.2950366
            ],
            [
              105.4477872,
              32.2955819
            ],
            [
              105.4478834,
              32.2956581
            ],
            [
              105.4481466,
              32.2959256
            ],
            [
              105.4483366,
              32.2961233
            ],
            [
              105.448991,
              32.2968157
            ],
            [
              105.4501142,
              32.2977093
            ],
            [
              105.4514498,
              32.2986628
            ],
            [
              105.4537745,
              32.3001182
            ],
            [
              105.4549853,
              32.3007456
            ],
            [
              105.4562088,
              32.301194
            ],
            [
              105.459674,
              32.3024878
            ],
            [
              105.4619616,
              32.3033628
            ],
            [
              105.4620499,
              32.3033966
            ],
            [
              105.4633035,
              32.303857
            ],
            [
              105.4640736,
              32.3039959
            ],
            [
              105.4648295,
              32.3039919
            ],
            [
              105.4655198,
              32.3038292
            ],
            [
              105.4656962,
              32.3037832
            ],
            [
              105.4659743,
              32.3036517
            ],
            [
              105.4663368,
              32.3034284
            ],
            [
              105.4670599,
              32.3028172
            ],
            [
              105.4676045,
              32.3021941
            ],
            [
              105.468877,
              32.30094
            ],
            [
              105.4706988,
              32.2990588
            ],
            [
              105.4729291,
              32.2968044
            ],
            [
              105.4740231,
              32.2958915
            ],
            [
              105.4748636,
              32.2954391
            ],
            [
              105.476028,
              32.2949469
            ],
            [
              105.4781832,
              32.2943754
            ],
            [
              105.4795731,
              32.2938356
            ],
            [
              105.4808267,
              32.2931092
            ],
            [
              105.4817799,
              32.2922479
            ],
            [
              105.482672,
              32.2911881
            ],
            [
              105.4833012,
              32.2898664
            ],
            [
              105.484738,
              32.2869727
            ],
            [
              105.4859963,
              32.2850508
            ],
            [
              105.4867664,
              32.2841696
            ],
            [
              105.4873017,
              32.2838362
            ],
            [
              105.4882854,
              32.2835772
            ],
            [
              105.4887301,
              32.2835552
            ],
            [
              105.489207,
              32.2835713
            ],
            [
              105.4910955,
              32.2838441
            ],
            [
              105.4920816,
              32.2839473
            ],
            [
              105.4927561,
              32.2838867
            ],
            [
              105.4935098,
              32.2836481
            ],
            [
              105.4944993,
              32.2833482
            ],
            [
              105.4950126,
              32.2832296
            ],
            [
              105.4953523,
              32.2831743
            ],
            [
              105.495786,
              32.283137
            ],
            [
              105.4962544,
              32.2831616
            ],
            [
              105.4968566,
              32.283271
            ],
            [
              105.4973425,
              32.2834029
            ],
            [
              105.4977111,
              32.2835436
            ],
            [
              105.4981291,
              32.2837248
            ],
            [
              105.4991405,
              32.2842317
            ],
            [
              105.5004864,
              32.2849082
            ],
            [
              105.5006999,
              32.285025
            ],
            [
              105.5012085,
              32.2852885
            ],
            [
              105.5014706,
              32.2854213
            ],
            [
              105.5017252,
              32.2855555
            ],
            [
              105.502068,
              32.285727
            ],
            [
              105.5025268,
              32.2859417
            ],
            [
              105.5042277,
              32.2867905
            ],
            [
              105.5043256,
              32.2868423
            ],
            [
              105.504855,
              32.2870835
            ],
            [
              105.5052828,
              32.2872547
            ],
            [
              105.505659,
              32.2873873
            ],
            [
              105.5062417,
              32.2875597
            ],
            [
              105.5068291,
              32.2877025
            ],
            [
              105.5074634,
              32.2878272
            ],
            [
              105.5081056,
              32.2879216
            ],
            [
              105.5085926,
              32.2879644
            ],
            [
              105.5090821,
              32.2879928
            ],
            [
              105.5095864,
              32.2879962
            ],
            [
              105.5100964,
              32.2879877
            ],
            [
              105.5106928,
              32.2879417
            ],
            [
              105.5112091,
              32.2878816
            ],
            [
              105.5120013,
              32.28776
            ],
            [
              105.5122491,
              32.287722
            ],
            [
              105.5125457,
              32.2876805
            ],
            [
              105.5131993,
              32.2875891
            ],
            [
              105.5135153,
              32.2875468
            ],
            [
              105.514135,
              32.2874638
            ],
            [
              105.515172,
              32.2872817
            ],
            [
              105.5158344,
              32.287248
            ],
            [
              105.5163827,
              32.2873052
            ],
            [
              105.516928,
              32.2874268
            ],
            [
              105.5174443,
              32.2876497
            ],
            [
              105.5178434,
              32.2878942
            ],
            [
              105.5181517,
              32.2881578
            ],
            [
              105.5183971,
              32.2884147
            ],
            [
              105.5185874,
              32.2886623
            ],
            [
              105.5187559,
              32.2890121
            ],
            [
              105.5188987,
              32.2894392
            ],
            [
              105.5189499,
              32.2897425
            ],
            [
              105.5189792,
              32.2901263
            ],
            [
              105.5189572,
              32.2907515
            ],
            [
              105.5189647,
              32.2912509
            ],
            [
              105.518983,
              32.291675
            ],
            [
              105.5190855,
              32.2920866
            ],
            [
              105.5191977,
              32.2923996
            ],
            [
              105.5194347,
              32.2929825
            ],
            [
              105.5195929,
              32.2934337
            ],
            [
              105.5197244,
              32.2938396
            ],
            [
              105.5197807,
              32.2941525
            ],
            [
              105.5197995,
              32.294454
            ],
            [
              105.5198048,
              32.2948191
            ],
            [
              105.5197807,
              32.2950685
            ],
            [
              105.5197217,
              32.2953814
            ],
            [
              105.5196332,
              32.2958076
            ],
            [
              105.5193978,
              32.2971419
            ],
            [
              105.519253,
              32.2977682
            ],
            [
              105.5191671,
              32.2983214
            ],
            [
              105.5191323,
              32.2988429
            ],
            [
              105.5191521,
              32.2992483
            ],
            [
              105.5191323,
              32.2988429
            ],
            [
              105.5191671,
              32.2983214
            ],
            [
              105.519253,
              32.2977682
            ],
            [
              105.5193978,
              32.2971419
            ],
            [
              105.5196332,
              32.2958076
            ],
            [
              105.5197217,
              32.2953814
            ],
            [
              105.5197807,
              32.2950685
            ],
            [
              105.5198048,
              32.2948191
            ],
            [
              105.5197995,
              32.294454
            ],
            [
              105.5197807,
              32.2941525
            ],
            [
              105.5197244,
              32.2938396
            ],
            [
              105.5195929,
              32.2934337
            ],
            [
              105.5194347,
              32.2929825
            ],
            [
              105.5191977,
              32.2923996
            ],
            [
              105.5190855,
              32.2920866
            ],
            [
              105.518983,
              32.291675
            ],
            [
              105.5189647,
              32.2912509
            ],
            [
              105.5189572,
              32.2907515
            ],
            [
              105.5189792,
              32.2901263
            ],
            [
              105.5189499,
              32.2897425
            ],
            [
              105.5188987,
              32.2894392
            ],
            [
              105.5187559,
              32.2890121
            ],
            [
              105.5185874,
              32.2886623
            ],
            [
              105.5183971,
              32.2884147
            ],
            [
              105.5181517,
              32.2881578
            ],
            [
              105.5178434,
              32.2878942
            ],
            [
              105.5174443,
              32.2876497
            ],
            [
              105.516928,
              32.2874268
            ],
            [
              105.5163827,
              32.2873052
            ],
            [
              105.5158344,
              32.287248
            ]
          ],
          [
            [
              106.0623051,
              33.0151523
            ],
            [
              106.0623537,
              33.0143834
            ],
            [
              106.0623655,
              33.0133083
            ],
            [
              106.06239,
              33.0128878
            ],
            [
              106.0624211,
              33.012573
            ],
            [
              106.0624844,
              33.0122604
            ],
            [
              106.0628701,
              33.0109292
            ],
            [
              106.0629789,
              33.010497
            ],
            [
              106.0630223,
              33.0101086
            ],
            [
              106.0630277,
              33.0096421
            ],
            [
              106.0629659,
              33.0092166
            ],
            [
              106.0628961,
              33.0089667
            ],
            [
              106.0628076,
              33.0087325
            ],
            [
              106.0626909,
              33.008437
            ],
            [
              106.062514,
              33.0081257
            ],
            [
              106.0622834,
              33.0078211
            ],
            [
              106.0620801,
              33.0076055
            ],
            [
              106.0610692,
              33.006485
            ],
            [
              106.0607183,
              33.0060626
            ],
            [
              106.0604506,
              33.0056761
            ],
            [
              106.0601722,
              33.0052492
            ],
            [
              106.0599459,
              33.0048478
            ],
            [
              106.058746,
              33.0025057
            ],
            [
              106.0583123,
              33.0014742
            ],
            [
              106.0582006,
              33.0009756
            ],
            [
              106.0580933,
              33.0004966
            ],
            [
              106.0580092,
              32.9995493
            ],
            [
              106.0580645,
              32.9987549
            ],
            [
              106.058157,
              32.9981963
            ],
            [
              106.0583031,
              32.9976108
            ],
            [
              106.0584922,
              32.9970523
            ],
            [
              106.0587516,
              32.9963701
            ],
            [
              106.0589838,
              32.9957851
            ],
            [
              106.0591517,
              32.9951732
            ],
            [
              106.0592414,
              32.9944087
            ],
            [
              106.0592045,
              32.9936718
            ],
            [
              106.0590628,
              32.9929226
            ],
            [
              106.0588272,
              32.9921529
            ],
            [
              106.0566765,
              32.9870484
            ],
            [
              106.0563909,
              32.9863014
            ],
            [
              106.0561482,
              32.9855185
            ],
            [
              106.0558405,
              32.9834582
            ],
            [
              106.0557015,
              32.9830086
            ],
            [
              106.0545478,
              32.9784238
            ],
            [
              106.0533933,
              32.9738509
            ],
            [
              106.0532738,
              32.9733646
            ],
            [
              106.0531279,
              32.9727703
            ],
            [
              106.0530088,
              32.9722856
            ],
            [
              106.0528959,
              32.971879
            ],
            [
              106.0527951,
              32.9716263
            ],
            [
              106.0526837,
              32.9713735
            ],
            [
              106.0524941,
              32.9710792
            ],
            [
              106.0523069,
              32.9708365
            ],
            [
              106.0520055,
              32.9705551
            ],
            [
              106.0517743,
              32.9703868
            ],
            [
              106.0515361,
              32.9702367
            ],
            [
              106.051271,
              32.9701272
            ],
            [
              106.0510103,
              32.9700032
            ],
            [
              106.0506828,
              32.9698848
            ],
            [
              106.0503231,
              32.969789
            ],
            [
              106.0499667,
              32.9697118
            ],
            [
              106.0477623,
              32.9692666
            ],
            [
              106.0474473,
              32.9692107
            ],
            [
              106.0471502,
              32.969165
            ],
            [
              106.0468531,
              32.9691509
            ],
            [
              106.0464552,
              32.9691808
            ],
            [
              106.0460467,
              32.9692377
            ],
            [
              106.0439579,
              32.96959
            ],
            [
              106.0431324,
              32.9697313
            ],
            [
              106.0426211,
              32.9698059
            ],
            [
              106.0421258,
              32.9698445
            ],
            [
              106.0415481,
              32.9698487
            ],
            [
              106.04108,
              32.9698248
            ],
            [
              106.0405135,
              32.9697574
            ],
            [
              106.0398726,
              32.9696655
            ],
            [
              106.0386946,
              32.9694965
            ],
            [
              106.0378375,
              32.9693626
            ],
            [
              106.0305206,
              32.9682196
            ],
            [
              106.0260515,
              32.9675487
            ],
            [
              106.0252881,
              32.9674441
            ],
            [
              106.0248702,
              32.9673737
            ],
            [
              106.0245155,
              32.9672893
            ],
            [
              106.0241496,
              32.9671608
            ],
            [
              106.023612,
              32.966945
            ],
            [
              106.0224924,
              32.9664703
            ],
            [
              106.0220587,
              32.9662874
            ],
            [
              106.0215556,
              32.9660316
            ],
            [
              106.0192641,
              32.9645844
            ],
            [
              106.0187368,
              32.9642507
            ],
            [
              106.0181438,
              32.9638215
            ],
            [
              106.0170928,
              32.9629165
            ],
            [
              106.0156055,
              32.9616245
            ],
            [
              106.0129316,
              32.9593463
            ],
            [
              106.0125928,
              32.95907
            ],
            [
              106.0122151,
              32.9588204
            ],
            [
              106.0117798,
              32.9586197
            ],
            [
              106.0113767,
              32.9584918
            ],
            [
              106.0108767,
              32.9584052
            ],
            [
              106.0104231,
              32.9583889
            ],
            [
              106.0098825,
              32.9584405
            ],
            [
              106.0090327,
              32.9585485
            ],
            [
              106.008485,
              32.9586029
            ],
            [
              106.00809,
              32.9586199
            ],
            [
              106.0077773,
              32.9586102
            ],
            [
              106.0074496,
              32.9585729
            ],
            [
              106.0070793,
              32.9585125
            ],
            [
              106.0065921,
              32.9583989
            ],
            [
              106.0051607,
              32.9580022
            ],
            [
              106.0047743,
              32.9579051
            ],
            [
              106.0043626,
              32.9578159
            ],
            [
              106.00386,
              32.9577278
            ],
            [
              106.0022182,
              32.9574892
            ],
            [
              106.0017363,
              32.9574155
            ],
            [
              106.0012335,
              32.9573106
            ],
            [
              106.0006461,
              32.9571502
            ],
            [
              106.0001006,
              32.9569527
            ],
            [
              105.9996542,
              32.9567522
            ],
            [
              105.9992353,
              32.9565423
            ],
            [
              105.998243,
              32.9560178
            ],
            [
              105.9979805,
              32.9558922
            ],
            [
              105.9977086,
              32.9557652
            ],
            [
              105.9973884,
              32.9556459
            ],
            [
              105.9971003,
              32.955551
            ],
            [
              105.9947826,
              32.9548833
            ],
            [
              105.9944003,
              32.9547666
            ],
            [
              105.9939772,
              32.9546148
            ],
            [
              105.993489,
              32.9543779
            ],
            [
              105.9929775,
              32.9540764
            ],
            [
              105.9926184,
              32.9538109
            ],
            [
              105.9908747,
              32.9523454
            ],
            [
              105.9905711,
              32.952027
            ],
            [
              105.9904199,
              32.951833
            ],
            [
              105.9902796,
              32.9516263
            ],
            [
              105.9901357,
              32.951351
            ],
            [
              105.9897648,
              32.9504565
            ],
            [
              105.9896371,
              32.9501144
            ],
            [
              105.9895404,
              32.9497084
            ],
            [
              105.98949,
              32.9492596
            ],
            [
              105.9895415,
              32.9487013
            ],
            [
              105.989672,
              32.9476183
            ],
            [
              105.989696,
              32.9472943
            ],
            [
              105.9896917,
              32.9469478
            ],
            [
              105.989633,
              32.9466495
            ],
            [
              105.989502,
              32.946317
            ],
            [
              105.9892633,
              32.9459197
            ],
            [
              105.9889216,
              32.9455407
            ],
            [
              105.9886367,
              32.9452966
            ],
            [
              105.9882776,
              32.9450399
            ],
            [
              105.9878619,
              32.9448364
            ],
            [
              105.9873675,
              32.944696
            ],
            [
              105.9867932,
              32.9446001
            ],
            [
              105.9861912,
              32.9446024
            ],
            [
              105.985595,
              32.9446973
            ],
            [
              105.9850495,
              32.9448623
            ],
            [
              105.9846142,
              32.9450968
            ],
            [
              105.9842454,
              32.9453843
            ],
            [
              105.9839225,
              32.9456892
            ],
            [
              105.9833067,
              32.9462597
            ],
            [
              105.9829961,
              32.9465406
            ],
            [
              105.9824441,
              32.9468998
            ],
            [
              105.9818074,
              32.9471699
            ],
            [
              105.9812663,
              32.9473168
            ],
            [
              105.9806308,
              32.9473749
            ],
            [
              105.9799393,
              32.9473559
            ],
            [
              105.9793129,
              32.9472484
            ],
            [
              105.979126,
              32.9471852
            ],
            [
              105.976632,
              32.9463091
            ],
            [
              105.9763534,
              32.9462045
            ],
            [
              105.9752632,
              32.9457713
            ],
            [
              105.9750119,
              32.9456687
            ],
            [
              105.9733493,
              32.9449898
            ],
            [
              105.9728209,
              32.9447721
            ],
            [
              105.9722256,
              32.9444933
            ],
            [
              105.9717681,
              32.9442431
            ],
            [
              105.9687451,
              32.9425287
            ],
            [
              105.9681858,
              32.9422093
            ],
            [
              105.9677294,
              32.9419644
            ],
            [
              105.967077,
              32.9416619
            ],
            [
              105.9665892,
              32.9414542
            ],
            [
              105.9659182,
              32.9412297
            ],
            [
              105.9651014,
              32.9410051
            ],
            [
              105.9643646,
              32.9408491
            ],
            [
              105.9635434,
              32.9407386
            ],
            [
              105.9631328,
              32.9407014
            ],
            [
              105.9625762,
              32.9406713
            ],
            [
              105.9621174,
              32.9406643
            ],
            [
              105.9612107,
              32.9406527
            ],
            [
              105.9607865,
              32.9406293
            ],
            [
              105.9603944,
              32.9405923
            ],
            [
              105.9599737,
              32.9405485
            ],
            [
              105.9589499,
              32.940407
            ],
            [
              105.9586466,
              32.9403679
            ],
            [
              105.957208,
              32.9401707
            ],
            [
              105.9568464,
              32.9401222
            ],
            [
              105.9563039,
              32.9400494
            ],
            [
              105.9556059,
              32.9399558
            ],
            [
              105.952832,
              32.9396581
            ],
            [
              105.9525201,
              32.9396099
            ],
            [
              105.9521581,
              32.9395082
            ],
            [
              105.9518121,
              32.939375
            ],
            [
              105.951523,
              32.9392416
            ],
            [
              105.9513284,
              32.9391437
            ],
            [
              105.9510001,
              32.9389107
            ],
            [
              105.9507118,
              32.9386547
            ],
            [
              105.9505049,
              32.9384258
            ],
            [
              105.9503641,
              32.9382337
            ],
            [
              105.9502703,
              32.9380794
            ],
            [
              105.950169,
              32.9378417
            ],
            [
              105.9500777,
              32.9375738
            ],
            [
              105.9497217,
              32.9361321
            ],
            [
              105.9496471,
              32.9358591
            ],
            [
              105.9495568,
              32.9356106
            ],
            [
              105.9494473,
              32.9353693
            ],
            [
              105.9493054,
              32.935134
            ],
            [
              105.9490943,
              32.9348606
            ],
            [
              105.9488953,
              32.9346154
            ],
            [
              105.948173,
              32.9338414
            ],
            [
              105.9477665,
              32.9333855
            ],
            [
              105.9474888,
              32.9330286
            ],
            [
              105.9473231,
              32.9327909
            ],
            [
              105.9465527,
              32.9316858
            ],
            [
              105.9464469,
              32.9315339
            ],
            [
              105.9458778,
              32.9307412
            ],
            [
              105.9458048,
              32.9306378
            ],
            [
              105.9446508,
              32.9289914
            ],
            [
              105.9440748,
              32.9281822
            ],
            [
              105.9437743,
              32.9278126
            ],
            [
              105.943511,
              32.927554
            ],
            [
              105.9425953,
              32.9267004
            ],
            [
              105.9423637,
              32.9264587
            ],
            [
              105.9422176,
              32.92628
            ],
            [
              105.9420906,
              32.9260951
            ],
            [
              105.9419276,
              32.9258331
            ],
            [
              105.9417974,
              32.9255628
            ],
            [
              105.9417234,
              32.9253736
            ],
            [
              105.9416318,
              32.9250752
            ],
            [
              105.9415851,
              32.9248468
            ],
            [
              105.9415596,
              32.9246527
            ],
            [
              105.941536,
              32.9244401
            ],
            [
              105.9415275,
              32.9242082
            ],
            [
              105.9415173,
              32.9239899
            ],
            [
              105.9415022,
              32.9236625
            ],
            [
              105.9414727,
              32.9230266
            ],
            [
              105.9414388,
              32.9223025
            ],
            [
              105.9414071,
              32.9215811
            ],
            [
              105.9413857,
              32.9210865
            ],
            [
              105.9413354,
              32.9206607
            ],
            [
              105.9412383,
              32.9202116
            ],
            [
              105.9410976,
              32.9197714
            ],
            [
              105.9408614,
              32.9192375
            ],
            [
              105.9405998,
              32.9187803
            ],
            [
              105.9401278,
              32.918156
            ],
            [
              105.9398562,
              32.9178649
            ],
            [
              105.9394577,
              32.9175038
            ],
            [
              105.9390367,
              32.9172016
            ],
            [
              105.9385853,
              32.9169023
            ],
            [
              105.9381519,
              32.9166838
            ],
            [
              105.9377024,
              32.9164789
            ],
            [
              105.9372243,
              32.916297
            ],
            [
              105.9367359,
              32.9161687
            ],
            [
              105.9363326,
              32.9160926
            ],
            [
              105.9358928,
              32.9160202
            ],
            [
              105.9353613,
              32.9159749
            ],
            [
              105.9350007,
              32.9159593
            ],
            [
              105.9346294,
              32.9159618
            ],
            [
              105.9335436,
              32.9160203
            ],
            [
              105.9333742,
              32.9160295
            ],
            [
              105.9325709,
              32.9160729
            ],
            [
              105.9305147,
              32.9161842
            ],
            [
              105.9299855,
              32.9161979
            ],
            [
              105.9294366,
              32.9161742
            ],
            [
              105.9288214,
              32.9160977
            ],
            [
              105.9281963,
              32.91596
            ],
            [
              105.9277826,
              32.9158198
            ],
            [
              105.9274327,
              32.9156743
            ],
            [
              105.92677,
              32.9153372
            ],
            [
              105.9248778,
              32.9143112
            ],
            [
              105.9244793,
              32.9140951
            ],
            [
              105.923794,
              32.9136973
            ],
            [
              105.9231243,
              32.9132681
            ],
            [
              105.9219708,
              32.912498
            ],
            [
              105.9218915,
              32.912445
            ],
            [
              105.918736,
              32.9103381
            ],
            [
              105.9182341,
              32.9099803
            ],
            [
              105.9180505,
              32.9098309
            ],
            [
              105.9178894,
              32.9096581
            ],
            [
              105.9177337,
              32.9094717
            ],
            [
              105.9174647,
              32.9090134
            ],
            [
              105.9172352,
              32.9083756
            ],
            [
              105.916808,
              32.9071227
            ],
            [
              105.9162602,
              32.9055882
            ],
            [
              105.9160851,
              32.905201
            ],
            [
              105.9158699,
              32.9048755
            ],
            [
              105.9156923,
              32.904682
            ],
            [
              105.9154985,
              32.904479
            ],
            [
              105.9152492,
              32.9042834
            ],
            [
              105.9145924,
              32.9037559
            ],
            [
              105.914181,
              32.9034132
            ],
            [
              105.9139495,
              32.9031341
            ],
            [
              105.9137304,
              32.9027821
            ],
            [
              105.913219,
              32.9017495
            ],
            [
              105.9130366,
              32.9014048
            ],
            [
              105.9128609,
              32.901152
            ],
            [
              105.9126135,
              32.9009013
            ],
            [
              105.9123407,
              32.9006848
            ],
            [
              105.9120918,
              32.9005022
            ],
            [
              105.911623,
              32.9001822
            ],
            [
              105.911311,
              32.8999547
            ],
            [
              105.9109799,
              32.8997531
            ],
            [
              105.910642,
              32.8995655
            ],
            [
              105.9102892,
              32.8994015
            ],
            [
              105.909903,
              32.8992544
            ],
            [
              105.9094668,
              32.8991133
            ],
            [
              105.9068797,
              32.8983101
            ],
            [
              105.9065226,
              32.8981964
            ],
            [
              105.9062554,
              32.8981023
            ],
            [
              105.906044,
              32.8980114
            ],
            [
              105.9058434,
              32.8979136
            ],
            [
              105.9056516,
              32.8978019
            ],
            [
              105.9054705,
              32.8976856
            ],
            [
              105.9051674,
              32.897481
            ],
            [
              105.9041353,
              32.8967369
            ],
            [
              105.9038289,
              32.896541
            ],
            [
              105.903509,
              32.8963631
            ],
            [
              105.902843,
              32.89603
            ],
            [
              105.900411,
              32.8948319
            ],
            [
              105.8991152,
              32.8941917
            ],
            [
              105.8983937,
              32.8938474
            ],
            [
              105.8980235,
              32.8936719
            ],
            [
              105.897671,
              32.8934841
            ],
            [
              105.8973507,
              32.8932917
            ],
            [
              105.897005,
              32.8930535
            ],
            [
              105.8967379,
              32.8928408
            ],
            [
              105.8965245,
              32.8926552
            ],
            [
              105.896283,
              32.8924055
            ],
            [
              105.8960844,
              32.8921919
            ],
            [
              105.895895,
              32.8919674
            ],
            [
              105.8957217,
              32.8917384
            ],
            [
              105.8955443,
              32.8914736
            ],
            [
              105.8953764,
              32.8911628
            ],
            [
              105.8952058,
              32.890807
            ],
            [
              105.895061,
              32.8904226
            ],
            [
              105.8949626,
              32.8900482
            ],
            [
              105.8948854,
              32.8896147
            ],
            [
              105.8946585,
              32.8877937
            ],
            [
              105.8946484,
              32.8874429
            ],
            [
              105.8946711,
              32.8870913
            ],
            [
              105.8947288,
              32.8867929
            ],
            [
              105.8948234,
              32.8864284
            ],
            [
              105.8949488,
              32.886093
            ],
            [
              105.8951161,
              32.8857586
            ],
            [
              105.8953263,
              32.8854152
            ],
            [
              105.8956469,
              32.8850076
            ],
            [
              105.8959676,
              32.8846513
            ],
            [
              105.8978078,
              32.8827756
            ],
            [
              105.8997972,
              32.8809382
            ],
            [
              105.9002168,
              32.8805034
            ],
            [
              105.9004674,
              32.8802375
            ],
            [
              105.9007865,
              32.8798328
            ],
            [
              105.9010734,
              32.8794057
            ],
            [
              105.9013076,
              32.8789855
            ],
            [
              105.9015095,
              32.8785519
            ],
            [
              105.9019588,
              32.8774766
            ],
            [
              105.9020928,
              32.8771043
            ],
            [
              105.9021487,
              32.8768466
            ],
            [
              105.9021778,
              32.8765484
            ],
            [
              105.902183,
              32.8762419
            ],
            [
              105.9021616,
              32.8748091
            ],
            [
              105.9021911,
              32.8744215
            ],
            [
              105.9022736,
              32.8740909
            ],
            [
              105.9023936,
              32.8737604
            ],
            [
              105.9025979,
              32.8733771
            ],
            [
              105.9028634,
              32.8730468
            ],
            [
              105.9036785,
              32.8720626
            ],
            [
              105.9038808,
              32.8717646
            ],
            [
              105.904051,
              32.8714577
            ],
            [
              105.9042205,
              32.8710902
            ],
            [
              105.9043417,
              32.8707408
            ],
            [
              105.9044177,
              32.8704769
            ],
            [
              105.9044775,
              32.8702084
            ],
            [
              105.9057996,
              32.8641217
            ],
            [
              105.9058551,
              32.8638266
            ],
            [
              105.9058774,
              32.8636723
            ],
            [
              105.9058902,
              32.8634927
            ],
            [
              105.905875,
              32.8633524
            ],
            [
              105.905826,
              32.8631388
            ],
            [
              105.9057223,
              32.8628371
            ],
            [
              105.9056056,
              32.8624566
            ],
            [
              105.9055149,
              32.8620924
            ],
            [
              105.9054909,
              32.861918
            ],
            [
              105.9054598,
              32.861695
            ],
            [
              105.9054299,
              32.8614292
            ],
            [
              105.9054481,
              32.8611643
            ],
            [
              105.9054932,
              32.8609174
            ],
            [
              105.9055365,
              32.8607191
            ],
            [
              105.9056065,
              32.8605208
            ],
            [
              105.9057433,
              32.8602361
            ],
            [
              105.9059167,
              32.8599798
            ],
            [
              105.9061117,
              32.8597506
            ],
            [
              105.9063635,
              32.859515
            ],
            [
              105.9065733,
              32.859344
            ],
            [
              105.9068261,
              32.859182
            ],
            [
              105.9071785,
              32.8590033
            ],
            [
              105.9074713,
              32.8588901
            ],
            [
              105.907764,
              32.8588039
            ],
            [
              105.9081215,
              32.8587082
            ],
            [
              105.9085571,
              32.8586009
            ],
            [
              105.9088607,
              32.858518
            ],
            [
              105.9092018,
              32.8584058
            ],
            [
              105.9098114,
              32.8581952
            ],
            [
              105.9114688,
              32.8575863
            ],
            [
              105.9125669,
              32.8572065
            ],
            [
              105.9129309,
              32.8570824
            ],
            [
              105.9133183,
              32.8569184
            ],
            [
              105.9136419,
              32.8567332
            ],
            [
              105.9138735,
              32.85657
            ],
            [
              105.9140782,
              32.8564046
            ],
            [
              105.9142538,
              32.8562428
            ],
            [
              105.9144026,
              32.8560787
            ],
            [
              105.9157812,
              32.8541907
            ],
            [
              105.9161434,
              32.8536147
            ],
            [
              105.9163728,
              32.8531076
            ],
            [
              105.9165706,
              32.8524628
            ],
            [
              105.9166656,
              32.8519244
            ],
            [
              105.9167052,
              32.8514591
            ],
            [
              105.9167355,
              32.8510629
            ],
            [
              105.9167177,
              32.8506502
            ],
            [
              105.91671,
              32.8503471
            ],
            [
              105.9166171,
              32.8498672
            ],
            [
              105.9164476,
              32.8491709
            ],
            [
              105.9162317,
              32.8481975
            ],
            [
              105.9161202,
              32.8473237
            ],
            [
              105.9154312,
              32.8426778
            ],
            [
              105.915542,
              32.8409693
            ],
            [
              105.9155262,
              32.8404574
            ],
            [
              105.9154471,
              32.8399123
            ],
            [
              105.9152018,
              32.8389816
            ],
            [
              105.9151227,
              32.8385694
            ],
            [
              105.9151277,
              32.8384385
            ],
            [
              105.9151385,
              32.8381572
            ],
            [
              105.9152334,
              32.8376918
            ],
            [
              105.9154787,
              32.8369938
            ],
            [
              105.9156291,
              32.8366547
            ],
            [
              105.916121,
              32.8354105
            ],
            [
              105.9164758,
              32.8341716
            ],
            [
              105.9166523,
              32.8334069
            ],
            [
              105.9167544,
              32.8325953
            ],
            [
              105.9167266,
              32.8318305
            ],
            [
              105.916643,
              32.8311672
            ],
            [
              105.9165877,
              32.8308187
            ],
            [
              105.9164201,
              32.8305092
            ],
            [
              105.9163111,
              32.8303327
            ],
            [
              105.9161868,
              32.8301611
            ],
            [
              105.9160572,
              32.8299939
            ],
            [
              105.9159089,
              32.8298122
            ],
            [
              105.9152894,
              32.8291211
            ],
            [
              105.9152128,
              32.829021
            ],
            [
              105.9150956,
              32.8288482
            ],
            [
              105.9149945,
              32.828671
            ],
            [
              105.9147968,
              32.8282884
            ],
            [
              105.9147259,
              32.8281004
            ],
            [
              105.9146656,
              32.8279125
            ],
            [
              105.9143719,
              32.8268264
            ],
            [
              105.9143233,
              32.8265803
            ],
            [
              105.9143016,
              32.8263252
            ],
            [
              105.9142906,
              32.826087
            ],
            [
              105.9143065,
              32.8258037
            ],
            [
              105.9143502,
              32.825535
            ],
            [
              105.9144123,
              32.8253034
            ],
            [
              105.9144614,
              32.8251436
            ],
            [
              105.9145336,
              32.8249392
            ],
            [
              105.914654,
              32.8246738
            ],
            [
              105.9147619,
              32.8244804
            ],
            [
              105.9148909,
              32.824271
            ],
            [
              105.9150307,
              32.8240661
            ],
            [
              105.9154158,
              32.8235503
            ],
            [
              105.9155551,
              32.8233531
            ],
            [
              105.9159601,
              32.822831
            ],
            [
              105.9161488,
              32.822602
            ],
            [
              105.9163696,
              32.8223729
            ],
            [
              105.9165968,
              32.8221854
            ],
            [
              105.916825,
              32.8220335
            ],
            [
              105.9170694,
              32.8219042
            ],
            [
              105.9173072,
              32.8218013
            ],
            [
              105.9175129,
              32.82173
            ],
            [
              105.9177467,
              32.8216586
            ],
            [
              105.9179484,
              32.8216187
            ],
            [
              105.9182411,
              32.8215767
            ],
            [
              105.9185499,
              32.8215481
            ],
            [
              105.9189553,
              32.8215436
            ],
            [
              105.920032,
              32.8215719
            ],
            [
              105.920356,
              32.8215711
            ],
            [
              105.9206692,
              32.821559
            ],
            [
              105.9209159,
              32.8215293
            ],
            [
              105.9211412,
              32.8214771
            ],
            [
              105.9213514,
              32.8214134
            ],
            [
              105.9215616,
              32.821343
            ],
            [
              105.9218371,
              32.8212111
            ],
            [
              105.9226185,
              32.820807
            ],
            [
              105.9234846,
              32.8203536
            ],
            [
              105.9237972,
              32.8201894
            ],
            [
              105.9240331,
              32.8200493
            ],
            [
              105.9242543,
              32.8199004
            ],
            [
              105.9244594,
              32.8197379
            ],
            [
              105.9245992,
              32.8196108
            ],
            [
              105.9247283,
              32.8194747
            ],
            [
              105.9248765,
              32.8192995
            ],
            [
              105.9250361,
              32.8190862
            ],
            [
              105.9261864,
              32.8175426
            ],
            [
              105.9263936,
              32.8173016
            ],
            [
              105.9266612,
              32.8170198
            ],
            [
              105.9269589,
              32.8167156
            ],
            [
              105.9272788,
              32.8163917
            ],
            [
              105.9275526,
              32.8160855
            ],
            [
              105.9278654,
              32.8156877
            ],
            [
              105.9280665,
              32.8153272
            ],
            [
              105.9281765,
              32.8149831
            ],
            [
              105.9282006,
              32.8146886
            ],
            [
              105.9281893,
              32.8144209
            ],
            [
              105.9281565,
              32.8141623
            ],
            [
              105.9280231,
              32.8137172
            ],
            [
              105.9278103,
              32.8133286
            ],
            [
              105.9274955,
              32.8129446
            ],
            [
              105.9272355,
              32.8127129
            ],
            [
              105.9269605,
              32.8125086
            ],
            [
              105.9266934,
              32.8123314
            ],
            [
              105.9264491,
              32.8121844
            ],
            [
              105.925277,
              32.8115346
            ],
            [
              105.9245663,
              32.8111177
            ],
            [
              105.9239165,
              32.8107562
            ],
            [
              105.9228801,
              32.8101565
            ],
            [
              105.9225538,
              32.8099413
            ],
            [
              105.9223472,
              32.8097665
            ],
            [
              105.9221567,
              32.8095805
            ],
            [
              105.9219158,
              32.8093203
            ],
            [
              105.9216802,
              32.8090264
            ],
            [
              105.9211587,
              32.8082822
            ],
            [
              105.9209091,
              32.8079069
            ],
            [
              105.9205127,
              32.8072301
            ],
            [
              105.9203561,
              32.8069701
            ],
            [
              105.9197193,
              32.8059103
            ],
            [
              105.9195919,
              32.8056982
            ],
            [
              105.9190735,
              32.8048261
            ],
            [
              105.9190067,
              32.8047132
            ],
            [
              105.9187029,
              32.8042062
            ],
            [
              105.9186029,
              32.8040165
            ],
            [
              105.9184785,
              32.8037115
            ],
            [
              105.9183968,
              32.8034328
            ],
            [
              105.9182883,
              32.8029295
            ],
            [
              105.9182696,
              32.8025599
            ],
            [
              105.9182565,
              32.8023003
            ],
            [
              105.9182203,
              32.8011426
            ],
            [
              105.9182014,
              32.8003223
            ],
            [
              105.918209,
              32.7996811
            ],
            [
              105.9182171,
              32.7993477
            ],
            [
              105.9182962,
              32.7983642
            ],
            [
              105.9184289,
              32.7977393
            ],
            [
              105.9187067,
              32.7966437
            ],
            [
              105.9188891,
              32.7959386
            ],
            [
              105.9192208,
              32.7946375
            ],
            [
              105.9193036,
              32.7943126
            ],
            [
              105.9195058,
              32.7935195
            ],
            [
              105.9196232,
              32.7930532
            ],
            [
              105.9198342,
              32.7923484
            ],
            [
              105.91992,
              32.7920237
            ],
            [
              105.9199844,
              32.7916539
            ],
            [
              105.9200058,
              32.7911849
            ],
            [
              105.9199847,
              32.7907835
            ],
            [
              105.9199203,
              32.7902783
            ],
            [
              105.9197406,
              32.789194
            ],
            [
              105.9196669,
              32.7888504
            ],
            [
              105.9195824,
              32.7885247
            ],
            [
              105.9194639,
              32.788177
            ],
            [
              105.9193203,
              32.7878412
            ],
            [
              105.9175159,
              32.7846136
            ],
            [
              105.9174472,
              32.7844877
            ],
            [
              105.9170846,
              32.7838233
            ],
            [
              105.9168352,
              32.7833663
            ],
            [
              105.9165404,
              32.7828365
            ],
            [
              105.9162952,
              32.7823878
            ],
            [
              105.9156243,
              32.7811864
            ],
            [
              105.9150558,
              32.7802957
            ],
            [
              105.914753,
              32.7798532
            ],
            [
              105.9145939,
              32.7796446
            ],
            [
              105.9144188,
              32.7794405
            ],
            [
              105.9142277,
              32.7792549
            ],
            [
              105.9140151,
              32.7790648
            ],
            [
              105.913809,
              32.7788878
            ],
            [
              105.9135814,
              32.7787108
            ],
            [
              105.9102637,
              32.7763817
            ],
            [
              105.909809,
              32.776042
            ],
            [
              105.9078049,
              32.7745306
            ],
            [
              105.9075884,
              32.7743659
            ],
            [
              105.9073746,
              32.7741831
            ],
            [
              105.9071121,
              32.7739317
            ],
            [
              105.9069192,
              32.773705
            ],
            [
              105.9067981,
              32.7735478
            ],
            [
              105.9066372,
              32.7733049
            ],
            [
              105.9064706,
              32.7730419
            ],
            [
              105.9063146,
              32.7727654
            ],
            [
              105.9061566,
              32.7724035
            ],
            [
              105.9059985,
              32.7720416
            ],
            [
              105.9057211,
              32.7713533
            ],
            [
              105.9056376,
              32.7711423
            ],
            [
              105.9055755,
              32.7709088
            ],
            [
              105.9055424,
              32.7706422
            ],
            [
              105.9055335,
              32.7703191
            ],
            [
              105.9055582,
              32.7700527
            ],
            [
              105.9056044,
              32.7697953
            ],
            [
              105.9056774,
              32.7695425
            ],
            [
              105.9057772,
              32.7692896
            ],
            [
              105.9059194,
              32.7690312
            ],
            [
              105.9060723,
              32.7688134
            ],
            [
              105.906272,
              32.7685907
            ],
            [
              105.9064369,
              32.7684425
            ],
            [
              105.9072102,
              32.7677996
            ],
            [
              105.9077521,
              32.7673399
            ],
            [
              105.9087694,
              32.7664634
            ],
            [
              105.9090951,
              32.7661573
            ],
            [
              105.9094603,
              32.765799
            ],
            [
              105.9096451,
              32.7655767
            ],
            [
              105.9098085,
              32.7653453
            ],
            [
              105.9099596,
              32.7650485
            ],
            [
              105.9100781,
              32.7647918
            ],
            [
              105.910159,
              32.7645148
            ],
            [
              105.9102299,
              32.7641935
            ],
            [
              105.9102441,
              32.7637606
            ],
            [
              105.9101951,
              32.7633945
            ],
            [
              105.9101526,
              32.7632076
            ],
            [
              105.9100994,
              32.7630207
            ],
            [
              105.9099796,
              32.7627349
            ],
            [
              105.9098383,
              32.7624491
            ],
            [
              105.9097035,
              32.7622214
            ],
            [
              105.9095634,
              32.7620118
            ],
            [
              105.9093497,
              32.7617582
            ],
            [
              105.9088088,
              32.7612294
            ],
            [
              105.9063392,
              32.7588668
            ],
            [
              105.9061602,
              32.7586956
            ],
            [
              105.9059813,
              32.7585243
            ],
            [
              105.9017791,
              32.7544512
            ],
            [
              105.8954941,
              32.7483589
            ],
            [
              105.8950494,
              32.7479842
            ],
            [
              105.8945876,
              32.7475972
            ],
            [
              105.8937053,
              32.746942
            ],
            [
              105.8934136,
              32.7467251
            ],
            [
              105.8931326,
              32.7464902
            ],
            [
              105.8929241,
              32.7462763
            ],
            [
              105.8928305,
              32.7461604
            ],
            [
              105.892737,
              32.7460444
            ],
            [
              105.8925484,
              32.745812
            ],
            [
              105.8923384,
              32.7454893
            ],
            [
              105.8921957,
              32.7451295
            ],
            [
              105.8920959,
              32.7447517
            ],
            [
              105.8916423,
              32.7425679
            ],
            [
              105.8912827,
              32.7406077
            ],
            [
              105.8909072,
              32.7385538
            ],
            [
              105.8907508,
              32.7370013
            ],
            [
              105.8907103,
              32.7364166
            ],
            [
              105.8906912,
              32.7357777
            ],
            [
              105.890651,
              32.73463
            ],
            [
              105.8906967,
              32.733699
            ],
            [
              105.8908168,
              32.732869
            ],
            [
              105.8908705,
              32.7325104
            ],
            [
              105.8909174,
              32.7320788
            ],
            [
              105.8908866,
              32.7316082
            ],
            [
              105.8907702,
              32.7311788
            ],
            [
              105.8903904,
              32.7299522
            ],
            [
              105.8903588,
              32.72985
            ],
            [
              105.8900274,
              32.7287797
            ],
            [
              105.8898491,
              32.7281962
            ],
            [
              105.8898204,
              32.7281033
            ],
            [
              105.8895745,
              32.7272171
            ],
            [
              105.8895467,
              32.7271168
            ],
            [
              105.889428,
              32.7266888
            ],
            [
              105.8893352,
              32.7263258
            ],
            [
              105.8891696,
              32.7256514
            ],
            [
              105.8890412,
              32.7253393
            ],
            [
              105.8889156,
              32.7251085
            ],
            [
              105.8887885,
              32.7248988
            ],
            [
              105.8886774,
              32.7247659
            ],
            [
              105.8885798,
              32.7246601
            ],
            [
              105.8884822,
              32.7245543
            ],
            [
              105.8881379,
              32.7242895
            ],
            [
              105.8878309,
              32.7241019
            ],
            [
              105.8875132,
              32.7239233
            ],
            [
              105.8867344,
              32.7233487
            ],
            [
              105.8858777,
              32.722556
            ],
            [
              105.8856933,
              32.7224016
            ],
            [
              105.8848105,
              32.7216196
            ],
            [
              105.8839508,
              32.7208527
            ],
            [
              105.8835309,
              32.7204649
            ],
            [
              105.8826911,
              32.7195381
            ],
            [
              105.8817246,
              32.7184457
            ],
            [
              105.881567,
              32.7182675
            ],
            [
              105.8809265,
              32.7175537
            ],
            [
              105.8804094,
              32.7169188
            ],
            [
              105.8790491,
              32.7150881
            ],
            [
              105.8788215,
              32.7147774
            ],
            [
              105.8786103,
              32.7144392
            ],
            [
              105.8784313,
              32.7140965
            ],
            [
              105.8782924,
              32.7137829
            ],
            [
              105.8781749,
              32.7134648
            ],
            [
              105.8780783,
              32.7131313
            ],
            [
              105.8780353,
              32.7129534
            ],
            [
              105.8778085,
              32.7118622
            ],
            [
              105.8777652,
              32.711555
            ],
            [
              105.8777434,
              32.7112477
            ],
            [
              105.8777547,
              32.7109313
            ],
            [
              105.8778201,
              32.7104933
            ],
            [
              105.8782106,
              32.7093869
            ],
            [
              105.8785117,
              32.7089721
            ],
            [
              105.8790706,
              32.7081482
            ],
            [
              105.8800008,
              32.7069405
            ],
            [
              105.8803908,
              32.7065117
            ],
            [
              105.8807522,
              32.706174
            ],
            [
              105.8811787,
              32.7058294
            ],
            [
              105.8816602,
              32.7055331
            ],
            [
              105.8823204,
              32.7051773
            ],
            [
              105.882955,
              32.7049265
            ],
            [
              105.8835567,
              32.7047627
            ],
            [
              105.884695,
              32.7044937
            ],
            [
              105.885986,
              32.7042396
            ],
            [
              105.8874595,
              32.7037971
            ],
            [
              105.8884252,
              32.7032539
            ],
            [
              105.8889935,
              32.7027258
            ],
            [
              105.8905929,
              32.7012753
            ],
            [
              105.8928238,
              32.7002349
            ],
            [
              105.8951383,
              32.6995539
            ],
            [
              105.8971521,
              32.69865
            ],
            [
              105.8994181,
              32.6971654
            ],
            [
              105.8999041,
              32.696702
            ],
            [
              105.9000678,
              32.6963744
            ],
            [
              105.9001898,
              32.6958935
            ],
            [
              105.9003118,
              32.6948341
            ],
            [
              105.9003397,
              32.6942103
            ],
            [
              105.90027,
              32.6937085
            ],
            [
              105.8998204,
              32.6925934
            ],
            [
              105.8996357,
              32.6921125
            ],
            [
              105.899573,
              32.6916978
            ],
            [
              105.8996113,
              32.690607
            ],
            [
              105.8996113,
              32.6900704
            ],
            [
              105.8995103,
              32.6894605
            ],
            [
              105.8988656,
              32.6871327
            ],
            [
              105.8982836,
              32.6847909
            ],
            [
              105.8981407,
              32.6837873
            ],
            [
              105.8980804,
              32.6828039
            ],
            [
              105.8980048,
              32.682355
            ],
            [
              105.8979084,
              32.6819285
            ],
            [
              105.897708,
              32.6815911
            ],
            [
              105.8973542,
              32.6812139
            ],
            [
              105.8968118,
              32.6808963
            ],
            [
              105.8960924,
              32.680529
            ],
            [
              105.8953738,
              32.6803304
            ],
            [
              105.8928055,
              32.6798041
            ],
            [
              105.8918855,
              32.679602
            ],
            [
              105.8912765,
              32.6793548
            ],
            [
              105.891015,
              32.6792197
            ],
            [
              105.890725,
              32.6790259
            ],
            [
              105.8902556,
              32.6785723
            ],
            [
              105.8898002,
              32.6780874
            ],
            [
              105.8872751,
              32.675605
            ],
            [
              105.8865186,
              32.6746149
            ],
            [
              105.8860136,
              32.6737014
            ],
            [
              105.8854808,
              32.6724616
            ],
            [
              105.8850251,
              32.6716122
            ],
            [
              105.884547,
              32.6709926
            ],
            [
              105.8834886,
              32.6701424
            ],
            [
              105.8822476,
              32.6695861
            ],
            [
              105.8813855,
              32.6693725
            ],
            [
              105.8796671,
              32.6691398
            ],
            [
              105.8795401,
              32.6691226
            ],
            [
              105.8785685,
              32.6689911
            ],
            [
              105.8774313,
              32.66871
            ],
            [
              105.8763523,
              32.6681159
            ],
            [
              105.8755669,
              32.667351
            ],
            [
              105.8748794,
              32.6659216
            ],
            [
              105.8743475,
              32.6648478
            ],
            [
              105.8742004,
              32.664497
            ],
            [
              105.8740792,
              32.6641301
            ],
            [
              105.8739968,
              32.6635964
            ],
            [
              105.873945,
              32.6631085
            ],
            [
              105.8738563,
              32.6614288
            ],
            [
              105.8738351,
              32.6610718
            ],
            [
              105.8736191,
              32.6565274
            ],
            [
              105.8735117,
              32.6547996
            ],
            [
              105.8735145,
              32.6545684
            ],
            [
              105.8735755,
              32.654177
            ],
            [
              105.8736805,
              32.6537706
            ],
            [
              105.8737642,
              32.6535693
            ],
            [
              105.8741507,
              32.652868
            ],
            [
              105.8752723,
              32.651211
            ],
            [
              105.8754586,
              32.6509224
            ],
            [
              105.8756928,
              32.6505251
            ],
            [
              105.8761815,
              32.6495597
            ],
            [
              105.8763788,
              32.6492535
            ],
            [
              105.8766198,
              32.6489626
            ],
            [
              105.8767544,
              32.6488317
            ],
            [
              105.8769281,
              32.6486607
            ],
            [
              105.8773265,
              32.6483253
            ],
            [
              105.8777501,
              32.647993
            ],
            [
              105.8781435,
              32.6476647
            ],
            [
              105.8784967,
              32.6472781
            ],
            [
              105.8787594,
              32.6468815
            ],
            [
              105.8788642,
              32.6466413
            ],
            [
              105.8789422,
              32.6463994
            ],
            [
              105.8790009,
              32.6461599
            ],
            [
              105.8790269,
              32.6459213
            ],
            [
              105.8790256,
              32.6457096
            ],
            [
              105.8790038,
              32.6454977
            ],
            [
              105.878907,
              32.6450602
            ],
            [
              105.8787548,
              32.6447169
            ],
            [
              105.878376,
              32.6441687
            ],
            [
              105.8781736,
              32.6439522
            ],
            [
              105.8778537,
              32.643589
            ],
            [
              105.8776411,
              32.6433476
            ],
            [
              105.8773154,
              32.6430087
            ],
            [
              105.8770996,
              32.6427728
            ],
            [
              105.8749642,
              32.6405268
            ],
            [
              105.8746194,
              32.6402118
            ],
            [
              105.8737632,
              32.6395646
            ],
            [
              105.873288,
              32.6392508
            ],
            [
              105.8728838,
              32.6389968
            ],
            [
              105.8724216,
              32.6387598
            ],
            [
              105.8708066,
              32.6380327
            ],
            [
              105.8689962,
              32.6371923
            ],
            [
              105.8686922,
              32.6370566
            ],
            [
              105.8682363,
              32.6368439
            ],
            [
              105.8677709,
              32.6366338
            ],
            [
              105.8673588,
              32.6364477
            ],
            [
              105.8667782,
              32.6360341
            ],
            [
              105.8664097,
              32.6357276
            ],
            [
              105.8660367,
              32.6353024
            ],
            [
              105.8657274,
              32.6347623
            ],
            [
              105.8655182,
              32.6342528
            ],
            [
              105.8652998,
              32.6337165
            ],
            [
              105.8651745,
              32.6332121
            ],
            [
              105.865027,
              32.6326013
            ],
            [
              105.8649433,
              32.6321667
            ],
            [
              105.8648694,
              32.6318567
            ],
            [
              105.8648016,
              32.6316529
            ],
            [
              105.864726,
              32.6314984
            ],
            [
              105.8635653,
              32.6298246
            ],
            [
              105.8632077,
              32.6291894
            ],
            [
              105.8628676,
              32.6287193
            ],
            [
              105.8621024,
              32.6277334
            ],
            [
              105.8616337,
              32.6271385
            ],
            [
              105.8611562,
              32.6265729
            ],
            [
              105.8607093,
              32.6261121
            ],
            [
              105.8602449,
              32.6256714
            ],
            [
              105.8599135,
              32.6253244
            ],
            [
              105.8596127,
              32.6249957
            ],
            [
              105.8567858,
              32.6215249
            ],
            [
              105.8564304,
              32.6210915
            ],
            [
              105.8562473,
              32.6208602
            ],
            [
              105.8560489,
              32.6205664
            ],
            [
              105.8558843,
              32.6202616
            ],
            [
              105.855747,
              32.6199604
            ],
            [
              105.8556456,
              32.6196712
            ],
            [
              105.8555125,
              32.6190691
            ],
            [
              105.8553349,
              32.6182292
            ],
            [
              105.8549287,
              32.616535
            ],
            [
              105.8545602,
              32.6150627
            ],
            [
              105.8543551,
              32.6142462
            ],
            [
              105.8543039,
              32.6136637
            ],
            [
              105.8543006,
              32.613198
            ],
            [
              105.8544598,
              32.6126916
            ],
            [
              105.8545396,
              32.612421
            ],
            [
              105.8547383,
              32.6120411
            ],
            [
              105.8549082,
              32.6118213
            ],
            [
              105.8553164,
              32.6114485
            ],
            [
              105.8562776,
              32.6107787
            ],
            [
              105.8570491,
              32.6102026
            ],
            [
              105.8573721,
              32.6100386
            ],
            [
              105.8576616,
              32.6098893
            ],
            [
              105.8579838,
              32.6097316
            ],
            [
              105.858363,
              32.6096052
            ],
            [
              105.8587933,
              32.6094808
            ],
            [
              105.8599319,
              32.6092054
            ],
            [
              105.86017,
              32.6091485
            ],
            [
              105.8605461,
              32.6090585
            ],
            [
              105.8612195,
              32.6089311
            ],
            [
              105.8620034,
              32.6088134
            ],
            [
              105.862697,
              32.608699
            ],
            [
              105.8629794,
              32.6086728
            ],
            [
              105.8635748,
              32.6086177
            ],
            [
              105.8645709,
              32.608562
            ],
            [
              105.8655907,
              32.6085357
            ],
            [
              105.866071,
              32.6084819
            ],
            [
              105.8665103,
              32.6083223
            ],
            [
              105.8669099,
              32.6081065
            ],
            [
              105.8672764,
              32.6078737
            ],
            [
              105.8675127,
              32.6077041
            ],
            [
              105.8676648,
              32.6075634
            ],
            [
              105.8678574,
              32.6073375
            ],
            [
              105.8681123,
              32.6070252
            ],
            [
              105.8683209,
              32.6066663
            ],
            [
              105.8684241,
              32.6064154
            ],
            [
              105.8684971,
              32.6062533
            ],
            [
              105.8685246,
              32.6059898
            ],
            [
              105.8685471,
              32.6058247
            ],
            [
              105.8686115,
              32.6052892
            ],
            [
              105.8687259,
              32.6043371
            ],
            [
              105.8686991,
              32.603952
            ],
            [
              105.8686233,
              32.6027942
            ],
            [
              105.8688514,
              32.6014114
            ],
            [
              105.8688609,
              32.6003706
            ],
            [
              105.8687563,
              32.5996981
            ],
            [
              105.8686469,
              32.5991545
            ],
            [
              105.8684949,
              32.5987222
            ],
            [
              105.8681623,
              32.5981498
            ],
            [
              105.8678106,
              32.5977289
            ],
            [
              105.8675735,
              32.5975388
            ],
            [
              105.8673425,
              32.5973721
            ],
            [
              105.8671355,
              32.5972425
            ],
            [
              105.8669069,
              32.5971358
            ],
            [
              105.866763,
              32.597061
            ],
            [
              105.8666075,
              32.5970044
            ],
            [
              105.8663494,
              32.5969228
            ],
            [
              105.8661117,
              32.596862
            ],
            [
              105.8654193,
              32.5967287
            ],
            [
              105.8645346,
              32.5965538
            ],
            [
              105.8639488,
              32.5964361
            ],
            [
              105.8632171,
              32.5962958
            ],
            [
              105.8626261,
              32.5961738
            ],
            [
              105.8622905,
              32.5960972
            ],
            [
              105.8618987,
              32.5959758
            ],
            [
              105.8615419,
              32.5958452
            ],
            [
              105.8612068,
              32.595701
            ],
            [
              105.8608431,
              32.595514
            ],
            [
              105.8605476,
              32.595351
            ],
            [
              105.8602017,
              32.5951285
            ],
            [
              105.8598721,
              32.5948928
            ],
            [
              105.859566,
              32.5946324
            ],
            [
              105.8592751,
              32.5943478
            ],
            [
              105.8587085,
              32.5937779
            ],
            [
              105.8581681,
              32.5931959
            ],
            [
              105.8580789,
              32.5931031
            ],
            [
              105.8528726,
              32.5871188
            ],
            [
              105.8524681,
              32.5868217
            ],
            [
              105.8521363,
              32.5866432
            ],
            [
              105.8518291,
              32.5865194
            ],
            [
              105.8515314,
              32.586423
            ],
            [
              105.8508084,
              32.5862047
            ],
            [
              105.8500958,
              32.5859421
            ],
            [
              105.8494505,
              32.5856067
            ],
            [
              105.8487433,
              32.5851203
            ],
            [
              105.8484787,
              32.5848873
            ],
            [
              105.8482386,
              32.5846526
            ],
            [
              105.8477592,
              32.5841241
            ],
            [
              105.8472154,
              32.5832826
            ],
            [
              105.8469734,
              32.582908
            ],
            [
              105.8464166,
              32.5820601
            ],
            [
              105.8461652,
              32.5817009
            ],
            [
              105.8446549,
              32.5792839
            ],
            [
              105.8443808,
              32.5787495
            ],
            [
              105.8440592,
              32.577551
            ],
            [
              105.8438156,
              32.5764986
            ],
            [
              105.843611,
              32.5757678
            ],
            [
              105.8433674,
              32.5751539
            ],
            [
              105.8424709,
              32.573283
            ],
            [
              105.8418375,
              32.5716655
            ],
            [
              105.84174,
              32.571327
            ],
            [
              105.8416386,
              32.5709747
            ],
            [
              105.8416121,
              32.5707658
            ],
            [
              105.841511,
              32.5703506
            ],
            [
              105.8414537,
              32.5698495
            ],
            [
              105.8416031,
              32.5682425
            ],
            [
              105.8417104,
              32.5677499
            ],
            [
              105.8417465,
              32.5673409
            ],
            [
              105.8420258,
              32.5662171
            ],
            [
              105.8427368,
              32.5642348
            ],
            [
              105.8432212,
              32.5629346
            ],
            [
              105.8433591,
              32.5624525
            ],
            [
              105.843403,
              32.5622025
            ],
            [
              105.8434284,
              32.5619473
            ],
            [
              105.8433966,
              32.5607812
            ],
            [
              105.8434348,
              32.5600893
            ],
            [
              105.8435213,
              32.559598
            ],
            [
              105.8437299,
              32.5588903
            ],
            [
              105.8439559,
              32.5581819
            ],
            [
              105.84441,
              32.5567763
            ],
            [
              105.8446049,
              32.5561332
            ],
            [
              105.8446824,
              32.5558209
            ],
            [
              105.844724,
              32.5555043
            ],
            [
              105.8447366,
              32.5551837
            ],
            [
              105.8447256,
              32.5548946
            ],
            [
              105.8446547,
              32.5545355
            ],
            [
              105.8445599,
              32.5542309
            ],
            [
              105.8444181,
              32.5538972
            ],
            [
              105.8442414,
              32.5535916
            ],
            [
              105.8440111,
              32.5532678
            ],
            [
              105.8437406,
              32.5529875
            ],
            [
              105.843456,
              32.5527476
            ],
            [
              105.8431363,
              32.5525117
            ],
            [
              105.8428072,
              32.5523188
            ],
            [
              105.8424556,
              32.5521383
            ],
            [
              105.8410591,
              32.5514242
            ],
            [
              105.8403332,
              32.5509722
            ],
            [
              105.8400729,
              32.5507611
            ],
            [
              105.8398087,
              32.5504572
            ],
            [
              105.839558,
              32.5501119
            ],
            [
              105.8385944,
              32.5484983
            ],
            [
              105.8381182,
              32.5476098
            ],
            [
              105.8374822,
              32.5464509
            ],
            [
              105.8371464,
              32.5458547
            ],
            [
              105.8368946,
              32.545267
            ],
            [
              105.8367368,
              32.5446792
            ],
            [
              105.836662,
              32.5440454
            ],
            [
              105.8365585,
              32.5427116
            ],
            [
              105.8365513,
              32.542608
            ],
            [
              105.8365236,
              32.5422194
            ],
            [
              105.836452,
              32.5417904
            ],
            [
              105.8361312,
              32.5410922
            ],
            [
              105.8360277,
              32.5409216
            ],
            [
              105.8357747,
              32.5405049
            ],
            [
              105.8352033,
              32.5395638
            ],
            [
              105.835024,
              32.5392032
            ],
            [
              105.83492,
              32.5389392
            ],
            [
              105.8348091,
              32.5386081
            ],
            [
              105.8346908,
              32.5381174
            ],
            [
              105.834648,
              32.5378728
            ],
            [
              105.8346077,
              32.5374721
            ],
            [
              105.8346898,
              32.5355389
            ],
            [
              105.8348495,
              32.5345929
            ],
            [
              105.8349223,
              32.5343425
            ],
            [
              105.8351897,
              32.5337068
            ],
            [
              105.8355441,
              32.5330325
            ],
            [
              105.8357975,
              32.5325505
            ],
            [
              105.8359341,
              32.5322737
            ],
            [
              105.8363145,
              32.5316448
            ],
            [
              105.836774,
              32.5306884
            ],
            [
              105.8374191,
              32.5295251
            ],
            [
              105.8382582,
              32.5280157
            ],
            [
              105.8390649,
              32.5267163
            ],
            [
              105.8402275,
              32.5251392
            ],
            [
              105.8412189,
              32.5238522
            ],
            [
              105.8413376,
              32.5236981
            ],
            [
              105.8416312,
              32.5233336
            ],
            [
              105.8420119,
              32.5228611
            ],
            [
              105.8422975,
              32.5225066
            ],
            [
              105.8426282,
              32.5220198
            ],
            [
              105.8430298,
              32.521277
            ],
            [
              105.8435499,
              32.5201717
            ],
            [
              105.8439983,
              32.5191015
            ],
            [
              105.8449162,
              32.5173912
            ],
            [
              105.8462488,
              32.5154524
            ],
            [
              105.8469746,
              32.5144097
            ],
            [
              105.847361,
              32.5137045
            ],
            [
              105.8477103,
              32.5128179
            ],
            [
              105.847962,
              32.5118694
            ],
            [
              105.8482871,
              32.5102271
            ],
            [
              105.8483558,
              32.5099147
            ],
            [
              105.848375,
              32.5097059
            ],
            [
              105.8484033,
              32.5093075
            ],
            [
              105.8484479,
              32.5080547
            ],
            [
              105.8484444,
              32.5077615
            ],
            [
              105.8484281,
              32.5075954
            ],
            [
              105.8484128,
              32.5074541
            ],
            [
              105.8483444,
              32.5070928
            ],
            [
              105.8480556,
              32.5062264
            ],
            [
              105.8479126,
              32.5056489
            ],
            [
              105.8478412,
              32.505012
            ],
            [
              105.8477556,
              32.5029114
            ],
            [
              105.8477867,
              32.5025372
            ],
            [
              105.8483433,
              32.5007828
            ],
            [
              105.8484293,
              32.5001794
            ],
            [
              105.8484205,
              32.4991689
            ],
            [
              105.8483855,
              32.498648
            ],
            [
              105.8482088,
              32.4979223
            ],
            [
              105.8457142,
              32.4889139
            ],
            [
              105.8456215,
              32.4884851
            ],
            [
              105.8455481,
              32.4879649
            ],
            [
              105.8454536,
              32.4870868
            ],
            [
              105.8454215,
              32.4861511
            ],
            [
              105.8453421,
              32.4855145
            ],
            [
              105.8451828,
              32.4848407
            ],
            [
              105.8448996,
              32.4841335
            ],
            [
              105.843901,
              32.4818742
            ],
            [
              105.8435999,
              32.4813623
            ],
            [
              105.8433633,
              32.4809954
            ],
            [
              105.8424992,
              32.4797161
            ],
            [
              105.8403935,
              32.4768142
            ],
            [
              105.8402101,
              32.4765396
            ],
            [
              105.8395493,
              32.4756593
            ],
            [
              105.8385247,
              32.4742971
            ],
            [
              105.8358907,
              32.4709564
            ],
            [
              105.8356157,
              32.4706115
            ],
            [
              105.8352951,
              32.4702824
            ],
            [
              105.8350403,
              32.4700721
            ],
            [
              105.8345952,
              32.4697781
            ],
            [
              105.833206,
              32.4688636
            ],
            [
              105.8328391,
              32.4686019
            ],
            [
              105.8325151,
              32.4683282
            ],
            [
              105.8322485,
              32.4680726
            ],
            [
              105.8320746,
              32.467892
            ],
            [
              105.8318362,
              32.4676078
            ],
            [
              105.8316067,
              32.4673043
            ],
            [
              105.8303834,
              32.4657242
            ],
            [
              105.8300515,
              32.4652905
            ],
            [
              105.8272865,
              32.4617563
            ],
            [
              105.8270104,
              32.4614248
            ],
            [
              105.8267174,
              32.4611078
            ],
            [
              105.8264623,
              32.4608731
            ],
            [
              105.8260802,
              32.4605489
            ],
            [
              105.8252615,
              32.4598869
            ],
            [
              105.8250048,
              32.4596786
            ],
            [
              105.8192543,
              32.4550149
            ],
            [
              105.8185905,
              32.4544532
            ],
            [
              105.814505,
              32.4510314
            ],
            [
              105.8142085,
              32.4507989
            ],
            [
              105.8139145,
              32.4505882
            ],
            [
              105.8133177,
              32.4501699
            ],
            [
              105.8128205,
              32.4498049
            ],
            [
              105.8126474,
              32.4496592
            ],
            [
              105.8120785,
              32.4492512
            ],
            [
              105.8111814,
              32.4485038
            ],
            [
              105.8108429,
              32.4482087
            ],
            [
              105.8103174,
              32.4477347
            ],
            [
              105.8099671,
              32.4474074
            ],
            [
              105.8086099,
              32.4462105
            ],
            [
              105.8080746,
              32.4457371
            ],
            [
              105.8071194,
              32.4449829
            ],
            [
              105.8048156,
              32.4433149
            ],
            [
              105.8041379,
              32.4427605
            ],
            [
              105.8034654,
              32.4421396
            ],
            [
              105.8030865,
              32.4416867
            ],
            [
              105.8027362,
              32.441109
            ],
            [
              105.8025241,
              32.4405628
            ],
            [
              105.8023611,
              32.4399335
            ],
            [
              105.8022282,
              32.4393476
            ],
            [
              105.8021784,
              32.4387927
            ],
            [
              105.8021773,
              32.4380494
            ],
            [
              105.8022752,
              32.4372713
            ],
            [
              105.8024011,
              32.4366491
            ],
            [
              105.8026132,
              32.4359563
            ],
            [
              105.8028335,
              32.4355021
            ],
            [
              105.8031712,
              32.4349718
            ],
            [
              105.8043548,
              32.4336656
            ],
            [
              105.8046285,
              32.4333408
            ],
            [
              105.8048723,
              32.4329276
            ],
            [
              105.8050566,
              32.4325398
            ],
            [
              105.8051327,
              32.4322839
            ],
            [
              105.8051766,
              32.432019
            ],
            [
              105.8052325,
              32.4315306
            ],
            [
              105.8054036,
              32.4304943
            ],
            [
              105.8054884,
              32.4301028
            ],
            [
              105.8056379,
              32.4296487
            ],
            [
              105.8057359,
              32.4294402
            ],
            [
              105.8060255,
              32.4289179
            ],
            [
              105.8064706,
              32.4281041
            ],
            [
              105.8066679,
              32.427691
            ],
            [
              105.8067859,
              32.4273288
            ],
            [
              105.8068718,
              32.4269394
            ],
            [
              105.8069093,
              32.4264866
            ],
            [
              105.8069093,
              32.4261651
            ],
            [
              105.8068932,
              32.425993
            ],
            [
              105.8068235,
              32.4255266
            ],
            [
              105.8067269,
              32.4251734
            ],
            [
              105.8065231,
              32.4246663
            ],
            [
              105.8060691,
              32.4239562
            ],
            [
              105.8057359,
              32.4235743
            ],
            [
              105.8033567,
              32.4213989
            ],
            [
              105.8026823,
              32.4208905
            ],
            [
              105.8018589,
              32.4205034
            ],
            [
              105.8009255,
              32.4202317
            ],
            [
              105.7993302,
              32.4199599
            ],
            [
              105.7991445,
              32.4199283
            ],
            [
              105.7987756,
              32.4198747
            ],
            [
              105.7981816,
              32.4198015
            ],
            [
              105.7969558,
              32.4196022
            ],
            [
              105.7966558,
              32.4195695
            ],
            [
              105.7963548,
              32.4195441
            ],
            [
              105.7959941,
              32.4195192
            ],
            [
              105.7956918,
              32.4195084
            ],
            [
              105.7953894,
              32.4195049
            ],
            [
              105.7950501,
              32.4195097
            ],
            [
              105.7947112,
              32.4195238
            ],
            [
              105.794373,
              32.419547
            ],
            [
              105.7940359,
              32.4195794
            ],
            [
              105.7937351,
              32.419621
            ],
            [
              105.7933716,
              32.4196829
            ],
            [
              105.7923853,
              32.4198852
            ],
            [
              105.7907224,
              32.4202974
            ],
            [
              105.7900652,
              32.4204695
            ],
            [
              105.7893572,
              32.4205894
            ],
            [
              105.7884808,
              32.4207544
            ],
            [
              105.7879143,
              32.4208573
            ],
            [
              105.7870896,
              32.4210937
            ],
            [
              105.7867862,
              32.4212382
            ],
            [
              105.7864127,
              32.421514
            ],
            [
              105.7860781,
              32.4218096
            ],
            [
              105.7858058,
              32.4221708
            ],
            [
              105.7842031,
              32.4247649
            ],
            [
              105.7838841,
              32.4251524
            ],
            [
              105.7835106,
              32.4255333
            ],
            [
              105.7828558,
              32.426005
            ],
            [
              105.7812971,
              32.4271605
            ],
            [
              105.7800406,
              32.4280486
            ],
            [
              105.7798153,
              32.4281912
            ],
            [
              105.779564,
              32.4283194
            ],
            [
              105.7792644,
              32.4284403
            ],
            [
              105.7789552,
              32.428546
            ],
            [
              105.7786388,
              32.4286279
            ],
            [
              105.7783107,
              32.4286939
            ],
            [
              105.7778621,
              32.4287381
            ],
            [
              105.7773097,
              32.4287578
            ],
            [
              105.7768195,
              32.4287184
            ],
            [
              105.7761738,
              32.4285805
            ],
            [
              105.7745171,
              32.428054
            ],
            [
              105.7738993,
              32.4278435
            ],
            [
              105.7732966,
              32.427615
            ],
            [
              105.7727638,
              32.4273621
            ],
            [
              105.767449,
              32.4242291
            ],
            [
              105.766639,
              32.4236469
            ],
            [
              105.7661715,
              32.4232627
            ],
            [
              105.7657654,
              32.4228988
            ],
            [
              105.7654417,
              32.4225608
            ],
            [
              105.7651672,
              32.4222021
            ],
            [
              105.7622824,
              32.4174843
            ],
            [
              105.7620402,
              32.4171204
            ],
            [
              105.7617275,
              32.4167137
            ],
            [
              105.7613533,
              32.4163117
            ],
            [
              105.7610285,
              32.4160173
            ],
            [
              105.7606316,
              32.4156909
            ],
            [
              105.7599868,
              32.4151482
            ],
            [
              105.7595857,
              32.4148785
            ],
            [
              105.7591193,
              32.414575
            ],
            [
              105.7585279,
              32.4143025
            ],
            [
              105.7579872,
              32.4141335
            ],
            [
              105.7574317,
              32.4140396
            ],
            [
              105.7550138,
              32.4139545
            ],
            [
              105.7546556,
              32.4139609
            ],
            [
              105.7543109,
              32.413984
            ],
            [
              105.7538498,
              32.4140546
            ],
            [
              105.7535614,
              32.4141163
            ],
            [
              105.75323,
              32.4142054
            ],
            [
              105.7527998,
              32.4143927
            ],
            [
              105.7522955,
              32.414654
            ],
            [
              105.7518391,
              32.4149352
            ],
            [
              105.7500238,
              32.4161741
            ],
            [
              105.7495382,
              32.416483
            ],
            [
              105.7489923,
              32.4167753
            ],
            [
              105.7473621,
              32.417656
            ],
            [
              105.7470586,
              32.4177939
            ],
            [
              105.746584,
              32.4179516
            ],
            [
              105.7460704,
              32.4180632
            ],
            [
              105.7454168,
              32.4181224
            ],
            [
              105.7414249,
              32.4181946
            ],
            [
              105.7409658,
              32.4181683
            ],
            [
              105.7404911,
              32.4180304
            ],
            [
              105.7400009,
              32.4178005
            ],
            [
              105.7391683,
              32.4173013
            ],
            [
              105.7385225,
              32.4169794
            ],
            [
              105.7379544,
              32.4167692
            ],
            [
              105.7373241,
              32.4166378
            ],
            [
              105.7367794,
              32.4165656
            ],
            [
              105.736188,
              32.416559
            ],
            [
              105.7356667,
              32.4166247
            ],
            [
              105.7350364,
              32.4167758
            ],
            [
              105.7345384,
              32.4169662
            ],
            [
              105.7331068,
              32.4177249
            ],
            [
              105.7319319,
              32.418408
            ],
            [
              105.7313483,
              32.4186707
            ],
            [
              105.7309126,
              32.4188481
            ],
            [
              105.7291386,
              32.4192947
            ],
            [
              105.7270145,
              32.4198333
            ],
            [
              105.7266129,
              32.4198816
            ],
            [
              105.7261012,
              32.4198677
            ],
            [
              105.7255676,
              32.4198073
            ],
            [
              105.7250944,
              32.4197237
            ],
            [
              105.7247533,
              32.4196216
            ],
            [
              105.7243847,
              32.4194915
            ],
            [
              105.7239611,
              32.4192965
            ],
            [
              105.722349,
              32.4184094
            ],
            [
              105.7219914,
              32.4182376
            ],
            [
              105.7214027,
              32.4180146
            ],
            [
              105.7201649,
              32.4176802
            ],
            [
              105.7187454,
              32.4172112
            ],
            [
              105.7177661,
              32.4169371
            ],
            [
              105.7155984,
              32.4163519
            ],
            [
              105.7150702,
              32.4162012
            ],
            [
              105.7140524,
              32.4159107
            ],
            [
              105.7131997,
              32.4156274
            ],
            [
              105.7125574,
              32.4153886
            ],
            [
              105.7116001,
              32.4149938
            ],
            [
              105.7110022,
              32.4147425
            ],
            [
              105.7076114,
              32.4133172
            ],
            [
              105.7061919,
              32.4127366
            ],
            [
              105.7054987,
              32.4124811
            ],
            [
              105.7045689,
              32.412221
            ],
            [
              105.7035566,
              32.4120445
            ],
            [
              105.7029404,
              32.4119656
            ],
            [
              105.7010753,
              32.4117659
            ],
            [
              105.6994248,
              32.4116544
            ],
            [
              105.6990287,
              32.4116033
            ],
            [
              105.698484,
              32.4114686
            ],
            [
              105.6980164,
              32.4113014
            ],
            [
              105.6973121,
              32.4110041
            ],
            [
              105.6930043,
              32.4090951
            ],
            [
              105.6908916,
              32.4081058
            ],
            [
              105.6898243,
              32.4076552
            ],
            [
              105.6895272,
              32.4075298
            ],
            [
              105.6891421,
              32.4072697
            ],
            [
              105.6888119,
              32.4069957
            ],
            [
              105.6869909,
              32.4050587
            ],
            [
              105.6866993,
              32.4048032
            ],
            [
              105.6863802,
              32.4045896
            ],
            [
              105.6859455,
              32.4043619
            ],
            [
              105.6854834,
              32.4041994
            ],
            [
              105.6850323,
              32.4040925
            ],
            [
              105.6845591,
              32.4040693
            ],
            [
              105.6841795,
              32.4040832
            ],
            [
              105.6836128,
              32.4041808
            ],
            [
              105.6830296,
              32.4043852
            ],
            [
              105.6818031,
              32.4048512
            ],
            [
              105.6807578,
              32.4052768
            ],
            [
              105.6795599,
              32.4055811
            ],
            [
              105.6783215,
              32.405755
            ],
            [
              105.6749992,
              32.4060499
            ],
            [
              105.6739225,
              32.4060507
            ],
            [
              105.6730177,
              32.4059721
            ],
            [
              105.6711847,
              32.4054497
            ],
            [
              105.6682365,
              32.4041541
            ],
            [
              105.6668245,
              32.4035313
            ],
            [
              105.6660426,
              32.4031266
            ],
            [
              105.66549,
              32.4027439
            ],
            [
              105.6650351,
              32.4023701
            ],
            [
              105.6648199,
              32.4021762
            ],
            [
              105.663833,
              32.4011963
            ],
            [
              105.6619992,
              32.3992411
            ],
            [
              105.6618576,
              32.399091
            ],
            [
              105.6617107,
              32.3989446
            ],
            [
              105.6615585,
              32.3988021
            ],
            [
              105.6614011,
              32.3986637
            ],
            [
              105.6612134,
              32.398509
            ],
            [
              105.6610192,
              32.3983601
            ],
            [
              105.660819,
              32.3982171
            ],
            [
              105.6606128,
              32.3980802
            ],
            [
              105.660401,
              32.3979496
            ],
            [
              105.6601839,
              32.3978254
            ],
            [
              105.6599617,
              32.3977078
            ],
            [
              105.6597347,
              32.3975969
            ],
            [
              105.6543077,
              32.3949493
            ],
            [
              105.6457446,
              32.3907791
            ],
            [
              105.6445612,
              32.3902078
            ]
          ],
          [
            [
              105.334561,
              32.2227553
            ],
            [
              105.3335574,
              32.2246465
            ],
            [
              105.3328302,
              32.2259417
            ],
            [
              105.332486,
              32.2265662
            ],
            [
              105.3321414,
              32.2271881
            ],
            [
              105.3319654,
              32.2276164
            ],
            [
              105.3318666,
              32.2279487
            ],
            [
              105.3317822,
              32.2283423
            ],
            [
              105.3317051,
              32.2288174
            ],
            [
              105.3316834,
              32.2292435
            ],
            [
              105.3317051,
              32.2297064
            ],
            [
              105.3317533,
              32.230051
            ],
            [
              105.3318376,
              32.2305057
            ],
            [
              105.331975,
              32.2309094
            ],
            [
              105.3322257,
              32.2314253
            ],
            [
              105.332816,
              32.2327833
            ],
            [
              105.3338799,
              32.2347292
            ],
            [
              105.3342426,
              32.2352308
            ],
            [
              105.334492,
              32.2355598
            ],
            [
              105.3347951,
              32.2358434
            ],
            [
              105.3351733,
              32.2361202
            ],
            [
              105.3355649,
              32.2363357
            ],
            [
              105.3359431,
              32.2365149
            ],
            [
              105.3363723,
              32.2366942
            ],
            [
              105.3359431,
              32.2365149
            ],
            [
              105.3355649,
              32.2363357
            ],
            [
              105.3351733,
              32.2361202
            ],
            [
              105.3347951,
              32.2358434
            ],
            [
              105.334492,
              32.2355598
            ],
            [
              105.3342426,
              32.2352308
            ],
            [
              105.3338799,
              32.2347292
            ],
            [
              105.332816,
              32.2327833
            ],
            [
              105.3322257,
              32.2314253
            ],
            [
              105.331975,
              32.2309094
            ],
            [
              105.3318376,
              32.2305057
            ],
            [
              105.3317533,
              32.230051
            ],
            [
              105.3317051,
              32.2297064
            ],
            [
              105.3316834,
              32.2292435
            ],
            [
              105.3317051,
              32.2288174
            ],
            [
              105.3317822,
              32.2283423
            ],
            [
              105.3318666,
              32.2279487
            ],
            [
              105.3319654,
              32.2276164
            ],
            [
              105.3321414,
              32.2271881
            ],
            [
              105.332486,
              32.2265662
            ],
            [
              105.3328302,
              32.2259417
            ],
            [
              105.3335574,
              32.2246465
            ],
            [
              105.334561,
              32.2227553
            ],
            [
              105.3346826,
              32.2224912
            ],
            [
              105.3348267,
              32.222125
            ],
            [
              105.334904,
              32.2215771
            ],
            [
              105.3350723,
              32.2208813
            ],
            [
              105.3351146,
              32.22022
            ],
            [
              105.3351055,
              32.2196966
            ],
            [
              105.3350152,
              32.2192819
            ],
            [
              105.3349746,
              32.219182
            ],
            [
              105.3346893,
              32.2186348
            ],
            [
              105.3341941,
              32.2178206
            ],
            [
              105.3335346,
              32.216947
            ],
            [
              105.3319418,
              32.2152155
            ],
            [
              105.3311106,
              32.2142811
            ],
            [
              105.3306586,
              32.2136868
            ],
            [
              105.3302497,
              32.2133075
            ],
            [
              105.3298999,
              32.2130177
            ],
            [
              105.3293308,
              32.2126509
            ],
            [
              105.3287001,
              32.2122069
            ],
            [
              105.3281015,
              32.2117442
            ],
            [
              105.3274782,
              32.2111314
            ],
            [
              105.326983,
              32.2106186
            ],
            [
              105.3266603,
              32.2102851
            ],
            [
              105.3263048,
              32.2100034
            ],
            [
              105.3259459,
              32.2097932
            ],
            [
              105.3255813,
              32.2096285
            ],
            [
              105.3251584,
              32.2095115
            ],
            [
              105.3247081,
              32.209413
            ],
            [
              105.3242268,
              32.2093605
            ],
            [
              105.3236396,
              32.2093542
            ],
            [
              105.3229228,
              32.2093509
            ],
            [
              105.3194967,
              32.2093039
            ],
            [
              105.3159284,
              32.209216
            ],
            [
              105.3150457,
              32.2091165
            ],
            [
              105.3145934,
              32.2090278
            ],
            [
              105.3141887,
              32.208906
            ],
            [
              105.3137077,
              32.2087141
            ],
            [
              105.3132214,
              32.2084709
            ],
            [
              105.3115468,
              32.2074304
            ],
            [
              105.3108662,
              32.2070344
            ],
            [
              105.3103187,
              32.2067865
            ],
            [
              105.3096925,
              32.2065576
            ],
            [
              105.3033117,
              32.2045149
            ],
            [
              105.3026486,
              32.2042773
            ],
            [
              105.3020101,
              32.203961
            ],
            [
              105.3008616,
              32.203416
            ],
            [
              105.3003894,
              32.2031933
            ],
            [
              105.2994031,
              32.202799
            ],
            [
              105.298893,
              32.2025466
            ],
            [
              105.2984687,
              32.2022142
            ],
            [
              105.2980474,
              32.2018049
            ],
            [
              105.297101,
              32.2008006
            ],
            [
              105.2940199,
              32.1980883
            ],
            [
              105.292139,
              32.196273
            ],
            [
              105.2917564,
              32.1957973
            ],
            [
              105.2901519,
              32.1935085
            ],
            [
              105.2898269,
              32.1929787
            ],
            [
              105.2896478,
              32.1925657
            ],
            [
              105.2895362,
              32.1920836
            ],
            [
              105.2895063,
              32.1916101
            ],
            [
              105.2896036,
              32.1910901
            ],
            [
              105.2900106,
              32.1897047
            ],
            [
              105.2900857,
              32.1892523
            ],
            [
              105.2900517,
              32.188755
            ],
            [
              105.2898929,
              32.188252
            ],
            [
              105.2896482,
              32.1878532
            ],
            [
              105.2890954,
              32.187207
            ],
            [
              105.2875697,
              32.1856765
            ],
            [
              105.2836542,
              32.1817906
            ],
            [
              105.2825584,
              32.1807303
            ],
            [
              105.2820468,
              32.1803277
            ],
            [
              105.2817062,
              32.1801234
            ],
            [
              105.2812402,
              32.1799306
            ],
            [
              105.2806709,
              32.1797868
            ],
            [
              105.2803113,
              32.1797352
            ],
            [
              105.2798688,
              32.1797214
            ],
            [
              105.2795563,
              32.1797705
            ],
            [
              105.2791373,
              32.1798099
            ],
            [
              105.2786174,
              32.1799194
            ],
            [
              105.2781309,
              32.1801383
            ],
            [
              105.2778047,
              32.1803139
            ],
            [
              105.2774378,
              32.1806243
            ],
            [
              105.2769333,
              32.181268
            ],
            [
              105.2764987,
              32.1817803
            ],
            [
              105.2763823,
              32.1818788
            ],
            [
              105.2760564,
              32.1821547
            ],
            [
              105.2756606,
              32.1826276
            ],
            [
              105.275025,
              32.1834735
            ],
            [
              105.2747533,
              32.1837823
            ],
            [
              105.2735191,
              32.1845641
            ],
            [
              105.272083,
              32.1853327
            ],
            [
              105.2717104,
              32.1856152
            ],
            [
              105.270088,
              32.1869817
            ],
            [
              105.2696688,
              32.1872511
            ],
            [
              105.2677281,
              32.1881905
            ],
            [
              105.2672934,
              32.1884665
            ],
            [
              105.267014,
              32.1887489
            ],
            [
              105.2666414,
              32.1892088
            ],
            [
              105.2659039,
              32.189892
            ],
            [
              105.2654071,
              32.1902139
            ],
            [
              105.2648715,
              32.1904767
            ],
            [
              105.2643436,
              32.1906081
            ],
            [
              105.2637381,
              32.1906344
            ],
            [
              105.2631792,
              32.1905752
            ],
            [
              105.2625582,
              32.1904307
            ],
            [
              105.2620459,
              32.1902665
            ],
            [
              105.2596084,
              32.1894256
            ],
            [
              105.2588322,
              32.1891563
            ],
            [
              105.2581956,
              32.188992
            ],
            [
              105.2575746,
              32.1888869
            ],
            [
              105.256876,
              32.1888738
            ],
            [
              105.2559607,
              32.188898
            ],
            [
              105.2550423,
              32.1889562
            ],
            [
              105.254294,
              32.1889752
            ],
            [
              105.2541305,
              32.1889793
            ],
            [
              105.2535148,
              32.1889592
            ],
            [
              105.2532968,
              32.1889234
            ],
            [
              105.2529947,
              32.1888738
            ],
            [
              105.2524202,
              32.188703
            ],
            [
              105.2519622,
              32.1885059
            ],
            [
              105.251512,
              32.1882365
            ],
            [
              105.2511084,
              32.187954
            ],
            [
              105.250759,
              32.187619
            ],
            [
              105.2504563,
              32.1872182
            ],
            [
              105.2502082,
              32.1868681
            ],
            [
              105.2497692,
              32.1862457
            ],
            [
              105.2495223,
              32.1859485
            ],
            [
              105.2491436,
              32.1855816
            ],
            [
              105.2488473,
              32.1853819
            ],
            [
              105.2484302,
              32.1851636
            ],
            [
              105.2477442,
              32.1848152
            ],
            [
              105.2454723,
              32.1834497
            ],
            [
              105.243804,
              32.1825394
            ],
            [
              105.2433924,
              32.1823861
            ],
            [
              105.2428711,
              32.1822607
            ],
            [
              105.2423882,
              32.1822236
            ],
            [
              105.2419272,
              32.1822282
            ],
            [
              105.2413125,
              32.1822979
            ],
            [
              105.2407034,
              32.1824837
            ],
            [
              105.2401601,
              32.1827205
            ],
            [
              105.2396827,
              32.1830503
            ],
            [
              105.239293,
              32.1834033
            ],
            [
              105.2388766,
              32.1838941
            ],
            [
              105.2384502,
              32.1844048
            ],
            [
              105.2383375,
              32.1845478
            ],
            [
              105.2377181,
              32.1853493
            ],
            [
              105.2372727,
              32.1858735
            ],
            [
              105.2362034,
              32.1871142
            ],
            [
              105.235501,
              32.1879874
            ],
            [
              105.2350016,
              32.1885075
            ],
            [
              105.2344418,
              32.188972
            ],
            [
              105.2300297,
              32.1924644
            ],
            [
              105.2285974,
              32.1938205
            ],
            [
              105.2278211,
              32.1946755
            ],
            [
              105.2273004,
              32.195433
            ],
            [
              105.2269282,
              32.1961338
            ],
            [
              105.2263563,
              32.1974491
            ],
            [
              105.226071,
              32.1981968
            ],
            [
              105.2257896,
              32.1991632
            ],
            [
              105.2254085,
              32.2011437
            ],
            [
              105.2250669,
              32.2019056
            ],
            [
              105.2234834,
              32.2036397
            ],
            [
              105.2218688,
              32.2051109
            ],
            [
              105.2203708,
              32.2059548
            ],
            [
              105.206575,
              32.2115278
            ],
            [
              105.2000542,
              32.2145232
            ],
            [
              105.199659,
              32.2147229
            ],
            [
              105.1966731,
              32.21626
            ],
            [
              105.1951527,
              32.2171469
            ],
            [
              105.1931932,
              32.2182243
            ],
            [
              105.1925345,
              32.2185447
            ],
            [
              105.1918813,
              32.2188187
            ],
            [
              105.1911897,
              32.2189812
            ],
            [
              105.1905201,
              32.2190601
            ],
            [
              105.1900902,
              32.2190606
            ],
            [
              105.1899445,
              32.2190608
            ],
            [
              105.1893845,
              32.219019
            ],
            [
              105.1887038,
              32.2188889
            ],
            [
              105.1882207,
              32.218745
            ],
            [
              105.1877266,
              32.2185917
            ],
            [
              105.1871557,
              32.2182712
            ],
            [
              105.1865683,
              32.2177789
            ],
            [
              105.1858601,
              32.2169615
            ],
            [
              105.1857723,
              32.2168547
            ],
            [
              105.185108,
              32.2161441
            ],
            [
              105.1844438,
              32.215531
            ],
            [
              105.1839772,
              32.2152012
            ],
            [
              105.1835929,
              32.2149737
            ],
            [
              105.1832196,
              32.2147925
            ],
            [
              105.182731,
              32.2146067
            ],
            [
              105.1815727,
              32.214263
            ],
            [
              105.1807328,
              32.2140122
            ],
            [
              105.1802497,
              32.2138172
            ],
            [
              105.1799038,
              32.2136267
            ],
            [
              105.1796019,
              32.2134131
            ],
            [
              105.1792506,
              32.2131158
            ],
            [
              105.1789761,
              32.2128186
            ],
            [
              105.178751,
              32.2125213
            ],
            [
              105.1785643,
              32.2121962
            ],
            [
              105.1784051,
              32.2118246
            ],
            [
              105.1782405,
              32.2113973
            ],
            [
              105.1780977,
              32.2107331
            ],
            [
              105.1778946,
              32.2100178
            ],
            [
              105.1777574,
              32.2095022
            ],
            [
              105.1775378,
              32.2088101
            ],
            [
              105.1772523,
              32.2082992
            ],
            [
              105.17689,
              32.2077882
            ],
            [
              105.1759842,
              32.206836
            ],
            [
              105.175265,
              32.2061067
            ],
            [
              105.1738213,
              32.2045785
            ],
            [
              105.1715156,
              32.2021073
            ],
            [
              105.171005,
              32.2015452
            ],
            [
              105.1705988,
              32.2009924
            ],
            [
              105.170209,
              32.2003653
            ],
            [
              105.1699401,
              32.1998311
            ],
            [
              105.1691056,
              32.1979497
            ],
            [
              105.1679473,
              32.1955573
            ],
            [
              105.1676618,
              32.1951113
            ],
            [
              105.1665529,
              32.1934621
            ],
            [
              105.166229,
              32.1931323
            ],
            [
              105.1658612,
              32.1927978
            ],
            [
              105.1652134,
              32.1921939
            ],
            [
              105.1647798,
              32.1917757
            ],
            [
              105.1645162,
              32.1914412
            ],
            [
              105.1643296,
              32.1910556
            ],
            [
              105.1641649,
              32.1905771
            ],
            [
              105.164099,
              32.1900289
            ],
            [
              105.1640826,
              32.1889232
            ],
            [
              105.1640606,
              32.1884679
            ],
            [
              105.1639728,
              32.1880312
            ],
            [
              105.1637971,
              32.1875991
            ],
            [
              105.1635336,
              32.187102
            ],
            [
              105.1632262,
              32.1866792
            ],
            [
              105.1628858,
              32.1862471
            ],
            [
              105.1621008,
              32.1853411
            ],
            [
              105.1618153,
              32.1849741
            ],
            [
              105.1616122,
              32.1845467
            ],
            [
              105.161464,
              32.1840588
            ],
            [
              105.1613816,
              32.1835431
            ],
            [
              105.1611785,
              32.1818426
            ],
            [
              105.1610797,
              32.1814012
            ],
            [
              105.160937,
              32.1809598
            ],
            [
              105.1607174,
              32.1805137
            ],
            [
              105.1605088,
              32.1801931
            ],
            [
              105.1601904,
              32.1798725
            ],
            [
              105.159872,
              32.1795984
            ],
            [
              105.15957,
              32.1793661
            ],
            [
              105.1591748,
              32.1791384
            ],
            [
              105.1553375,
              32.1776469
            ],
            [
              105.1502318,
              32.1752587
            ],
            [
              105.1456513,
              32.1724073
            ],
            [
              105.1354724,
              32.1626421
            ],
            [
              105.1295469,
              32.1572051
            ],
            [
              105.1225792,
              32.1513523
            ],
            [
              105.1214038,
              32.1503315
            ],
            [
              105.1204344,
              32.1497364
            ],
            [
              105.1195377,
              32.1494389
            ],
            [
              105.1166976,
              32.1489974
            ],
            [
              105.1155752,
              32.148606
            ],
            [
              105.1146155,
              32.1480906
            ],
            [
              105.1132017,
              32.1469878
            ],
            [
              105.1122545,
              32.1461629
            ],
            [
              105.1120989,
              32.1460274
            ],
            [
              105.1096629,
              32.1440351
            ],
            [
              105.1089853,
              32.1436126
            ],
            [
              105.1082748,
              32.1432878
            ],
            [
              105.1048131,
              32.1421197
            ],
            [
              105.1034165,
              32.1415828
            ],
            [
              105.1020027,
              32.1406832
            ],
            [
              105.1013172,
              32.1399504
            ],
            [
              105.0999975,
              32.1383411
            ],
            [
              105.0991841,
              32.1373134
            ],
            [
              105.0969699,
              32.1351517
            ],
            [
              105.0946699,
              32.133517
            ],
            [
              105.0876681,
              32.128749
            ],
            [
              105.0869385,
              32.1283038
            ],
            [
              105.08593,
              32.1276496
            ],
            [
              105.084782,
              32.1268773
            ],
            [
              105.0841598,
              32.1262322
            ],
            [
              105.0837199,
              32.1255144
            ],
            [
              105.0835317,
              32.1249682
            ],
            [
              105.0834347,
              32.1234343
            ],
            [
              105.0833488,
              32.1223894
            ],
            [
              105.083151,
              32.1215625
            ],
            [
              105.0828332,
              32.1208903
            ],
            [
              105.0824154,
              32.1202722
            ],
            [
              105.0816634,
              32.1196099
            ],
            [
              105.0787119,
              32.1173196
            ],
            [
              105.0780607,
              32.1165762
            ],
            [
              105.0778059,
              32.1160126
            ],
            [
              105.0775184,
              32.1153681
            ],
            [
              105.0774846,
              32.114664
            ],
            [
              105.0775437,
              32.1130333
            ],
            [
              105.0774693,
              32.1124679
            ],
            [
              105.0772333,
              32.1116137
            ],
            [
              105.0770859,
              32.1111748
            ],
            [
              105.0768529,
              32.1105768
            ],
            [
              105.0756821,
              32.1093763
            ],
            [
              105.073835,
              32.1080222
            ],
            [
              105.0711653,
              32.106114
            ],
            [
              105.0704703,
              32.1055588
            ],
            [
              105.0698404,
              32.1051275
            ],
            [
              105.0695076,
              32.1049724
            ],
            [
              105.0687682,
              32.1047621
            ],
            [
              105.0678316,
              32.1048039
            ],
            [
              105.066821,
              32.1050231
            ],
            [
              105.0656132,
              32.105472
            ],
            [
              105.0646766,
              32.1064742
            ],
            [
              105.064457,
              32.1069847
            ],
            [
              105.0642699,
              32.1076329
            ],
            [
              105.0642452,
              32.1083219
            ],
            [
              105.0645903,
              32.1093658
            ],
            [
              105.0649006,
              32.109825
            ],
            [
              105.0653791,
              32.1103158
            ],
            [
              105.0658997,
              32.1107709
            ],
            [
              105.066439,
              32.1110361
            ],
            [
              105.0678932,
              32.1111822
            ],
            [
              105.0688108,
              32.1110581
            ],
            [
              105.0698404,
              32.1107125
            ],
            [
              105.0712909,
              32.1097632
            ],
            [
              105.0720618,
              32.1092668
            ],
            [
              105.0724073,
              32.1090216
            ],
            [
              105.0733608,
              32.1081197
            ],
            [
              105.0737056,
              32.1074947
            ],
            [
              105.0738608,
              32.1071976
            ],
            [
              105.0739449,
              32.1068128
            ],
            [
              105.0739981,
              32.1064385
            ],
            [
              105.0739986,
              32.1061467
            ],
            [
              105.0739622,
              32.1058158
            ],
            [
              105.0738864,
              32.1054598
            ],
            [
              105.0737496,
              32.1050235
            ],
            [
              105.0734581,
              32.1044442
            ],
            [
              105.0730842,
              32.1036871
            ],
            [
              105.0729272,
              32.1032828
            ],
            [
              105.0728285,
              32.1028577
            ],
            [
              105.072818,
              32.1024167
            ],
            [
              105.0728872,
              32.102067
            ],
            [
              105.0729958,
              32.1017508
            ],
            [
              105.0737045,
              32.1007023
            ],
            [
              105.0751421,
              32.0994299
            ],
            [
              105.0754616,
              32.0989619
            ],
            [
              105.0755993,
              32.0987091
            ],
            [
              105.0756999,
              32.0984458
            ],
            [
              105.0759592,
              32.0975306
            ],
            [
              105.0760931,
              32.0971057
            ],
            [
              105.0765737,
              32.0955062
            ],
            [
              105.0767364,
              32.0949737
            ],
            [
              105.0771998,
              32.0933178
            ],
            [
              105.0774808,
              32.0923844
            ],
            [
              105.0778037,
              32.091309
            ],
            [
              105.0781241,
              32.0902628
            ],
            [
              105.0785357,
              32.0888302
            ],
            [
              105.0789646,
              32.0873517
            ],
            [
              105.0794946,
              32.0855725
            ],
            [
              105.0804041,
              32.0825506
            ],
            [
              105.0804928,
              32.0821392
            ],
            [
              105.080515,
              32.0819282
            ],
            [
              105.0805224,
              32.081663
            ],
            [
              105.0804903,
              32.0813602
            ],
            [
              105.0804435,
              32.0810803
            ],
            [
              105.0803696,
              32.0808172
            ],
            [
              105.0799974,
              32.0798356
            ],
            [
              105.0799259,
              32.0795495
            ],
            [
              105.0798937,
              32.0792413
            ],
            [
              105.0798879,
              32.0786102
            ],
            [
              105.0798879,
              32.0780625
            ],
            [
              105.0799221,
              32.0776859
            ],
            [
              105.080023,
              32.0772945
            ],
            [
              105.0802148,
              32.0768646
            ],
            [
              105.0805067,
              32.0764553
            ],
            [
              105.080854,
              32.076076
            ],
            [
              105.0812686,
              32.0756493
            ],
            [
              105.0815499,
              32.0753394
            ],
            [
              105.0817443,
              32.0750908
            ],
            [
              105.0819126,
              32.074817
            ],
            [
              105.0821239,
              32.0744334
            ],
            [
              105.0822549,
              32.0741022
            ],
            [
              105.0823169,
              32.0737171
            ],
            [
              105.0823229,
              32.0734302
            ],
            [
              105.0821728,
              32.0711984
            ],
            [
              105.0820979,
              32.0705066
            ],
            [
              105.0820055,
              32.0699848
            ],
            [
              105.0819158,
              32.0695007
            ],
            [
              105.0818833,
              32.0689715
            ],
            [
              105.0819549,
              32.0684175
            ],
            [
              105.082124,
              32.0679021
            ],
            [
              105.0823712,
              32.0674722
            ],
            [
              105.0826606,
              32.0670753
            ],
            [
              105.0834542,
              32.0660417
            ],
            [
              105.0837437,
              32.0656724
            ],
            [
              105.0842718,
              32.0651264
            ],
            [
              105.0857627,
              32.0637147
            ],
            [
              105.0858744,
              32.0635877
            ],
            [
              105.0859792,
              32.0634566
            ],
            [
              105.0860769,
              32.0633216
            ],
            [
              105.0861674,
              32.0631831
            ],
            [
              105.0862505,
              32.0630412
            ],
            [
              105.086326,
              32.0628963
            ],
            [
              105.0863954,
              32.0627448
            ],
            [
              105.0864566,
              32.0625907
            ],
            [
              105.0865093,
              32.0624343
            ],
            [
              105.0865534,
              32.0622761
            ],
            [
              105.0865889,
              32.0621163
            ],
            [
              105.0866157,
              32.0619553
            ],
            [
              105.0866693,
              32.0615598
            ],
            [
              105.0866532,
              32.0602914
            ],
            [
              105.0866643,
              32.0601247
            ],
            [
              105.086685,
              32.0599587
            ],
            [
              105.0867151,
              32.0597937
            ],
            [
              105.0867546,
              32.0596302
            ],
            [
              105.0868034,
              32.0594685
            ],
            [
              105.0868603,
              32.0593119
            ],
            [
              105.0869259,
              32.0591578
            ],
            [
              105.0870001,
              32.0590065
            ],
            [
              105.0870827,
              32.0588584
            ],
            [
              105.0871736,
              32.0587138
            ],
            [
              105.0882143,
              32.057268
            ],
            [
              105.0897143,
              32.0550137
            ],
            [
              105.0899206,
              32.0545676
            ],
            [
              105.0900502,
              32.0541757
            ],
            [
              105.090138,
              32.0537998
            ],
            [
              105.0901843,
              32.0533572
            ],
            [
              105.0902062,
              32.0528286
            ],
            [
              105.0902247,
              32.0521477
            ],
            [
              105.0902822,
              32.0477686
            ],
            [
              105.0903104,
              32.0472084
            ],
            [
              105.0903768,
              32.0467727
            ],
            [
              105.0904766,
              32.0464049
            ],
            [
              105.0906008,
              32.0460901
            ],
            [
              105.0908256,
              32.0456334
            ],
            [
              105.0911121,
              32.0452107
            ],
            [
              105.0913058,
              32.0449624
            ],
            [
              105.0916556,
              32.0445959
            ],
            [
              105.0971539,
              32.0391384
            ],
            [
              105.0976085,
              32.0386507
            ],
            [
              105.0980863,
              32.0380547
            ],
            [
              105.0984318,
              32.0375347
            ],
            [
              105.0992674,
              32.03632
            ],
            [
              105.0993342,
              32.0362228
            ],
            [
              105.0996321,
              32.0357898
            ],
            [
              105.1000415,
              32.0351946
            ],
            [
              105.1003929,
              32.0346359
            ],
            [
              105.1006331,
              32.0342167
            ],
            [
              105.101125,
              32.0330624
            ],
            [
              105.1012573,
              32.0327821
            ],
            [
              105.101406,
              32.0325476
            ],
            [
              105.1016595,
              32.0322532
            ],
            [
              105.1019555,
              32.031997
            ],
            [
              105.1022194,
              32.0318009
            ],
            [
              105.1025151,
              32.0316333
            ],
            [
              105.1028493,
              32.0314756
            ],
            [
              105.1032992,
              32.0313318
            ],
            [
              105.1037942,
              32.0312492
            ],
            [
              105.1042927,
              32.0312323
            ],
            [
              105.1073438,
              32.0313858
            ],
            [
              105.1077706,
              32.0314043
            ],
            [
              105.1082149,
              32.0313963
            ],
            [
              105.1086271,
              32.031363
            ],
            [
              105.1090565,
              32.0312709
            ],
            [
              105.1094346,
              32.0311281
            ],
            [
              105.1097715,
              32.0309602
            ],
            [
              105.1101001,
              32.0307231
            ],
            [
              105.1129666,
              32.0283777
            ],
            [
              105.1133337,
              32.0281187
            ],
            [
              105.1137995,
              32.0278483
            ],
            [
              105.1145796,
              32.0274383
            ],
            [
              105.1161527,
              32.0266517
            ],
            [
              105.1165907,
              32.0264497
            ],
            [
              105.1170945,
              32.0261654
            ],
            [
              105.1174595,
              32.0259283
            ],
            [
              105.1177013,
              32.0257482
            ],
            [
              105.1178803,
              32.0255816
            ],
            [
              105.1180782,
              32.0253521
            ],
            [
              105.1182601,
              32.0251132
            ],
            [
              105.1184051,
              32.0248777
            ],
            [
              105.1186118,
              32.0244702
            ],
            [
              105.1189621,
              32.0235858
            ],
            [
              105.1191493,
              32.0231251
            ],
            [
              105.1193559,
              32.0225846
            ],
            [
              105.1194796,
              32.0222688
            ],
            [
              105.1195509,
              32.0220208
            ],
            [
              105.1195902,
              32.0218394
            ],
            [
              105.1196048,
              32.0216629
            ],
            [
              105.1196121,
              32.0213927
            ],
            [
              105.1195684,
              32.0209522
            ],
            [
              105.1194564,
              32.0205932
            ],
            [
              105.1193414,
              32.0203168
            ],
            [
              105.1191202,
              32.0199552
            ],
            [
              105.1189077,
              32.0197085
            ],
            [
              105.1186339,
              32.019444
            ],
            [
              105.1182127,
              32.0191397
            ],
            [
              105.1163406,
              32.0181192
            ],
            [
              105.1152421,
              32.0174862
            ],
            [
              105.1148348,
              32.017173
            ],
            [
              105.1143752,
              32.0167797
            ],
            [
              105.1137466,
              32.0161835
            ],
            [
              105.112695,
              32.0151586
            ],
            [
              105.1112264,
              32.0136732
            ],
            [
              105.1107652,
              32.013176
            ],
            [
              105.1103519,
              32.0128204
            ],
            [
              105.1096577,
              32.0123083
            ],
            [
              105.107967,
              32.0110075
            ],
            [
              105.1069736,
              32.0102193
            ],
            [
              105.1065979,
              32.0098954
            ],
            [
              105.1063463,
              32.009634
            ],
            [
              105.1061646,
              32.0093886
            ],
            [
              105.1060099,
              32.0091033
            ],
            [
              105.1058713,
              32.0088225
            ],
            [
              105.1055195,
              32.0080586
            ],
            [
              105.1051633,
              32.0073764
            ],
            [
              105.1049194,
              32.0070041
            ],
            [
              105.1046425,
              32.0066606
            ],
            [
              105.104372,
              32.0063673
            ],
            [
              105.1039359,
              32.0059699
            ],
            [
              105.1035168,
              32.0056576
            ],
            [
              105.102708,
              32.0051523
            ],
            [
              105.1006807,
              32.0040469
            ],
            [
              105.0993846,
              32.0033502
            ],
            [
              105.0991872,
              32.0032441
            ],
            [
              105.0970488,
              32.002084
            ],
            [
              105.0968698,
              32.0019828
            ],
            [
              105.0964941,
              32.0017808
            ],
            [
              105.0937491,
              32.0002866
            ],
            [
              105.0899698,
              31.9982301
            ],
            [
              105.0891961,
              31.9977638
            ],
            [
              105.0884825,
              31.9972543
            ],
            [
              105.0874008,
              31.9964362
            ],
            [
              105.0864452,
              31.9956796
            ],
            [
              105.0839061,
              31.9936758
            ],
            [
              105.0823966,
              31.9924747
            ],
            [
              105.0816071,
              31.991837
            ],
            [
              105.0814033,
              31.9916587
            ],
            [
              105.0809772,
              31.9913144
            ],
            [
              105.0804525,
              31.9908358
            ],
            [
              105.0799559,
              31.9903242
            ],
            [
              105.0795135,
              31.9898189
            ],
            [
              105.0784413,
              31.9885856
            ],
            [
              105.0767705,
              31.9866714
            ],
            [
              105.0762926,
              31.9860977
            ],
            [
              105.0761822,
              31.9859613
            ],
            [
              105.0747488,
              31.9843397
            ],
            [
              105.0739249,
              31.9834261
            ],
            [
              105.0727812,
              31.9821102
            ],
            [
              105.0717727,
              31.9809289
            ],
            [
              105.0707835,
              31.9797732
            ],
            [
              105.0685884,
              31.977265
            ],
            [
              105.0663074,
              31.974664
            ],
            [
              105.0650114,
              31.973124
            ],
            [
              105.0644191,
              31.9724305
            ],
            [
              105.063357,
              31.9712146
            ],
            [
              105.0623978,
              31.9700951
            ],
            [
              105.0619043,
              31.9694507
            ],
            [
              105.0615331,
              31.9688609
            ],
            [
              105.0613163,
              31.9683021
            ],
            [
              105.0611425,
              31.9677232
            ],
            [
              105.0608829,
              31.9665272
            ],
            [
              105.0601898,
              31.9622056
            ],
            [
              105.0600332,
              31.9615556
            ],
            [
              105.0598873,
              31.9611169
            ],
            [
              105.0596181,
              31.9604046
            ],
            [
              105.0580891,
              31.9569971
            ],
            [
              105.0549636,
              31.95015
            ],
            [
              105.0546481,
              31.949517
            ],
            [
              105.0543573,
              31.9490245
            ],
            [
              105.0539786,
              31.9485696
            ],
            [
              105.0535578,
              31.9481705
            ],
            [
              105.0529811,
              31.9476618
            ],
            [
              105.0523605,
              31.9472424
            ],
            [
              105.0517158,
              31.9468814
            ],
            [
              105.0509278,
              31.9465563
            ],
            [
              105.0498895,
              31.9461592
            ],
            [
              105.0490335,
              31.9458554
            ],
            [
              105.0461578,
              31.9449122
            ],
            [
              105.0458622,
              31.9448087
            ],
            [
              105.0452188,
              31.9445349
            ],
            [
              105.0447184,
              31.9442532
            ],
            [
              105.0442477,
              31.9439676
            ],
            [
              105.0439755,
              31.9437344
            ],
            [
              105.043553,
              31.9432208
            ],
            [
              105.0433473,
              31.9428218
            ],
            [
              105.0431067,
              31.9422498
            ],
            [
              105.0430203,
              31.9417347
            ],
            [
              105.0429797,
              31.9398148
            ],
            [
              105.0429733,
              31.9396294
            ],
            [
              105.0428438,
              31.9388866
            ],
            [
              105.0427274,
              31.9384971
            ],
            [
              105.0426293,
              31.9382766
            ],
            [
              105.0425054,
              31.9380136
            ],
            [
              105.0422731,
              31.9376266
            ],
            [
              105.0419051,
              31.9371331
            ],
            [
              105.0413397,
              31.9366068
            ],
            [
              105.0406122,
              31.9360751
            ],
            [
              105.0398762,
              31.9355889
            ],
            [
              105.0388355,
              31.9348678
            ],
            [
              105.0382894,
              31.9345027
            ],
            [
              105.0379794,
              31.9342505
            ],
            [
              105.0375631,
              31.9338608
            ],
            [
              105.0372412,
              31.9335002
            ],
            [
              105.0368292,
              31.9329047
            ],
            [
              105.0362799,
              31.9318785
            ],
            [
              105.0357478,
              31.9307686
            ],
            [
              105.0348401,
              31.9291223
            ],
            [
              105.0344317,
              31.9284256
            ],
            [
              105.0339114,
              31.9278239
            ],
            [
              105.0334773,
              31.9274725
            ],
            [
              105.0325713,
              31.9269438
            ],
            [
              105.0315308,
              31.9266975
            ],
            [
              105.0309574,
              31.9266014
            ],
            [
              105.029839,
              31.9264091
            ]
          ],
          [
            [
              105.3682865,
              32.2586027
            ],
            [
              105.3675418,
              32.2585076
            ],
            [
              105.3668604,
              32.2583464
            ],
            [
              105.36626,
              32.2580856
            ],
            [
              105.3651226,
              32.2573771
            ],
            [
              105.36626,
              32.2580856
            ],
            [
              105.3668604,
              32.2583464
            ],
            [
              105.3675418,
              32.2585076
            ],
            [
              105.3682865,
              32.2586027
            ],
            [
              105.3690488,
              32.2586049
            ],
            [
              105.370337,
              32.2585232
            ],
            [
              105.3708789,
              32.2585033
            ],
            [
              105.3713965,
              32.258501
            ],
            [
              105.3719759,
              32.2585192
            ],
            [
              105.3725177,
              32.2585589
            ],
            [
              105.373034,
              32.2586258
            ],
            [
              105.3735249,
              32.2587335
            ],
            [
              105.4165032,
              32.2678093
            ],
            [
              105.4173079,
              32.2679544
            ],
            [
              105.4183727,
              32.2681767
            ],
            [
              105.4193786,
              32.2684557
            ],
            [
              105.420206,
              32.2687244
            ],
            [
              105.4210871,
              32.268983
            ],
            [
              105.4218261,
              32.2692018
            ],
            [
              105.4227032,
              32.2695477
            ],
            [
              105.4231344,
              32.2697554
            ],
            [
              105.4241907,
              32.2702743
            ],
            [
              105.4246257,
              32.270537
            ],
            [
              105.4250762,
              32.2708785
            ],
            [
              105.4275547,
              32.2732083
            ],
            [
              105.4279551,
              32.2736881
            ],
            [
              105.4282009,
              32.2740587
            ],
            [
              105.428336,
              32.2743278
            ],
            [
              105.428382,
              32.2744386
            ],
            [
              105.4285193,
              32.2748273
            ],
            [
              105.4286864,
              32.2756533
            ],
            [
              105.4291672,
              32.2780741
            ],
            [
              105.4292365,
              32.2783701
            ],
            [
              105.4293045,
              32.2786105
            ],
            [
              105.429399,
              32.2788265
            ],
            [
              105.42953,
              32.2790716
            ],
            [
              105.429621,
              32.2792029
            ],
            [
              105.4297153,
              32.2793287
            ],
            [
              105.4299287,
              32.2795654
            ],
            [
              105.430184,
              32.2797798
            ],
            [
              105.430441,
              32.2799556
            ],
            [
              105.4308349,
              32.2801678
            ],
            [
              105.4311585,
              32.2803079
            ],
            [
              105.4317495,
              32.2804952
            ],
            [
              105.4327721,
              32.2808522
            ],
            [
              105.4330193,
              32.2809827
            ],
            [
              105.4333166,
              32.2811571
            ],
            [
              105.4336286,
              32.281393
            ],
            [
              105.4338727,
              32.2816125
            ],
            [
              105.4341262,
              32.2819087
            ],
            [
              105.4343628,
              32.2822496
            ],
            [
              105.4353684,
              32.2837307
            ],
            [
              105.4354959,
              32.28391
            ],
            [
              105.4356777,
              32.2841493
            ],
            [
              105.436057,
              32.2846988
            ],
            [
              105.4363573,
              32.2851477
            ],
            [
              105.4370741,
              32.2862172
            ],
            [
              105.4373064,
              32.2864978
            ],
            [
              105.4377232,
              32.2868692
            ],
            [
              105.4382495,
              32.2873202
            ],
            [
              105.4390965,
              32.2881129
            ],
            [
              105.440272,
              32.2893752
            ],
            [
              105.4412223,
              32.2903785
            ],
            [
              105.4428015,
              32.2920002
            ],
            [
              105.4440565,
              32.2931581
            ],
            [
              105.4466953,
              32.2948648
            ],
            [
              105.4473382,
              32.2953401
            ],
            [
              105.4480005,
              32.2959323
            ],
            [
              105.4489432,
              32.2968403
            ],
            [
              105.4500163,
              32.297722
            ],
            [
              105.4514173,
              32.2987137
            ],
            [
              105.4537422,
              32.3001734
            ],
            [
              105.4549513,
              32.3007994
            ],
            [
              105.457358,
              32.3017065
            ],
            [
              105.4618585,
              32.3034088
            ],
            [
              105.4619194,
              32.3034312
            ],
            [
              105.4620207,
              32.3034672
            ],
            [
              105.4632648,
              32.3039091
            ],
            [
              105.4640536,
              32.3040401
            ],
            [
              105.4647063,
              32.3040559
            ],
            [
              105.4659881,
              32.3040599
            ],
            [
              105.4668708,
              32.3040083
            ],
            [
              105.4678793,
              32.3038463
            ],
            [
              105.4687126,
              32.3036723
            ],
            [
              105.4692568,
              32.3034812
            ],
            [
              105.4697377,
              32.3031775
            ],
            [
              105.4702739,
              32.3025327
            ],
            [
              105.4717774,
              32.300547
            ],
            [
              105.4724793,
              32.299673
            ],
            [
              105.4728159,
              32.299317
            ],
            [
              105.4758545,
              32.2971116
            ],
            [
              105.4763527,
              32.29683
            ],
            [
              105.4767653,
              32.2966491
            ],
            [
              105.4776766,
              32.2964095
            ],
            [
              105.4803858,
              32.2956574
            ],
            [
              105.4817139,
              32.2949052
            ],
            [
              105.487066,
              32.2902238
            ],
            [
              105.4909578,
              32.2850328
            ],
            [
              105.4915916,
              32.2845367
            ],
            [
              105.4923382,
              32.2841159
            ],
            [
              105.4929176,
              32.2839042
            ],
            [
              105.4937628,
              32.2836422
            ],
            [
              105.4945178,
              32.2834019
            ],
            [
              105.4950232,
              32.2832878
            ],
            [
              105.4953551,
              32.2832421
            ],
            [
              105.4957913,
              32.2832041
            ],
            [
              105.4962702,
              32.2832198
            ],
            [
              105.4968184,
              32.2833224
            ],
            [
              105.4972939,
              32.2834361
            ],
            [
              105.4976755,
              32.2835784
            ],
            [
              105.4980984,
              32.2837588
            ],
            [
              105.4990975,
              32.2842713
            ],
            [
              105.5002253,
              32.2848361
            ],
            [
              105.5004671,
              32.2849617
            ],
            [
              105.5013466,
              32.2854327
            ],
            [
              105.5020767,
              32.2857916
            ],
            [
              105.5024377,
              32.2859542
            ],
            [
              105.5025867,
              32.2860291
            ],
            [
              105.5041733,
              32.2868259
            ],
            [
              105.5042816,
              32.2868736
            ],
            [
              105.5048,
              32.2871164
            ],
            [
              105.5052627,
              32.2872978
            ],
            [
              105.5056476,
              32.287427
            ],
            [
              105.5062189,
              32.2876005
            ],
            [
              105.5068009,
              32.2877399
            ],
            [
              105.5074513,
              32.2878635
            ],
            [
              105.5080999,
              32.28796
            ],
            [
              105.5085832,
              32.2880064
            ],
            [
              105.5090727,
              32.288037
            ],
            [
              105.5096078,
              32.2880438
            ],
            [
              105.5101029,
              32.2880235
            ],
            [
              105.5106874,
              32.2879882
            ],
            [
              105.5112091,
              32.2879259
            ],
            [
              105.5121235,
              32.2878001
            ],
            [
              105.5125373,
              32.2877411
            ],
            [
              105.5128976,
              32.28769
            ],
            [
              105.5131205,
              32.2876539
            ],
            [
              105.51352,
              32.2875892
            ],
            [
              105.5141545,
              32.2875283
            ],
            [
              105.5145782,
              32.2875158
            ],
            [
              105.51489,
              32.2875388
            ],
            [
              105.5153695,
              32.2876215
            ],
            [
              105.5158761,
              32.2877501
            ],
            [
              105.5163007,
              32.2879558
            ],
            [
              105.5168392,
              32.2882535
            ],
            [
              105.5173636,
              32.2886811
            ],
            [
              105.5175872,
              32.2890235
            ],
            [
              105.5178927,
              32.2894919
            ],
            [
              105.518105,
              32.2900565
            ],
            [
              105.5182718,
              32.2904922
            ],
            [
              105.5188753,
              32.2918112
            ],
            [
              105.5194862,
              32.2933605
            ],
            [
              105.5197319,
              32.2942754
            ],
            [
              105.519712,
              32.2950781
            ],
            [
              105.5194597,
              32.2965263
            ],
            [
              105.5191976,
              32.2977647
            ],
            [
              105.5191215,
              32.2983101
            ],
            [
              105.5190944,
              32.2988388
            ],
            [
              105.5190957,
              32.2992528
            ],
            [
              105.51915,
              32.3003096
            ],
            [
              105.5192292,
              32.301156
            ],
            [
              105.5193713,
              32.301725
            ],
            [
              105.519465,
              32.3019522
            ],
            [
              105.5196453,
              32.302327
            ],
            [
              105.5198276,
              32.3026691
            ],
            [
              105.5200578,
              32.303061
            ],
            [
              105.5202759,
              32.3034643
            ],
            [
              105.5206064,
              32.3040045
            ],
            [
              105.521219,
              32.3048
            ],
            [
              105.5239916,
              32.306933
            ],
            [
              105.5247144,
              32.3075086
            ],
            [
              105.5272651,
              32.3095281
            ],
            [
              105.527751,
              32.3097902
            ],
            [
              105.5282937,
              32.3100153
            ],
            [
              105.5288685,
              32.3101678
            ],
            [
              105.5296683,
              32.3103125
            ],
            [
              105.5309897,
              32.3104782
            ],
            [
              105.5317926,
              32.3106027
            ],
            [
              105.5327828,
              32.3108536
            ],
            [
              105.5345875,
              32.3114822
            ],
            [
              105.5359773,
              32.3118855
            ],
            [
              105.5370854,
              32.3120363
            ],
            [
              105.539311,
              32.3120998
            ],
            [
              105.5398818,
              32.3121649
            ],
            [
              105.5404004,
              32.3122916
            ],
            [
              105.5409476,
              32.3124966
            ],
            [
              105.5416648,
              32.3128311
            ],
            [
              105.5423348,
              32.3132347
            ],
            [
              105.5454741,
              32.3153572
            ],
            [
              105.5463081,
              32.3158893
            ],
            [
              105.547096,
              32.316322
            ],
            [
              105.5502991,
              32.31757
            ],
            [
              105.5517107,
              32.3181375
            ],
            [
              105.5522824,
              32.3184284
            ],
            [
              105.5528319,
              32.3188991
            ],
            [
              105.5533596,
              32.3193659
            ],
            [
              105.554127,
              32.3202627
            ],
            [
              105.5545303,
              32.3208098
            ],
            [
              105.5547494,
              32.3212899
            ],
            [
              105.5548225,
              32.3220852
            ],
            [
              105.5547937,
              32.3231638
            ],
            [
              105.5548715,
              32.3244245
            ],
            [
              105.5550593,
              32.3250911
            ],
            [
              105.555313,
              32.3254755
            ],
            [
              105.5558106,
              32.325956
            ],
            [
              105.5571686,
              32.3268608
            ],
            [
              105.5575854,
              32.3271384
            ],
            [
              105.5578158,
              32.3272834
            ],
            [
              105.5579879,
              32.3273923
            ],
            [
              105.5584093,
              32.3276711
            ],
            [
              105.559139,
              32.3281405
            ],
            [
              105.5597423,
              32.3285969
            ],
            [
              105.5601787,
              32.3290281
            ],
            [
              105.5605513,
              32.329484
            ],
            [
              105.5610609,
              32.3303588
            ],
            [
              105.561767,
              32.3315594
            ],
            [
              105.5619168,
              32.3317495
            ],
            [
              105.5622733,
              32.3321085
            ],
            [
              105.5625733,
              32.3323529
            ],
            [
              105.5630511,
              32.3326841
            ],
            [
              105.5636975,
              32.3331338
            ],
            [
              105.565648,
              32.3343931
            ],
            [
              105.5666023,
              32.3349369
            ],
            [
              105.5684102,
              32.3358434
            ],
            [
              105.5691418,
              32.3361699
            ],
            [
              105.5693972,
              32.3363374
            ],
            [
              105.5696154,
              32.33649
            ],
            [
              105.570673,
              32.3375923
            ],
            [
              105.5712855,
              32.3381685
            ],
            [
              105.5728948,
              32.3394965
            ],
            [
              105.5753008,
              32.3413935
            ],
            [
              105.5759917,
              32.3420563
            ],
            [
              105.5783397,
              32.3447177
            ],
            [
              105.5794018,
              32.3458552
            ],
            [
              105.5798987,
              32.3463262
            ],
            [
              105.5807215,
              32.3469384
            ],
            [
              105.5832428,
              32.3486379
            ],
            [
              105.5840101,
              32.3491644
            ],
            [
              105.5850282,
              32.3498971
            ],
            [
              105.5855251,
              32.3506166
            ],
            [
              105.5860698,
              32.3514431
            ],
            [
              105.5865754,
              32.3520253
            ],
            [
              105.5874877,
              32.3526997
            ],
            [
              105.5878665,
              32.3529767
            ],
            [
              105.5903748,
              32.3547872
            ],
            [
              105.5927378,
              32.3562919
            ],
            [
              105.5934054,
              32.356672
            ],
            [
              105.5935934,
              32.3567811
            ],
            [
              105.5954652,
              32.3578033
            ],
            [
              105.5972453,
              32.3587941
            ],
            [
              105.5978715,
              32.3591966
            ],
            [
              105.5985909,
              32.3598572
            ],
            [
              105.5997523,
              32.3609808
            ],
            [
              105.6020236,
              32.3631977
            ],
            [
              105.602721,
              32.3638955
            ],
            [
              105.6032409,
              32.3642878
            ],
            [
              105.604246,
              32.3648359
            ],
            [
              105.6068408,
              32.366229
            ],
            [
              105.6087383,
              32.3672318
            ],
            [
              105.6097328,
              32.3677715
            ],
            [
              105.6104135,
              32.3682951
            ],
            [
              105.611052,
              32.3688979
            ],
            [
              105.6141463,
              32.3724837
            ],
            [
              105.6144556,
              32.37284
            ],
            [
              105.6153893,
              32.373984
            ],
            [
              105.6159751,
              32.3746142
            ],
            [
              105.6166528,
              32.3752399
            ],
            [
              105.6230023,
              32.379915
            ],
            [
              105.6232338,
              32.3800864
            ],
            [
              105.6257211,
              32.3819286
            ],
            [
              105.6276282,
              32.3833212
            ],
            [
              105.6280755,
              32.3835651
            ],
            [
              105.6284926,
              32.3837646
            ],
            [
              105.6295027,
              32.3841347
            ],
            [
              105.6317502,
              32.3849516
            ],
            [
              105.632278,
              32.3851427
            ],
            [
              105.6350359,
              32.3861411
            ],
            [
              105.6382331,
              32.3872419
            ],
            [
              105.6392664,
              32.3876436
            ],
            [
              105.6398637,
              32.3878972
            ],
            [
              105.6408105,
              32.3884567
            ],
            [
              105.6417402,
              32.3889202
            ],
            [
              105.64221,
              32.3891545
            ],
            [
              105.6430697,
              32.3895529
            ],
            [
              105.6445201,
              32.3902603
            ],
            [
              105.6454777,
              32.3908484
            ],
            [
              105.645872,
              32.3912055
            ],
            [
              105.6464085,
              32.391971
            ],
            [
              105.6500407,
              32.3973932
            ],
            [
              105.6505541,
              32.3980753
            ],
            [
              105.6508716,
              32.3984121
            ],
            [
              105.6514832,
              32.3988424
            ],
            [
              105.6519764,
              32.3990139
            ],
            [
              105.6525274,
              32.3991614
            ],
            [
              105.6530522,
              32.3992721
            ],
            [
              105.6554955,
              32.3997846
            ],
            [
              105.6587788,
              32.400491
            ],
            [
              105.6602361,
              32.400867
            ],
            [
              105.6609399,
              32.4010723
            ],
            [
              105.6615732,
              32.4012925
            ],
            [
              105.662757,
              32.4017692
            ],
            [
              105.6638952,
              32.4022599
            ],
            [
              105.6647991,
              32.402669
            ],
            [
              105.6648799,
              32.4027041
            ],
            [
              105.6667996,
              32.403571
            ],
            [
              105.6682119,
              32.4041939
            ],
            [
              105.6711638,
              32.4054911
            ],
            [
              105.6730063,
              32.4060163
            ],
            [
              105.6739198,
              32.4060956
            ],
            [
              105.675002,
              32.4060948
            ],
            [
              105.6783287,
              32.4057995
            ],
            [
              105.679572,
              32.4056249
            ],
            [
              105.6807771,
              32.4053188
            ],
            [
              105.6818262,
              32.4048917
            ],
            [
              105.6830548,
              32.4044347
            ],
            [
              105.6836316,
              32.4042326
            ],
            [
              105.6841873,
              32.4041369
            ],
            [
              105.6845586,
              32.4041233
            ],
            [
              105.6850217,
              32.404146
            ],
            [
              105.6854624,
              32.4042504
            ],
            [
              105.6859162,
              32.40441
            ],
            [
              105.6863434,
              32.4046337
            ],
            [
              105.6866563,
              32.4048432
            ],
            [
              105.6869428,
              32.4050942
            ],
            [
              105.6887644,
              32.4070318
            ],
            [
              105.6890996,
              32.4073101
            ],
            [
              105.6894926,
              32.4075755
            ],
            [
              105.6898067,
              32.4077359
            ],
            [
              105.6907958,
              32.4081999
            ],
            [
              105.6928468,
              32.4092584
            ],
            [
              105.6974277,
              32.4114454
            ],
            [
              105.6979723,
              32.4115708
            ],
            [
              105.698396,
              32.4116219
            ],
            [
              105.6994853,
              32.4117055
            ],
            [
              105.7009378,
              32.4118123
            ],
            [
              105.7021482,
              32.4119702
            ],
            [
              105.7029019,
              32.4120445
            ],
            [
              105.7037052,
              32.4121374
            ],
            [
              105.7046074,
              32.4123279
            ],
            [
              105.7053172,
              32.4125276
            ],
            [
              105.7058838,
              32.4127226
            ],
            [
              105.7063625,
              32.412927
            ],
            [
              105.7105768,
              32.4147523
            ],
            [
              105.7120128,
              32.4152586
            ],
            [
              105.712596,
              32.4154676
            ],
            [
              105.7131666,
              32.415711
            ],
            [
              105.7139534,
              32.4161011
            ],
            [
              105.7145696,
              32.416338
            ],
            [
              105.7152958,
              32.4165981
            ],
            [
              105.7165997,
              32.4169371
            ],
            [
              105.7189425,
              32.4174485
            ],
            [
              105.7201708,
              32.4177555
            ],
            [
              105.7213856,
              32.4180524
            ],
            [
              105.7219697,
              32.4182736
            ],
            [
              105.7223241,
              32.4184439
            ],
            [
              105.7239365,
              32.4193312
            ],
            [
              105.7243639,
              32.419528
            ],
            [
              105.724736,
              32.4196593
            ],
            [
              105.7250815,
              32.4197627
            ],
            [
              105.7255595,
              32.4198472
            ],
            [
              105.7260973,
              32.419908
            ],
            [
              105.7266155,
              32.4199221
            ],
            [
              105.7270249,
              32.4198729
            ],
            [
              105.7291524,
              32.4193334
            ],
            [
              105.73093,
              32.4188859
            ],
            [
              105.7312161,
              32.4188218
            ],
            [
              105.7318152,
              32.4186379
            ],
            [
              105.732352,
              32.4184277
            ],
            [
              105.7330056,
              32.4181453
            ],
            [
              105.7346084,
              32.417321
            ],
            [
              105.7352465,
              32.4169991
            ],
            [
              105.7358768,
              32.4167626
            ],
            [
              105.7365149,
              32.4166772
            ],
            [
              105.7370284,
              32.4166575
            ],
            [
              105.7375187,
              32.4167363
            ],
            [
              105.7379933,
              32.4168546
            ],
            [
              105.7384835,
              32.4170516
            ],
            [
              105.7391294,
              32.4173867
            ],
            [
              105.7399387,
              32.4178662
            ],
            [
              105.7403978,
              32.4180764
            ],
            [
              105.7408413,
              32.4182209
            ],
            [
              105.7412848,
              32.41828
            ],
            [
              105.7418607,
              32.4182734
            ],
            [
              105.7432302,
              32.4182275
            ],
            [
              105.7437204,
              32.4182603
            ],
            [
              105.7447787,
              32.4184048
            ],
            [
              105.7453623,
              32.4184048
            ],
            [
              105.7459615,
              32.4183128
            ],
            [
              105.7464595,
              32.4181749
            ],
            [
              105.7470353,
              32.4179187
            ],
            [
              105.7489291,
              32.416863
            ],
            [
              105.749644,
              32.4164736
            ],
            [
              105.7503174,
              32.4160478
            ],
            [
              105.751921,
              32.4149572
            ],
            [
              105.7523597,
              32.4146961
            ],
            [
              105.7528402,
              32.4144569
            ],
            [
              105.7531613,
              32.4143271
            ],
            [
              105.7535076,
              32.4142199
            ],
            [
              105.7537738,
              32.4141679
            ],
            [
              105.7542662,
              32.4140906
            ],
            [
              105.7546369,
              32.4140656
            ],
            [
              105.7550434,
              32.4140677
            ],
            [
              105.7572057,
              32.4141236
            ],
            [
              105.7576647,
              32.4141679
            ],
            [
              105.7581728,
              32.4142683
            ],
            [
              105.7587463,
              32.4144832
            ],
            [
              105.7593065,
              32.4147788
            ],
            [
              105.7598512,
              32.415127
            ],
            [
              105.76056,
              32.4156958
            ],
            [
              105.7609825,
              32.41605
            ],
            [
              105.7613324,
              32.4163777
            ],
            [
              105.7616772,
              32.4167294
            ],
            [
              105.7619611,
              32.4170899
            ],
            [
              105.7622319,
              32.4174992
            ],
            [
              105.7650705,
              32.4222342
            ],
            [
              105.7654457,
              32.4227512
            ],
            [
              105.7658113,
              32.4231224
            ],
            [
              105.7661235,
              32.4233946
            ],
            [
              105.7665662,
              32.423719
            ],
            [
              105.7668971,
              32.4239535
            ],
            [
              105.7673136,
              32.4241982
            ],
            [
              105.772224,
              32.4270968
            ],
            [
              105.7727294,
              32.4274035
            ],
            [
              105.7733048,
              32.4276776
            ],
            [
              105.7738353,
              32.4278733
            ],
            [
              105.7745211,
              32.4280991
            ],
            [
              105.7766901,
              32.4287828
            ],
            [
              105.7770325,
              32.4288813
            ],
            [
              105.7774683,
              32.4289535
            ],
            [
              105.7779896,
              32.4289667
            ],
            [
              105.7783009,
              32.428947
            ],
            [
              105.778896,
              32.4288239
            ],
            [
              105.7791543,
              32.4287375
            ],
            [
              105.7794041,
              32.4286412
            ],
            [
              105.7796421,
              32.428515
            ],
            [
              105.7798726,
              32.4283704
            ],
            [
              105.7813669,
              32.4272786
            ],
            [
              105.7829539,
              32.4261057
            ],
            [
              105.7835455,
              32.4256564
            ],
            [
              105.7838723,
              32.4253214
            ],
            [
              105.7841992,
              32.4249273
            ],
            [
              105.785516,
              32.4228032
            ],
            [
              105.7858255,
              32.4223
            ],
            [
              105.7861523,
              32.4218664
            ],
            [
              105.7865414,
              32.4215315
            ],
            [
              105.7871083,
              32.4211555
            ],
            [
              105.7879355,
              32.4208966
            ],
            [
              105.7884808,
              32.4207544
            ],
            [
              105.7891072,
              32.420591
            ],
            [
              105.7900369,
              32.4202998
            ],
            [
              105.7913688,
              32.4199865
            ],
            [
              105.792898,
              32.4195983
            ],
            [
              105.7936523,
              32.4194513
            ],
            [
              105.7944775,
              32.4193804
            ],
            [
              105.7953953,
              32.4193336
            ],
            [
              105.7961132,
              32.4193657
            ],
            [
              105.7980004,
              32.4196127
            ],
            [
              105.7988012,
              32.4197498
            ],
            [
              105.7991606,
              32.4198113
            ],
            [
              105.7997504,
              32.4199136
            ]
          ],
          [
            [
              104.3369309,
              31.0952827
            ],
            [
              104.3366445,
              31.0949937
            ],
            [
              104.3363158,
              31.0948019
            ],
            [
              104.3355056,
              31.0943289
            ],
            [
              104.3333148,
              31.0930502
            ],
            [
              104.3307977,
              31.0915705
            ],
            [
              104.328492,
              31.090215
            ],
            [
              104.3265993,
              31.089103
            ],
            [
              104.3255125,
              31.0884597
            ],
            [
              104.3253291,
              31.0883512
            ],
            [
              104.3230455,
              31.0870074
            ],
            [
              104.3224757,
              31.0866515
            ],
            [
              104.3221348,
              31.0863595
            ],
            [
              104.32192,
              31.0861676
            ],
            [
              104.3216912,
              31.0859276
            ],
            [
              104.3215044,
              31.0857196
            ],
            [
              104.3212755,
              31.0854077
            ],
            [
              104.3210514,
              31.0851077
            ],
            [
              104.3207945,
              31.0847398
            ],
            [
              104.3205097,
              31.0842518
            ],
            [
              104.3200006,
              31.083392
            ],
            [
              104.3194356,
              31.0825001
            ],
            [
              104.318637,
              31.0811962
            ],
            [
              104.3174882,
              31.0793004
            ],
            [
              104.3163767,
              31.0774766
            ],
            [
              104.3156108,
              31.0762127
            ],
            [
              104.3148169,
              31.0749167
            ],
            [
              104.3138409,
              31.0733048
            ],
            [
              104.3127388,
              31.0714928
            ],
            [
              104.3111961,
              31.0690133
            ],
            [
              104.3107027,
              31.0682034
            ],
            [
              104.3105999,
              31.0680347
            ],
            [
              104.3105229,
              31.0679082
            ],
            [
              104.3098765,
              31.0668445
            ],
            [
              104.3093025,
              31.0659002
            ],
            [
              104.3089055,
              31.0652408
            ],
            [
              104.3082672,
              31.0641357
            ],
            [
              104.3075966,
              31.0630076
            ],
            [
              104.3068833,
              31.061831
            ],
            [
              104.3059713,
              31.0603714
            ],
            [
              104.3049813,
              31.0587553
            ],
            [
              104.3036176,
              31.056519
            ],
            [
              104.3026556,
              31.0549307
            ],
            [
              104.3019271,
              31.0536985
            ],
            [
              104.3014087,
              31.0528103
            ],
            [
              104.3009837,
              31.0520582
            ],
            [
              104.3006657,
              31.051506
            ],
            [
              104.3003422,
              31.0509521
            ],
            [
              104.3001167,
              31.0505759
            ],
            [
              104.298384,
              31.0477572
            ],
            [
              104.2982299,
              31.047513
            ],
            [
              104.2976376,
              31.0465739
            ],
            [
              104.2974711,
              31.04631
            ],
            [
              104.2956936,
              31.0434775
            ],
            [
              104.2935778,
              31.039988
            ],
            [
              104.2917716,
              31.0370684
            ],
            [
              104.2910824,
              31.0359417
            ],
            [
              104.2909132,
              31.0356787
            ],
            [
              104.2907979,
              31.035513
            ],
            [
              104.2906671,
              31.0353287
            ],
            [
              104.2905549,
              31.0351694
            ],
            [
              104.2884473,
              31.0323813
            ],
            [
              104.2863227,
              31.0296157
            ],
            [
              104.2834098,
              31.0257091
            ],
            [
              104.2831328,
              31.025334
            ],
            [
              104.2799616,
              31.0213097
            ],
            [
              104.2779754,
              31.0187026
            ],
            [
              104.2747723,
              31.0145043
            ],
            [
              104.2746618,
              31.014354
            ],
            [
              104.2746001,
              31.0142702
            ],
            [
              104.2722591,
              31.011088
            ],
            [
              104.2719407,
              31.0106774
            ],
            [
              104.2707022,
              31.0090801
            ],
            [
              104.2706239,
              31.008979
            ],
            [
              104.2705449,
              31.0088772
            ],
            [
              104.2696506,
              31.0077679
            ],
            [
              104.2695284,
              31.007612
            ],
            [
              104.2693692,
              31.0074033
            ],
            [
              104.2666776,
              31.0039155
            ],
            [
              104.2658049,
              31.0027706
            ],
            [
              104.2654641,
              31.0023188
            ],
            [
              104.2652589,
              31.001965
            ],
            [
              104.2650751,
              31.0016526
            ],
            [
              104.2649069,
              31.0013039
            ],
            [
              104.2647763,
              31.001015
            ],
            [
              104.2646568,
              31.000679
            ],
            [
              104.2645467,
              31.0001332
            ],
            [
              104.2644545,
              30.9993793
            ],
            [
              104.263956,
              30.9940083
            ],
            [
              104.2639277,
              30.9936981
            ],
            [
              104.2638697,
              30.9930776
            ],
            [
              104.2634501,
              30.9895277
            ],
            [
              104.2632217,
              30.9882631
            ],
            [
              104.2631646,
              30.9878055
            ],
            [
              104.2630431,
              30.9869018
            ],
            [
              104.2629715,
              30.9862696
            ],
            [
              104.2629592,
              30.9861396
            ],
            [
              104.2629266,
              30.9857946
            ],
            [
              104.2628816,
              30.9853195
            ],
            [
              104.2628302,
              30.9849772
            ],
            [
              104.2627967,
              30.9847002
            ],
            [
              104.2627606,
              30.9843871
            ],
            [
              104.2627167,
              30.9841965
            ],
            [
              104.2626727,
              30.9839784
            ],
            [
              104.2625402,
              30.9836577
            ],
            [
              104.2623516,
              30.9831592
            ],
            [
              104.2604963,
              30.9792159
            ],
            [
              104.2585143,
              30.974919
            ],
            [
              104.2558759,
              30.9691993
            ],
            [
              104.2551185,
              30.967627
            ],
            [
              104.2538728,
              30.9652224
            ],
            [
              104.2535406,
              30.9645788
            ],
            [
              104.2529403,
              30.9634075
            ],
            [
              104.2525622,
              30.9627014
            ],
            [
              104.2436237,
              30.9454483
            ],
            [
              104.2434522,
              30.9451055
            ],
            [
              104.2395053,
              30.937487
            ],
            [
              104.2390823,
              30.9368901
            ],
            [
              104.2383341,
              30.936052
            ],
            [
              104.2367982,
              30.9347608
            ],
            [
              104.2364012,
              30.9344476
            ],
            [
              104.2343699,
              30.9328142
            ],
            [
              104.2230782,
              30.9236635
            ],
            [
              104.2223887,
              30.9230859
            ],
            [
              104.2219049,
              30.9226536
            ],
            [
              104.221405,
              30.9221659
            ],
            [
              104.2209292,
              30.9216471
            ],
            [
              104.2204374,
              30.9210487
            ],
            [
              104.2104546,
              30.9082296
            ],
            [
              104.2095555,
              30.90705
            ],
            [
              104.208846,
              30.9061736
            ],
            [
              104.2086201,
              30.9058866
            ],
            [
              104.2085071,
              30.9057458
            ],
            [
              104.207107,
              30.9040304
            ],
            [
              104.2062691,
              30.9030288
            ],
            [
              104.2056645,
              30.902276
            ],
            [
              104.2013938,
              30.8968007
            ],
            [
              104.2005965,
              30.8957029
            ],
            [
              104.200392,
              30.8954376
            ],
            [
              104.1999623,
              30.8948908
            ],
            [
              104.1998585,
              30.8947585
            ],
            [
              104.1990654,
              30.893655
            ],
            [
              104.1989747,
              30.8935374
            ],
            [
              104.1958444,
              30.8894861
            ],
            [
              104.1955515,
              30.8890946
            ],
            [
              104.1953206,
              30.8887519
            ],
            [
              104.1951228,
              30.8883997
            ],
            [
              104.1949579,
              30.8879972
            ],
            [
              104.1948296,
              30.8875287
            ],
            [
              104.194771,
              30.8871703
            ],
            [
              104.1947674,
              30.8868055
            ],
            [
              104.1948296,
              30.8863747
            ],
            [
              104.1949212,
              30.8859911
            ],
            [
              104.1950641,
              30.8856169
            ],
            [
              104.1958776,
              30.8838089
            ],
            [
              104.1960388,
              30.8834064
            ],
            [
              104.196156,
              30.8830447
            ],
            [
              104.1962403,
              30.8826391
            ],
            [
              104.1962586,
              30.8822177
            ],
            [
              104.1962293,
              30.881831
            ],
            [
              104.1961377,
              30.8813939
            ],
            [
              104.1960021,
              30.8810071
            ],
            [
              104.1958299,
              30.880658
            ],
            [
              104.1955881,
              30.8802807
            ],
            [
              104.1953096,
              30.8799473
            ],
            [
              104.1950019,
              30.8796612
            ],
            [
              104.1946501,
              30.8794065
            ],
            [
              104.1942507,
              30.8791706
            ],
            [
              104.1938001,
              30.8789631
            ],
            [
              104.1933457,
              30.8788184
            ],
            [
              104.1928657,
              30.8787178
            ],
            [
              104.1923674,
              30.8786518
            ],
            [
              104.1918911,
              30.8786549
            ],
            [
              104.1914514,
              30.8786864
            ],
            [
              104.1909238,
              30.8787524
            ],
            [
              104.1868055,
              30.8794033
            ],
            [
              104.1861533,
              30.8795071
            ],
            [
              104.1855964,
              30.8795669
            ],
            [
              104.1850797,
              30.87957
            ],
            [
              104.1845997,
              30.879526
            ],
            [
              104.1841198,
              30.8794316
            ],
            [
              104.1837167,
              30.8793027
            ],
            [
              104.1832367,
              30.879114
            ],
            [
              104.1827598,
              30.8788715
            ],
            [
              104.1818639,
              30.8783815
            ],
            [
              104.181192,
              30.8780052
            ],
            [
              104.1804412,
              30.877553
            ],
            [
              104.1796913,
              30.8770836
            ],
            [
              104.1703977,
              30.8713781
            ],
            [
              104.1659397,
              30.8686463
            ],
            [
              104.1652994,
              30.868225
            ],
            [
              104.164808,
              30.8678511
            ],
            [
              104.1643144,
              30.8674533
            ],
            [
              104.1637415,
              30.8669339
            ],
            [
              104.1619648,
              30.865278
            ],
            [
              104.1615915,
              30.8649318
            ],
            [
              104.1604092,
              30.8638285
            ],
            [
              104.1582741,
              30.8618208
            ],
            [
              104.15471,
              30.8584684
            ],
            [
              104.1539241,
              30.8577425
            ],
            [
              104.1536023,
              30.8574266
            ],
            [
              104.1521383,
              30.856011
            ],
            [
              104.1517485,
              30.8555611
            ],
            [
              104.1514883,
              30.85527
            ],
            [
              104.1510519,
              30.8547035
            ],
            [
              104.1506235,
              30.854002
            ],
            [
              104.1504496,
              30.8536896
            ],
            [
              104.1503137,
              30.8534214
            ],
            [
              104.1500293,
              30.8528265
            ],
            [
              104.1498686,
              30.852418
            ],
            [
              104.1492535,
              30.8507445
            ],
            [
              104.1488214,
              30.8495771
            ],
            [
              104.1483149,
              30.8482744
            ],
            [
              104.147519,
              30.8461518
            ],
            [
              104.1467931,
              30.8442907
            ],
            [
              104.146388,
              30.8432502
            ],
            [
              104.1462446,
              30.8428933
            ],
            [
              104.1460636,
              30.842511
            ],
            [
              104.1456816,
              30.8418027
            ],
            [
              104.1452218,
              30.8409401
            ],
            [
              104.145084,
              30.8406953
            ],
            [
              104.1440546,
              30.8388659
            ],
            [
              104.1439906,
              30.8387522
            ],
            [
              104.1438634,
              30.8385045
            ],
            [
              104.1431268,
              30.837114
            ],
            [
              104.1423895,
              30.8357827
            ],
            [
              104.1416875,
              30.834519
            ],
            [
              104.1396067,
              30.8308355
            ],
            [
              104.1390863,
              30.829888
            ],
            [
              104.137782,
              30.8275045
            ],
            [
              104.1368689,
              30.8258565
            ],
            [
              104.136724,
              30.8256036
            ],
            [
              104.1358835,
              30.8239963
            ],
            [
              104.1354294,
              30.8229972
            ],
            [
              104.133963,
              30.8196946
            ],
            [
              104.1323046,
              30.8159914
            ],
            [
              104.1299676,
              30.8107428
            ],
            [
              104.1299183,
              30.8106286
            ],
            [
              104.1298017,
              30.8103588
            ],
            [
              104.1275218,
              30.8052541
            ],
            [
              104.1272612,
              30.8046762
            ],
            [
              104.1257774,
              30.801329
            ],
            [
              104.1249011,
              30.7993858
            ],
            [
              104.12484,
              30.799236
            ],
            [
              104.123726,
              30.7966917
            ],
            [
              104.1214344,
              30.791538
            ],
            [
              104.121091,
              30.7907269
            ],
            [
              104.1204559,
              30.7893555
            ],
            [
              104.1203615,
              30.7891417
            ],
            [
              104.1199495,
              30.7882937
            ],
            [
              104.1194946,
              30.7874384
            ],
            [
              104.1185075,
              30.7860301
            ],
            [
              104.1130139,
              30.7786593
            ],
            [
              104.1127608,
              30.7783163
            ],
            [
              104.1101797,
              30.7748336
            ],
            [
              104.107088,
              30.7706514
            ],
            [
              104.1069247,
              30.7704233
            ],
            [
              104.1039652,
              30.7664721
            ],
            [
              104.103737,
              30.7661633
            ],
            [
              104.1015952,
              30.7633055
            ],
            [
              104.1008851,
              30.7623781
            ],
            [
              104.1004928,
              30.7619354
            ],
            [
              104.1001029,
              30.7615274
            ],
            [
              104.0999695,
              30.7613953
            ],
            [
              104.0997702,
              30.7612195
            ],
            [
              104.0995322,
              30.7610412
            ],
            [
              104.0990699,
              30.7607051
            ],
            [
              104.0985992,
              30.7604137
            ],
            [
              104.0980196,
              30.760085
            ],
            [
              104.0976186,
              30.7598791
            ],
            [
              104.0970673,
              30.7595893
            ],
            [
              104.0958845,
              30.7589384
            ],
            [
              104.0952502,
              30.7586106
            ],
            [
              104.0943998,
              30.7581752
            ],
            [
              104.09427,
              30.7581041
            ],
            [
              104.0934136,
              30.7576648
            ],
            [
              104.092948,
              30.7574205
            ],
            [
              104.0828603,
              30.7521698
            ],
            [
              104.082769,
              30.752121
            ],
            [
              104.0805305,
              30.7509512
            ],
            [
              104.0804182,
              30.7508937
            ],
            [
              104.0721851,
              30.7465856
            ],
            [
              104.0705656,
              30.7457494
            ],
            [
              104.0701349,
              30.7455116
            ],
            [
              104.0698345,
              30.745319
            ],
            [
              104.0696433,
              30.7451774
            ],
            [
              104.0693252,
              30.7449503
            ],
            [
              104.0690464,
              30.7447376
            ],
            [
              104.0688331,
              30.7445481
            ],
            [
              104.0685843,
              30.7443173
            ],
            [
              104.0683148,
              30.7440472
            ],
            [
              104.0681101,
              30.7438103
            ],
            [
              104.0679065,
              30.7435524
            ],
            [
              104.0676955,
              30.7432614
            ],
            [
              104.067417,
              30.7428444
            ],
            [
              104.0672474,
              30.7425572
            ],
            [
              104.067123,
              30.7423055
            ],
            [
              104.0669881,
              30.7420025
            ],
            [
              104.0668192,
              30.741543
            ],
            [
              104.0666625,
              30.7410042
            ],
            [
              104.0665611,
              30.7405942
            ],
            [
              104.0664412,
              30.7400501
            ],
            [
              104.0661999,
              30.738985
            ],
            [
              104.0657787,
              30.7371962
            ],
            [
              104.0655405,
              30.7361991
            ],
            [
              104.0652982,
              30.7351417
            ],
            [
              104.0650212,
              30.7340327
            ],
            [
              104.0648999,
              30.7335746
            ],
            [
              104.0647995,
              30.7331229
            ],
            [
              104.0645015,
              30.7318622
            ],
            [
              104.0642387,
              30.7307225
            ],
            [
              104.0640711,
              30.7299724
            ],
            [
              104.0639115,
              30.7293059
            ],
            [
              104.0638039,
              30.7289222
            ],
            [
              104.0637431,
              30.7286484
            ],
            [
              104.0635554,
              30.7278976
            ],
            [
              104.063522,
              30.7277374
            ],
            [
              104.0632769,
              30.7266039
            ],
            [
              104.0629705,
              30.7252031
            ],
            [
              104.0629318,
              30.7249787
            ],
            [
              104.0628387,
              30.7245578
            ],
            [
              104.0623736,
              30.7227486
            ],
            [
              104.062308,
              30.7224445
            ],
            [
              104.0622267,
              30.7220652
            ],
            [
              104.0621295,
              30.7216525
            ],
            [
              104.0620551,
              30.7213573
            ],
            [
              104.0620172,
              30.7211965
            ],
            [
              104.0619886,
              30.7210657
            ],
            [
              104.0619261,
              30.720835
            ],
            [
              104.0617907,
              30.720203
            ],
            [
              104.0615922,
              30.7193257
            ],
            [
              104.0609091,
              30.7163628
            ],
            [
              104.0607,
              30.715449
            ],
            [
              104.060207,
              30.7132352
            ],
            [
              104.0600907,
              30.7127811
            ],
            [
              104.0600709,
              30.7126946
            ],
            [
              104.0600516,
              30.7126099
            ],
            [
              104.0592629,
              30.7091606
            ],
            [
              104.0591515,
              30.7086684
            ],
            [
              104.0589577,
              30.7076594
            ],
            [
              104.0588603,
              30.7072539
            ],
            [
              104.0587135,
              30.7065994
            ],
            [
              104.0586391,
              30.7062688
            ],
            [
              104.0585775,
              30.705995
            ],
            [
              104.0584643,
              30.7055099
            ],
            [
              104.0583838,
              30.7051244
            ],
            [
              104.0583517,
              30.7048779
            ],
            [
              104.0583255,
              30.7046309
            ],
            [
              104.0583255,
              30.7044789
            ],
            [
              104.0583415,
              30.704134
            ],
            [
              104.0583788,
              30.7038295
            ],
            [
              104.0584493,
              30.7034767
            ],
            [
              104.0585445,
              30.7031798
            ],
            [
              104.0586299,
              30.7029335
            ],
            [
              104.0587619,
              30.7026623
            ],
            [
              104.0588585,
              30.7024943
            ],
            [
              104.0589483,
              30.7023407
            ],
            [
              104.0591624,
              30.702029
            ],
            [
              104.0593234,
              30.7018237
            ],
            [
              104.0595262,
              30.7015903
            ],
            [
              104.0597835,
              30.7013467
            ],
            [
              104.0600169,
              30.701143
            ],
            [
              104.0603004,
              30.7009321
            ],
            [
              104.060528,
              30.7007798
            ],
            [
              104.0608044,
              30.7006176
            ],
            [
              104.0611519,
              30.7004435
            ],
            [
              104.0614287,
              30.7003377
            ],
            [
              104.0617052,
              30.700246
            ],
            [
              104.0620142,
              30.7001551
            ],
            [
              104.0622927,
              30.7000904
            ],
            [
              104.0625143,
              30.7000467
            ],
            [
              104.0626992,
              30.7000187
            ],
            [
              104.0629513,
              30.699989
            ],
            [
              104.063137,
              30.6999751
            ],
            [
              104.0635062,
              30.6999646
            ],
            [
              104.0653399,
              30.6999481
            ],
            [
              104.0656637,
              30.6999481
            ],
            [
              104.0659803,
              30.6999583
            ],
            [
              104.0678145,
              30.7000653
            ],
            [
              104.0680108,
              30.7000793
            ],
            [
              104.0681594,
              30.7000776
            ],
            [
              104.0685877,
              30.7000749
            ],
            [
              104.0708485,
              30.7000588
            ]
          ],
          [
            [
              104.7402336,
              31.718849
            ],
            [
              104.7401887,
              31.7190049
            ],
            [
              104.7406755,
              31.7217296
            ],
            [
              104.7408327,
              31.7227895
            ],
            [
              104.7416098,
              31.7278676
            ],
            [
              104.7425812,
              31.7318841
            ],
            [
              104.7449439,
              31.7416176
            ],
            [
              104.7450415,
              31.7420149
            ],
            [
              104.7450968,
              31.7422466
            ],
            [
              104.7455567,
              31.7441109
            ],
            [
              104.7460202,
              31.7461802
            ],
            [
              104.7467325,
              31.7484538
            ],
            [
              104.7475439,
              31.7505679
            ],
            [
              104.7481753,
              31.7520229
            ],
            [
              104.7489374,
              31.7535859
            ],
            [
              104.7512705,
              31.7575141
            ],
            [
              104.7529787,
              31.7599882
            ],
            [
              104.7531159,
              31.7601832
            ],
            [
              104.7532749,
              31.7604175
            ],
            [
              104.7571489,
              31.7660933
            ],
            [
              104.7572987,
              31.7663064
            ],
            [
              104.7633901,
              31.7749429
            ],
            [
              104.7640927,
              31.7759389
            ],
            [
              104.7642989,
              31.7762643
            ],
            [
              104.7658218,
              31.7788112
            ],
            [
              104.7665763,
              31.7800731
            ],
            [
              104.7668619,
              31.7805253
            ],
            [
              104.7702878,
              31.7858618
            ],
            [
              104.7715802,
              31.7878747
            ],
            [
              104.7719225,
              31.7884491
            ],
            [
              104.7721458,
              31.7888481
            ],
            [
              104.7725397,
              31.7895517
            ],
            [
              104.7731381,
              31.7906206
            ],
            [
              104.7733915,
              31.7910453
            ],
            [
              104.7736708,
              31.7914671
            ],
            [
              104.7738635,
              31.7917465
            ],
            [
              104.7791767,
              31.7994481
            ],
            [
              104.7792779,
              31.7995949
            ],
            [
              104.7796305,
              31.800106
            ],
            [
              104.7797023,
              31.8002101
            ],
            [
              104.7806688,
              31.8016109
            ],
            [
              104.7808927,
              31.8019103
            ],
            [
              104.7811428,
              31.8022099
            ],
            [
              104.7814215,
              31.8025095
            ],
            [
              104.7820036,
              31.8030565
            ],
            [
              104.7822617,
              31.8032961
            ],
            [
              104.7830563,
              31.8040263
            ],
            [
              104.7866851,
              31.8073613
            ],
            [
              104.7869732,
              31.8076341
            ],
            [
              104.7872107,
              31.8078975
            ],
            [
              104.7874032,
              31.8081643
            ],
            [
              104.7875514,
              31.8084219
            ],
            [
              104.7876545,
              31.8086899
            ],
            [
              104.7877278,
              31.8089694
            ],
            [
              104.7877807,
              31.8092732
            ],
            [
              104.7878296,
              31.8097112
            ],
            [
              104.7878517,
              31.8100597
            ],
            [
              104.7880651,
              31.8146502
            ],
            [
              104.7880912,
              31.8151921
            ],
            [
              104.788032,
              31.8156969
            ],
            [
              104.787755,
              31.8163115
            ],
            [
              104.7875626,
              31.8166128
            ],
            [
              104.7871154,
              31.8170677
            ],
            [
              104.7864543,
              31.8175243
            ],
            [
              104.7823432,
              31.8199122
            ],
            [
              104.7817702,
              31.8202725
            ],
            [
              104.7813663,
              31.8207322
            ],
            [
              104.7810591,
              31.8213369
            ],
            [
              104.7809202,
              31.8219481
            ],
            [
              104.7809168,
              31.8223234
            ],
            [
              104.7811105,
              31.8231422
            ],
            [
              104.7813805,
              31.8236798
            ],
            [
              104.7814362,
              31.8237689
            ],
            [
              104.7814973,
              31.8238555
            ],
            [
              104.7815855,
              31.8239654
            ],
            [
              104.7816822,
              31.8240699
            ],
            [
              104.781787,
              31.8241687
            ],
            [
              104.7818994,
              31.8242612
            ],
            [
              104.7820189,
              31.8243471
            ],
            [
              104.7821449,
              31.824426
            ],
            [
              104.7822769,
              31.8244974
            ],
            [
              104.7824143,
              31.8245612
            ],
            [
              104.7825564,
              31.8246169
            ],
            [
              104.7827026,
              31.8246643
            ],
            [
              104.78317,
              31.8248087
            ],
            [
              104.7836446,
              31.8248946
            ],
            [
              104.7848391,
              31.8250003
            ],
            [
              104.7876059,
              31.8252363
            ],
            [
              104.7879218,
              31.8252462
            ],
            [
              104.7898041,
              31.825318
            ],
            [
              104.7905342,
              31.8253503
            ],
            [
              104.7909964,
              31.8253868
            ],
            [
              104.7915389,
              31.8254766
            ],
            [
              104.792134,
              31.8256291
            ],
            [
              104.7927325,
              31.8258136
            ],
            [
              104.7933842,
              31.8260869
            ],
            [
              104.7939703,
              31.8264104
            ],
            [
              104.7946048,
              31.8268945
            ],
            [
              104.7958016,
              31.8279121
            ],
            [
              104.7973014,
              31.8292047
            ],
            [
              104.7987894,
              31.8305018
            ],
            [
              104.7993525,
              31.831097
            ],
            [
              104.7996651,
              31.8314955
            ],
            [
              104.7998785,
              31.8318615
            ],
            [
              104.800331,
              31.8326215
            ],
            [
              104.8006822,
              31.833297
            ],
            [
              104.8010202,
              31.8338634
            ],
            [
              104.8013161,
              31.8342088
            ],
            [
              104.8016037,
              31.834474
            ],
            [
              104.8020762,
              31.8348024
            ],
            [
              104.8024942,
              31.8350453
            ],
            [
              104.8030158,
              31.8352692
            ],
            [
              104.8034272,
              31.8353947
            ],
            [
              104.8039116,
              31.8354839
            ],
            [
              104.8053106,
              31.8357038
            ],
            [
              104.807064,
              31.8359667
            ],
            [
              104.8079774,
              31.836161
            ],
            [
              104.8089318,
              31.8364427
            ],
            [
              104.80955,
              31.8366693
            ],
            [
              104.8102031,
              31.8369648
            ],
            [
              104.8152262,
              31.8396625
            ],
            [
              104.815669,
              31.839897
            ],
            [
              104.8200229,
              31.8422269
            ],
            [
              104.8209698,
              31.8426539
            ],
            [
              104.8246793,
              31.8442838
            ],
            [
              104.8286325,
              31.8459866
            ],
            [
              104.8295502,
              31.8463778
            ],
            [
              104.830337,
              31.846707
            ],
            [
              104.8316153,
              31.8471834
            ],
            [
              104.8324713,
              31.8475021
            ],
            [
              104.8347788,
              31.8483921
            ],
            [
              104.8396976,
              31.8502278
            ],
            [
              104.8401842,
              31.8503937
            ],
            [
              104.8408712,
              31.8505512
            ],
            [
              104.8415405,
              31.8506158
            ],
            [
              104.8420856,
              31.8505987
            ],
            [
              104.8427809,
              31.8505342
            ],
            [
              104.8436661,
              31.8504301
            ],
            [
              104.8450093,
              31.8504074
            ],
            [
              104.8456617,
              31.8504048
            ],
            [
              104.8462677,
              31.8504363
            ],
            [
              104.8466359,
              31.8504715
            ],
            [
              104.8500272,
              31.850926
            ],
            [
              104.8507203,
              31.8510287
            ],
            [
              104.851291,
              31.8511298
            ],
            [
              104.8518656,
              31.8512677
            ],
            [
              104.8524247,
              31.8514568
            ],
            [
              104.852966,
              31.8516775
            ],
            [
              104.864311,
              31.856459
            ],
            [
              104.8650166,
              31.8567683
            ],
            [
              104.8656237,
              31.8570776
            ],
            [
              104.8660212,
              31.8573733
            ],
            [
              104.8663561,
              31.8576647
            ],
            [
              104.8667041,
              31.8580801
            ],
            [
              104.8669174,
              31.8584438
            ],
            [
              104.8671079,
              31.8588328
            ],
            [
              104.8672581,
              31.8592336
            ],
            [
              104.8674674,
              31.8599534
            ],
            [
              104.8677733,
              31.8609457
            ],
            [
              104.8679097,
              31.8613061
            ],
            [
              104.8680701,
              31.8616006
            ],
            [
              104.8683156,
              31.8619476
            ],
            [
              104.8686041,
              31.862278
            ],
            [
              104.8689578,
              31.8626107
            ],
            [
              104.8694177,
              31.8629201
            ],
            [
              104.8698876,
              31.8631653
            ],
            [
              104.8703448,
              31.8633456
            ],
            [
              104.8710428,
              31.8635973
            ],
            [
              104.8711797,
              31.8636466
            ],
            [
              104.8714016,
              31.8637274
            ],
            [
              104.8719779,
              31.8639326
            ],
            [
              104.8806512,
              31.8669838
            ],
            [
              104.8813662,
              31.8672265
            ],
            [
              104.8817998,
              31.867387
            ],
            [
              104.8823174,
              31.8675642
            ],
            [
              104.8828933,
              31.8677308
            ],
            [
              104.8835638,
              31.8678984
            ],
            [
              104.8841831,
              31.8680222
            ],
            [
              104.8866859,
              31.8684761
            ],
            [
              104.8889335,
              31.8688749
            ],
            [
              104.8893659,
              31.8689522
            ],
            [
              104.8899449,
              31.8690647
            ],
            [
              104.8904291,
              31.8691775
            ],
            [
              104.8909773,
              31.8693451
            ],
            [
              104.9024341,
              31.8729043
            ],
            [
              104.9082918,
              31.8745391
            ],
            [
              104.9112729,
              31.8753675
            ],
            [
              104.9127523,
              31.8757723
            ],
            [
              104.914086,
              31.8761357
            ],
            [
              104.914794,
              31.8762994
            ],
            [
              104.9153801,
              31.8764149
            ],
            [
              104.9159316,
              31.876491
            ],
            [
              104.9163609,
              31.8765335
            ],
            [
              104.9167453,
              31.8765588
            ],
            [
              104.9170115,
              31.876566
            ],
            [
              104.9187461,
              31.8765792
            ],
            [
              104.9190711,
              31.8765776
            ],
            [
              104.9246314,
              31.8764594
            ],
            [
              104.9251771,
              31.8764776
            ],
            [
              104.9256445,
              31.8765306
            ],
            [
              104.9261313,
              31.876636
            ],
            [
              104.9265486,
              31.8767903
            ],
            [
              104.9269163,
              31.8769457
            ],
            [
              104.9272686,
              31.8771692
            ],
            [
              104.9275742,
              31.8773914
            ],
            [
              104.9294336,
              31.8789782
            ],
            [
              104.9320824,
              31.8813752
            ],
            [
              104.9325179,
              31.8817554
            ],
            [
              104.9328255,
              31.8820057
            ],
            [
              104.9330853,
              31.8821904
            ],
            [
              104.9335479,
              31.8824911
            ],
            [
              104.9354164,
              31.8835841
            ],
            [
              104.9405779,
              31.8868269
            ],
            [
              104.9415725,
              31.8873967
            ],
            [
              104.9422967,
              31.8876609
            ],
            [
              104.9430451,
              31.8878626
            ],
            [
              104.9433541,
              31.8879563
            ],
            [
              104.9461382,
              31.8886349
            ],
            [
              104.9494152,
              31.8894584
            ],
            [
              104.951603,
              31.8900519
            ],
            [
              104.9538582,
              31.8906586
            ],
            [
              104.9544268,
              31.8907861
            ],
            [
              104.9549869,
              31.8908699
            ],
            [
              104.9556135,
              31.8909173
            ],
            [
              104.9562743,
              31.8909063
            ],
            [
              104.9568301,
              31.8908754
            ],
            [
              104.957365,
              31.890797
            ],
            [
              104.9574734,
              31.8907737
            ],
            [
              104.9576241,
              31.8907412
            ],
            [
              104.9578793,
              31.8906745
            ],
            [
              104.9583525,
              31.8905196
            ],
            [
              104.9590185,
              31.890224
            ],
            [
              104.9617047,
              31.8889106
            ],
            [
              104.9623463,
              31.8886448
            ],
            [
              104.9629489,
              31.888492
            ],
            [
              104.9637002,
              31.8883989
            ],
            [
              104.9645218,
              31.8884587
            ],
            [
              104.9650931,
              31.8885698
            ],
            [
              104.9659596,
              31.8888605
            ],
            [
              104.9664761,
              31.8892126
            ],
            [
              104.9668842,
              31.8895647
            ],
            [
              104.9672636,
              31.8900935
            ],
            [
              104.9678647,
              31.8915063
            ],
            [
              104.9681911,
              31.8922231
            ],
            [
              104.9685198,
              31.8927546
            ],
            [
              104.9689032,
              31.8931865
            ],
            [
              104.9692867,
              31.8934855
            ],
            [
              104.969764,
              31.893811
            ],
            [
              104.9703274,
              31.8940303
            ],
            [
              104.9710709,
              31.8941964
            ],
            [
              104.9715952,
              31.894223
            ],
            [
              104.9723229,
              31.8941765
            ],
            [
              104.9757671,
              31.8938074
            ],
            [
              104.9764956,
              31.8936972
            ],
            [
              104.9771209,
              31.8935682
            ],
            [
              104.9778408,
              31.8933822
            ],
            [
              104.9785451,
              31.8930898
            ],
            [
              104.979312,
              31.8926712
            ],
            [
              104.980032,
              31.8921995
            ],
            [
              104.9805015,
              31.8918008
            ],
            [
              104.9811119,
              31.8912095
            ],
            [
              104.9853768,
              31.8855816
            ],
            [
              104.9858698,
              31.8851165
            ],
            [
              104.9862924,
              31.8847843
            ],
            [
              104.9868167,
              31.8844919
            ],
            [
              104.9882331,
              31.883947
            ],
            [
              104.9889452,
              31.883664
            ],
            [
              104.9895495,
              31.8834606
            ],
            [
              104.9904514,
              31.8831095
            ],
            [
              104.9911636,
              31.8829844
            ],
            [
              104.9917111,
              31.8829784
            ],
            [
              104.9920791,
              31.8830421
            ],
            [
              104.9924543,
              31.883136
            ],
            [
              104.9929127,
              31.8833086
            ],
            [
              104.9933606,
              31.883566
            ],
            [
              104.9937369,
              31.8838418
            ],
            [
              104.9962744,
              31.885885
            ],
            [
              104.9966758,
              31.8863217
            ],
            [
              104.9968737,
              31.8866022
            ],
            [
              104.9970084,
              31.8868546
            ],
            [
              104.9972096,
              31.8872509
            ],
            [
              104.9974182,
              31.8877881
            ],
            [
              104.9976306,
              31.8883983
            ],
            [
              104.9980145,
              31.8893759
            ],
            [
              104.9982479,
              31.8897631
            ],
            [
              104.9984488,
              31.8900476
            ],
            [
              104.9987519,
              31.8903573
            ],
            [
              104.999063,
              31.8906533
            ],
            [
              104.9993633,
              31.8908253
            ],
            [
              104.9995217,
              31.8909266
            ],
            [
              104.9997216,
              31.8910441
            ],
            [
              105.0000796,
              31.8912136
            ],
            [
              105.0003913,
              31.8913164
            ],
            [
              105.0023485,
              31.8920162
            ],
            [
              105.002877,
              31.8922052
            ],
            [
              105.0036305,
              31.8924975
            ],
            [
              105.0075113,
              31.8938981
            ],
            [
              105.0107571,
              31.8950955
            ],
            [
              105.0125934,
              31.896133
            ],
            [
              105.0131167,
              31.8964173
            ],
            [
              105.0136945,
              31.8967519
            ],
            [
              105.0142261,
              31.8970746
            ],
            [
              105.0146279,
              31.8973918
            ],
            [
              105.0149461,
              31.8977047
            ],
            [
              105.0152206,
              31.8980954
            ],
            [
              105.0153494,
              31.8983666
            ],
            [
              105.0154808,
              31.8986761
            ],
            [
              105.0155486,
              31.8989304
            ],
            [
              105.01558,
              31.8993137
            ],
            [
              105.0155827,
              31.8996029
            ],
            [
              105.0154969,
              31.8999877
            ],
            [
              105.0153477,
              31.9004561
            ],
            [
              105.0148769,
              31.9017554
            ],
            [
              105.0146493,
              31.9022717
            ],
            [
              105.0144055,
              31.9026787
            ],
            [
              105.0134124,
              31.9039735
            ],
            [
              105.0131983,
              31.9043438
            ],
            [
              105.0129842,
              31.9047944
            ],
            [
              105.012638,
              31.9059757
            ],
            [
              105.0125357,
              31.9064067
            ],
            [
              105.0124741,
              31.9068325
            ],
            [
              105.012474,
              31.9075245
            ],
            [
              105.0125465,
              31.9080461
            ],
            [
              105.0127649,
              31.9092013
            ],
            [
              105.0130442,
              31.9101173
            ],
            [
              105.0132768,
              31.9106183
            ],
            [
              105.013608,
              31.9110566
            ],
            [
              105.0146187,
              31.9127319
            ],
            [
              105.0149257,
              31.9132785
            ],
            [
              105.015275,
              31.9140222
            ],
            [
              105.0156355,
              31.9145849
            ],
            [
              105.0159358,
              31.9149209
            ],
            [
              105.0161169,
              31.9150862
            ],
            [
              105.0165111,
              31.9154155
            ],
            [
              105.0169386,
              31.9156677
            ],
            [
              105.0173228,
              31.9158494
            ],
            [
              105.0189012,
              31.9165629
            ],
            [
              105.0193614,
              31.916789
            ],
            [
              105.019717,
              31.9169961
            ],
            [
              105.020086,
              31.9172432
            ],
            [
              105.0203545,
              31.9174809
            ],
            [
              105.0206717,
              31.9178344
            ],
            [
              105.021484,
              31.918769
            ],
            [
              105.0224605,
              31.9199152
            ],
            [
              105.0232737,
              31.9208502
            ],
            [
              105.0233641,
              31.9209567
            ]
          ],
          [
            [
              105.913857,
              32.826553
            ],
            [
              105.9140096,
              32.825404
            ],
            [
              105.9177155,
              32.7989681
            ],
            [
              105.9177755,
              32.7985996
            ],
            [
              105.9178677,
              32.7982311
            ],
            [
              105.9179771,
              32.7978993
            ],
            [
              105.9181079,
              32.7975586
            ],
            [
              105.9183714,
              32.7970101
            ],
            [
              105.9186117,
              32.7965335
            ],
            [
              105.9187519,
              32.7961704
            ],
            [
              105.9189662,
              32.7953329
            ],
            [
              105.9193715,
              32.7937494
            ],
            [
              105.9194378,
              32.7934904
            ],
            [
              105.9197193,
              32.7923369
            ],
            [
              105.9198086,
              32.7919857
            ],
            [
              105.9198645,
              32.7916691
            ],
            [
              105.9199044,
              32.791339
            ],
            [
              105.9199273,
              32.7909102
            ],
            [
              105.9198934,
              32.7904545
            ],
            [
              105.9197201,
              32.7893764
            ],
            [
              105.9196497,
              32.7889824
            ],
            [
              105.9195541,
              32.7886062
            ],
            [
              105.9194293,
              32.7882464
            ],
            [
              105.919299,
              32.7879601
            ],
            [
              105.919106,
              32.7875695
            ],
            [
              105.9182867,
              32.786101
            ],
            [
              105.9176149,
              32.7849398
            ],
            [
              105.917454,
              32.7846532
            ],
            [
              105.9173777,
              32.7845173
            ],
            [
              105.9172037,
              32.7842075
            ],
            [
              105.9170245,
              32.783859
            ],
            [
              105.9168882,
              32.7835939
            ],
            [
              105.9164504,
              32.782826
            ],
            [
              105.91624,
              32.7824539
            ],
            [
              105.9157111,
              32.7814919
            ],
            [
              105.9154972,
              32.7811327
            ],
            [
              105.9152826,
              32.7808693
            ],
            [
              105.9150315,
              32.7806105
            ],
            [
              105.9145638,
              32.780172
            ],
            [
              105.9140478,
              32.7797336
            ],
            [
              105.9134579,
              32.779297
            ],
            [
              105.9128518,
              32.7788919
            ],
            [
              105.9109441,
              32.7777534
            ],
            [
              105.9104457,
              32.7774353
            ],
            [
              105.9099581,
              32.7771082
            ],
            [
              105.909516,
              32.776781
            ],
            [
              105.9090846,
              32.7764448
            ],
            [
              105.9086843,
              32.7760908
            ],
            [
              105.9082947,
              32.7757278
            ],
            [
              105.9079848,
              32.7753959
            ],
            [
              105.9076856,
              32.7750549
            ],
            [
              105.9074622,
              32.774754
            ],
            [
              105.9072798,
              32.7744891
            ],
            [
              105.9070973,
              32.7741837
            ],
            [
              105.9068287,
              32.773744
            ],
            [
              105.90631,
              32.7728991
            ],
            [
              105.9059787,
              32.772335
            ],
            [
              105.9054858,
              32.7714086
            ],
            [
              105.9053842,
              32.7712253
            ],
            [
              105.8931577,
              32.7489587
            ],
            [
              105.8929626,
              32.7486176
            ],
            [
              105.8925105,
              32.7478035
            ],
            [
              105.89222,
              32.7471031
            ],
            [
              105.891994,
              32.7464028
            ],
            [
              105.8854694,
              32.7237633
            ],
            [
              105.885224,
              32.7231
            ],
            [
              105.8849356,
              32.7224457
            ],
            [
              105.8845185,
              32.7217282
            ],
            [
              105.8840692,
              32.7211641
            ],
            [
              105.8833974,
              32.7203988
            ],
            [
              105.8816787,
              32.718469
            ],
            [
              105.8815277,
              32.7182994
            ],
            [
              105.8810449,
              32.7177769
            ],
            [
              105.8807043,
              32.7173674
            ],
            [
              105.8803621,
              32.7169424
            ],
            [
              105.8789642,
              32.7150752
            ],
            [
              105.8785763,
              32.7144977
            ],
            [
              105.8782768,
              32.7139136
            ],
            [
              105.8780313,
              32.713309
            ],
            [
              105.8778576,
              32.7128548
            ],
            [
              105.8777099,
              32.7124494
            ],
            [
              105.8776106,
              32.7120085
            ],
            [
              105.8775949,
              32.7118199
            ],
            [
              105.8775738,
              32.7115545
            ],
            [
              105.8775822,
              32.7112757
            ],
            [
              105.8776121,
              32.7109923
            ],
            [
              105.8776921,
              32.7105795
            ],
            [
              105.8778151,
              32.7101756
            ],
            [
              105.8779791,
              32.7097516
            ],
            [
              105.878165,
              32.7093635
            ],
            [
              105.8784657,
              32.7089493
            ],
            [
              105.879025,
              32.7081248
            ],
            [
              105.8793634,
              32.7076855
            ],
            [
              105.8799571,
              32.7069146
            ],
            [
              105.8803497,
              32.706483
            ],
            [
              105.8807138,
              32.7061427
            ],
            [
              105.8811443,
              32.7057949
            ],
            [
              105.88163,
              32.705496
            ],
            [
              105.8822945,
              32.7051379
            ],
            [
              105.8829354,
              32.7048846
            ],
            [
              105.8835413,
              32.7047197
            ],
            [
              105.8846806,
              32.7044505
            ],
            [
              105.8856716,
              32.7042396
            ],
            [
              105.8861637,
              32.7040857
            ],
            [
              105.8866755,
              32.7038566
            ],
            [
              105.8871719,
              32.7035671
            ],
            [
              105.8879686,
              32.7029028
            ],
            [
              105.8892249,
              32.7014102
            ],
            [
              105.8904074,
              32.6993164
            ],
            [
              105.891245,
              32.696497
            ],
            [
              105.8918116,
              32.6933457
            ],
            [
              105.8923292,
              32.6889036
            ],
            [
              105.892206,
              32.6858143
            ],
            [
              105.8917174,
              32.682548
            ],
            [
              105.8912209,
              32.6807445
            ],
            [
              105.8905613,
              32.6793895
            ],
            [
              105.8902999,
              32.6788354
            ],
            [
              105.8899863,
              32.6783789
            ],
            [
              105.8896457,
              32.6780158
            ],
            [
              105.8872333,
              32.6756677
            ],
            [
              105.8867519,
              32.6751049
            ],
            [
              105.88589,
              32.673695
            ],
            [
              105.8850745,
              32.6718065
            ],
            [
              105.8848484,
              32.6714572
            ],
            [
              105.8844393,
              32.6709804
            ],
            [
              105.8840358,
              32.6706335
            ],
            [
              105.883558,
              32.6702771
            ],
            [
              105.8831431,
              32.6700458
            ],
            [
              105.8823677,
              32.669711
            ],
            [
              105.8817807,
              32.669541
            ],
            [
              105.880978,
              32.6694
            ],
            [
              105.8798523,
              32.6692585
            ],
            [
              105.879456,
              32.6692134
            ],
            [
              105.8780177,
              32.6690411
            ],
            [
              105.8775049,
              32.6689208
            ],
            [
              105.8768809,
              32.6687048
            ],
            [
              105.8765674,
              32.6685552
            ],
            [
              105.8761385,
              32.6682623
            ],
            [
              105.8756691,
              32.6678126
            ],
            [
              105.875224,
              32.6671791
            ],
            [
              105.8747314,
              32.6662253
            ],
            [
              105.8741672,
              32.6651066
            ],
            [
              105.8738968,
              32.6644403
            ],
            [
              105.8738004,
              32.6640918
            ],
            [
              105.8737268,
              32.6636534
            ],
            [
              105.873695,
              32.663285
            ],
            [
              105.8735738,
              32.6614118
            ],
            [
              105.8735683,
              32.6610692
            ],
            [
              105.8732197,
              32.6556495
            ],
            [
              105.8732121,
              32.6545941
            ],
            [
              105.8732927,
              32.6542167
            ],
            [
              105.8734393,
              32.6538393
            ],
            [
              105.8735453,
              32.6536114
            ],
            [
              105.8736856,
              32.6533834
            ],
            [
              105.874034,
              32.6528989
            ],
            [
              105.8751637,
              32.6512563
            ],
            [
              105.8753875,
              32.6508908
            ],
            [
              105.8755683,
              32.6505634
            ],
            [
              105.8760577,
              32.6495255
            ],
            [
              105.8762009,
              32.6492861
            ],
            [
              105.8763628,
              32.6490664
            ],
            [
              105.8765896,
              32.6488317
            ],
            [
              105.8768449,
              32.6486037
            ],
            [
              105.8772762,
              32.6482683
            ],
            [
              105.8777153,
              32.6479458
            ],
            [
              105.8781192,
              32.6476099
            ],
            [
              105.8784522,
              32.6472504
            ],
            [
              105.8787055,
              32.6468479
            ],
            [
              105.8787993,
              32.6466247
            ],
            [
              105.8788729,
              32.6463796
            ],
            [
              105.8789253,
              32.6461526
            ],
            [
              105.8789381,
              32.6460218
            ],
            [
              105.8789497,
              32.64591
            ],
            [
              105.8789579,
              32.6457227
            ],
            [
              105.8789319,
              32.6454971
            ],
            [
              105.8788504,
              32.6450932
            ],
            [
              105.8786844,
              32.6447186
            ],
            [
              105.8784631,
              32.6443744
            ],
            [
              105.8782191,
              32.6440701
            ],
            [
              105.877809,
              32.6436188
            ],
            [
              105.8775846,
              32.6433743
            ],
            [
              105.8773841,
              32.6431558
            ],
            [
              105.8772689,
              32.6430372
            ],
            [
              105.8770374,
              32.6427989
            ],
            [
              105.8755099,
              32.6411676
            ],
            [
              105.8752401,
              32.6408793
            ],
            [
              105.8749505,
              32.6405913
            ],
            [
              105.8746342,
              32.6402977
            ],
            [
              105.874223,
              32.6399584
            ],
            [
              105.8737507,
              32.6396044
            ],
            [
              105.8732889,
              32.6392985
            ],
            [
              105.8728357,
              32.6390251
            ],
            [
              105.8723864,
              32.6387865
            ],
            [
              105.8707901,
              32.6380591
            ],
            [
              105.8683666,
              32.6369583
            ],
            [
              105.8680842,
              32.6368286
            ],
            [
              105.8677382,
              32.6366704
            ],
            [
              105.8673368,
              32.6364899
            ],
            [
              105.8666326,
              32.6360609
            ],
            [
              105.8661868,
              32.6357315
            ],
            [
              105.865832,
              32.6353714
            ],
            [
              105.8654454,
              32.6348389
            ],
            [
              105.8650724,
              32.6341264
            ],
            [
              105.8648697,
              32.6337046
            ],
            [
              105.8643564,
              32.6325121
            ],
            [
              105.8628614,
              32.6298508
            ],
            [
              105.860027,
              32.6257834
            ],
            [
              105.8562336,
              32.6212865
            ],
            [
              105.8543575,
              32.6185058
            ],
            [
              105.8537492,
              32.617161
            ],
            [
              105.8533648,
              32.61576
            ],
            [
              105.8533326,
              32.6155913
            ],
            [
              105.8532038,
              32.6144316
            ],
            [
              105.8531529,
              32.6137825
            ],
            [
              105.8531642,
              32.6131174
            ],
            [
              105.8532667,
              32.6126346
            ],
            [
              105.8534852,
              32.6120046
            ],
            [
              105.8537024,
              32.6116878
            ],
            [
              105.8540932,
              32.6112045
            ],
            [
              105.8544104,
              32.610869
            ],
            [
              105.8547895,
              32.6106023
            ],
            [
              105.8552703,
              32.6103681
            ],
            [
              105.8557098,
              32.6102039
            ],
            [
              105.8568807,
              32.6098685
            ],
            [
              105.8576233,
              32.6096737
            ],
            [
              105.8583449,
              32.6094831
            ],
            [
              105.8587288,
              32.6093739
            ],
            [
              105.8591452,
              32.6092648
            ],
            [
              105.8594543,
              32.6091241
            ],
            [
              105.8597809,
              32.608948
            ],
            [
              105.860166,
              32.6086559
            ],
            [
              105.8604383,
              32.6084564
            ],
            [
              105.8609432,
              32.6079581
            ],
            [
              105.8614842,
              32.6073657
            ],
            [
              105.862195,
              32.6065348
            ],
            [
              105.8630689,
              32.6055174
            ],
            [
              105.8662997,
              32.601732
            ],
            [
              105.866676,
              32.6010754
            ],
            [
              105.8668373,
              32.6004187
            ],
            [
              105.8668507,
              32.59983
            ],
            [
              105.8668104,
              32.5993431
            ],
            [
              105.8667432,
              32.5987883
            ],
            [
              105.8664879,
              32.5981996
            ],
            [
              105.866221,
              32.5977678
            ],
            [
              105.866071,
              32.5976086
            ],
            [
              105.8659264,
              32.597464
            ],
            [
              105.8657969,
              32.5973491
            ],
            [
              105.8655526,
              32.5971709
            ],
            [
              105.8652923,
              32.5970098
            ],
            [
              105.8650343,
              32.5968756
            ],
            [
              105.8648085,
              32.5967692
            ],
            [
              105.8645951,
              32.5966812
            ],
            [
              105.8643811,
              32.5966103
            ],
            [
              105.864194,
              32.5965546
            ],
            [
              105.8640109,
              32.5965075
            ],
            [
              105.8630392,
              32.5963089
            ],
            [
              105.8639488,
              32.5964361
            ]
          ],
          [
            [
              105.8630392,
              32.5963089
            ],
            [
              105.862714,
              32.5962458
            ],
            [
              105.8620418,
              32.5961038
            ],
            [
              105.8614328,
              32.5959486
            ],
            [
              105.8607452,
              32.5957085
            ],
            [
              105.8601532,
              32.5953908
            ],
            [
              105.8595762,
              32.5949976
            ],
            [
              105.8496351,
              32.586619
            ],
            [
              105.8493841,
              32.5863968
            ],
            [
              105.8480285,
              32.58521
            ],
            [
              105.8475851,
              32.5848258
            ],
            [
              105.8432795,
              32.5782178
            ],
            [
              105.8409188,
              32.5721365
            ],
            [
              105.8408511,
              32.5719743
            ],
            [
              105.8408041,
              32.5717343
            ],
            [
              105.84076,
              32.5713057
            ],
            [
              105.8407725,
              32.5707875
            ],
            [
              105.8407796,
              32.570491
            ],
            [
              105.8413024,
              32.5678811
            ],
            [
              105.8415346,
              32.5672965
            ],
            [
              105.8417752,
              32.5668141
            ],
            [
              105.8420308,
              32.5659464
            ],
            [
              105.8423089,
              32.5652162
            ],
            [
              105.8425329,
              32.564674
            ],
            [
              105.8429136,
              32.5635375
            ],
            [
              105.8432405,
              32.5626786
            ],
            [
              105.8433171,
              32.5624001
            ],
            [
              105.84337,
              32.5620259
            ],
            [
              105.8433832,
              32.5618054
            ],
            [
              105.8433727,
              32.5612151
            ],
            [
              105.8433651,
              32.5607553
            ],
            [
              105.8433687,
              32.5602962
            ],
            [
              105.8433925,
              32.5600199
            ],
            [
              105.8434352,
              32.5597373
            ],
            [
              105.8435369,
              32.5593162
            ],
            [
              105.8436784,
              32.5588796
            ],
            [
              105.8438316,
              32.5584307
            ],
            [
              105.8440682,
              32.5576577
            ],
            [
              105.8442281,
              32.5571576
            ],
            [
              105.8445754,
              32.5560347
            ],
            [
              105.8446613,
              32.5556137
            ],
            [
              105.8446666,
              32.5551481
            ],
            [
              105.8446362,
              32.5548384
            ],
            [
              105.8445503,
              32.5544475
            ],
            [
              105.8444432,
              32.5541166
            ],
            [
              105.8442146,
              32.5536622
            ],
            [
              105.8438935,
              32.5532311
            ],
            [
              105.8436331,
              32.5529626
            ],
            [
              105.8433305,
              32.5527098
            ],
            [
              105.8430384,
              32.5525059
            ],
            [
              105.8427226,
              32.5523388
            ],
            [
              105.8422323,
              32.5520949
            ],
            [
              105.8415504,
              32.5517451
            ],
            [
              105.8410112,
              32.5514812
            ],
            [
              105.8406721,
              32.5512632
            ],
            [
              105.8402754,
              32.5510351
            ],
            [
              105.8400274,
              32.5508196
            ],
            [
              105.8397989,
              32.5505802
            ],
            [
              105.8394699,
              32.5501252
            ],
            [
              105.8389762,
              32.5493086
            ],
            [
              105.8380481,
              32.5476357
            ],
            [
              105.8376965,
              32.5470194
            ],
            [
              105.8373973,
              32.5464755
            ],
            [
              105.837206,
              32.5461726
            ],
            [
              105.8369571,
              32.5456462
            ],
            [
              105.836794,
              32.5452248
            ],
            [
              105.8366696,
              32.5447346
            ],
            [
              105.8366099,
              32.544293
            ],
            [
              105.8364728,
              32.5427141
            ],
            [
              105.8364684,
              32.5426757
            ],
            [
              105.8364017,
              32.5420539
            ],
            [
              105.8363309,
              32.5417295
            ],
            [
              105.8360227,
              32.5410871
            ],
            [
              105.8359416,
              32.5409514
            ],
            [
              105.8356899,
              32.5405338
            ],
            [
              105.8351706,
              32.5396261
            ],
            [
              105.8349122,
              32.5391356
            ],
            [
              105.8347392,
              32.5386228
            ],
            [
              105.8346322,
              32.5381011
            ],
            [
              105.8345554,
              32.537447
            ],
            [
              105.8346351,
              32.5354904
            ],
            [
              105.8346839,
              32.5351812
            ],
            [
              105.8347798,
              32.5345739
            ],
            [
              105.8348319,
              32.5343893
            ],
            [
              105.8350804,
              32.5337679
            ],
            [
              105.8354826,
              32.5330078
            ],
            [
              105.8357369,
              32.5325397
            ],
            [
              105.8358922,
              32.5322537
            ],
            [
              105.8362351,
              32.5316552
            ],
            [
              105.8366305,
              32.530839
            ],
            [
              105.8370541,
              32.5300159
            ],
            [
              105.8380802,
              32.5282022
            ],
            [
              105.8388259,
              32.5269447
            ],
            [
              105.8395513,
              32.5259053
            ],
            [
              105.8406394,
              32.5245176
            ],
            [
              105.8412376,
              32.5237402
            ],
            [
              105.841304,
              32.5236539
            ],
            [
              105.8415829,
              32.5233103
            ],
            [
              105.8419659,
              32.5228384
            ],
            [
              105.8422528,
              32.522485
            ],
            [
              105.842588,
              32.5219624
            ],
            [
              105.8427824,
              32.5215195
            ],
            [
              105.8429529,
              32.521023
            ],
            [
              105.8475352,
              32.5079046
            ],
            [
              105.8476808,
              32.507255
            ],
            [
              105.8477684,
              32.5064858
            ],
            [
              105.8478137,
              32.5060094
            ],
            [
              105.8477857,
              32.5049976
            ],
            [
              105.8477076,
              32.5029106
            ],
            [
              105.8477392,
              32.5025309
            ],
            [
              105.8482532,
              32.5007573
            ],
            [
              105.8483437,
              32.500177
            ],
            [
              105.8483297,
              32.4991648
            ],
            [
              105.8482857,
              32.4986492
            ],
            [
              105.8481327,
              32.497919
            ],
            [
              105.8456087,
              32.4889298
            ],
            [
              105.8455072,
              32.4884387
            ],
            [
              105.8454274,
              32.4879307
            ],
            [
              105.8453706,
              32.4870858
            ],
            [
              105.8453515,
              32.486558
            ],
            [
              105.8452445,
              32.4854473
            ],
            [
              105.8451025,
              32.4848588
            ],
            [
              105.8448482,
              32.4842539
            ],
            [
              105.8444201,
              32.483164
            ],
            [
              105.8441417,
              32.4825828
            ],
            [
              105.8438111,
              32.4818669
            ],
            [
              105.8432948,
              32.4810244
            ],
            [
              105.8427141,
              32.4801587
            ],
            [
              105.8403196,
              32.4768488
            ],
            [
              105.8401307,
              32.4765703
            ],
            [
              105.8395015,
              32.475662
            ],
            [
              105.8384676,
              32.4743136
            ],
            [
              105.8359896,
              32.4711442
            ],
            [
              105.8357277,
              32.4708193
            ],
            [
              105.8355301,
              32.4706012
            ],
            [
              105.8353057,
              32.4703656
            ],
            [
              105.8350952,
              32.4701779
            ],
            [
              105.8348535,
              32.4699952
            ],
            [
              105.8329538,
              32.4687819
            ],
            [
              105.8326541,
              32.4685447
            ],
            [
              105.8323671,
              32.4682877
            ],
            [
              105.8320487,
              32.4679677
            ],
            [
              105.8317828,
              32.4676672
            ],
            [
              105.831615,
              32.4674465
            ],
            [
              105.8302959,
              32.4657856
            ],
            [
              105.829974,
              32.4653517
            ],
            [
              105.8272366,
              32.4617907
            ],
            [
              105.8269571,
              32.4614589
            ],
            [
              105.8266647,
              32.4611402
            ],
            [
              105.8264067,
              32.4608965
            ],
            [
              105.8260502,
              32.460585
            ],
            [
              105.8243081,
              32.4591863
            ],
            [
              105.8241193,
              32.459034
            ],
            [
              105.8234596,
              32.4584999
            ],
            [
              105.8228008,
              32.457967
            ],
            [
              105.8223124,
              32.45759
            ],
            [
              105.8214329,
              32.4569379
            ],
            [
              105.8209553,
              32.4565671
            ],
            [
              105.820333,
              32.45605
            ],
            [
              105.8191602,
              32.4550517
            ],
            [
              105.8188481,
              32.4547523
            ],
            [
              105.8185419,
              32.4544776
            ],
            [
              105.8144713,
              32.4510661
            ],
            [
              105.8141727,
              32.4508368
            ],
            [
              105.8138778,
              32.450625
            ],
            [
              105.8132819,
              32.4502021
            ],
            [
              105.8127816,
              32.4498396
            ],
            [
              105.812602,
              32.4496903
            ],
            [
              105.8120785,
              32.4492512
            ]
          ],
          [
            [
              105.5191521,
              32.2992483
            ],
            [
              105.5192133,
              32.2998498
            ],
            [
              105.5193362,
              32.3005569
            ],
            [
              105.5195815,
              32.3015622
            ],
            [
              105.5196931,
              32.3019146
            ],
            [
              105.5197839,
              32.3022208
            ],
            [
              105.519919,
              32.3025842
            ],
            [
              105.5201627,
              32.3030838
            ],
            [
              105.5203848,
              32.3035107
            ],
            [
              105.5206778,
              32.3039792
            ],
            [
              105.521266,
              32.3047379
            ],
            [
              105.5240688,
              32.3068649
            ],
            [
              105.5247898,
              32.307439
            ],
            [
              105.5272945,
              32.3094961
            ],
            [
              105.5277745,
              32.3097549
            ],
            [
              105.5283115,
              32.3099777
            ],
            [
              105.5288807,
              32.3101286
            ],
            [
              105.5296769,
              32.3102727
            ],
            [
              105.5309975,
              32.3104383
            ],
            [
              105.5318039,
              32.3105633
            ],
            [
              105.5327989,
              32.3108155
            ],
            [
              105.5346044,
              32.3114444
            ],
            [
              105.535989,
              32.3118461
            ],
            [
              105.53709,
              32.311996
            ],
            [
              105.5393187,
              32.3120596
            ],
            [
              105.5399041,
              32.3121283
            ],
            [
              105.5404138,
              32.3122522
            ],
            [
              105.5409672,
              32.3124593
            ],
            [
              105.5416795,
              32.3127912
            ],
            [
              105.5423621,
              32.3132014
            ],
            [
              105.5455029,
              32.3153249
            ],
            [
              105.5463407,
              32.3158593
            ],
            [
              105.5471195,
              32.3162865
            ],
            [
              105.5503182,
              32.3175329
            ],
            [
              105.551733,
              32.3181017
            ],
            [
              105.5523122,
              32.3183964
            ],
            [
              105.5528688,
              32.3188731
            ],
            [
              105.5533976,
              32.3193413
            ],
            [
              105.5541657,
              32.3202388
            ],
            [
              105.5545742,
              32.3207929
            ],
            [
              105.5547964,
              32.3212817
            ],
            [
              105.5548703,
              32.3220829
            ],
            [
              105.5548415,
              32.3231636
            ],
            [
              105.5549967,
              32.3240562
            ],
            [
              105.5550943,
              32.3244822
            ],
            [
              105.5553138,
              32.3250799
            ],
            [
              105.5557773,
              32.3256433
            ],
            [
              105.5562245,
              32.3260418
            ],
            [
              105.5571901,
              32.3267973
            ],
            [
              105.5579848,
              32.3272811
            ],
            [
              105.5583787,
              32.3275666
            ],
            [
              105.5591914,
              32.3280901
            ],
            [
              105.5598021,
              32.3285669
            ],
            [
              105.5602401,
              32.329008
            ],
            [
              105.5605888,
              32.3294659
            ],
            [
              105.5611199,
              32.330386
            ],
            [
              105.5618119,
              32.3315124
            ],
            [
              105.5619617,
              32.3317177
            ],
            [
              105.5623161,
              32.3320747
            ],
            [
              105.5626122,
              32.3323159
            ],
            [
              105.5630882,
              32.332646
            ],
            [
              105.5637338,
              32.3330951
            ],
            [
              105.5656822,
              32.3343529
            ],
            [
              105.5666336,
              32.3348581
            ],
            [
              105.5685604,
              32.3357715
            ],
            [
              105.5691687,
              32.3360666
            ],
            [
              105.5694449,
              32.3362752
            ],
            [
              105.5696671,
              32.3364515
            ],
            [
              105.5707177,
              32.3375605
            ],
            [
              105.5713289,
              32.3381353
            ],
            [
              105.5729352,
              32.3394608
            ],
            [
              105.5753428,
              32.341359
            ],
            [
              105.5760372,
              32.3420252
            ],
            [
              105.5783861,
              32.3446876
            ],
            [
              105.5794467,
              32.3458235
            ],
            [
              105.57994,
              32.3462911
            ],
            [
              105.5807591,
              32.3469005
            ],
            [
              105.5832794,
              32.3485994
            ],
            [
              105.5840475,
              32.3491264
            ],
            [
              105.5850737,
              32.3498649
            ],
            [
              105.5855759,
              32.3505921
            ],
            [
              105.5861191,
              32.3514163
            ],
            [
              105.5866188,
              32.3519917
            ],
            [
              105.5875261,
              32.3526624
            ],
            [
              105.5879046,
              32.3529392
            ],
            [
              105.5904114,
              32.3547487
            ],
            [
              105.5927718,
              32.3562517
            ],
            [
              105.5934383,
              32.3566312
            ],
            [
              105.5936258,
              32.35674
            ],
            [
              105.5954972,
              32.3577619
            ],
            [
              105.5972791,
              32.3587537
            ],
            [
              105.5979111,
              32.3591599
            ],
            [
              105.5986344,
              32.3598243
            ],
            [
              105.5997964,
              32.3609484
            ],
            [
              105.6020681,
              32.3631656
            ],
            [
              105.602763,
              32.363861
            ],
            [
              105.6032764,
              32.3642484
            ],
            [
              105.6042776,
              32.3647943
            ],
            [
              105.606872,
              32.3661872
            ],
            [
              105.6087697,
              32.36719
            ],
            [
              105.6097686,
              32.3677322
            ],
            [
              105.6104551,
              32.3682603
            ],
            [
              105.6110975,
              32.3688668
            ],
            [
              105.614232,
              32.3724305
            ],
            [
              105.6145414,
              32.3727869
            ],
            [
              105.6154404,
              32.3739385
            ],
            [
              105.6159898,
              32.374538
            ],
            [
              105.6166928,
              32.3752066
            ],
            [
              105.6230514,
              32.3798677
            ],
            [
              105.6232829,
              32.3800391
            ],
            [
              105.62577,
              32.3818812
            ],
            [
              105.627669,
              32.3833026
            ],
            [
              105.6281041,
              32.3835357
            ],
            [
              105.6285173,
              32.3837302
            ],
            [
              105.6295234,
              32.3840973
            ]
          ],
          [
            [
              104.6658035,
              31.451547
            ],
            [
              104.6661524,
              31.4517716
            ],
            [
              104.6662475,
              31.4518433
            ],
            [
              104.6666417,
              31.4521527
            ],
            [
              104.6670644,
              31.4525359
            ],
            [
              104.6673755,
              31.4528653
            ],
            [
              104.6676384,
              31.4532543
            ],
            [
              104.6679483,
              31.4536943
            ],
            [
              104.6682446,
              31.454435
            ],
            [
              104.668443,
              31.454888
            ],
            [
              104.6696053,
              31.4580144
            ],
            [
              104.6697192,
              31.4581828
            ],
            [
              104.6702342,
              31.4596196
            ],
            [
              104.6707063,
              31.4604524
            ],
            [
              104.6710496,
              31.4609466
            ],
            [
              104.6715002,
              31.4614591
            ],
            [
              104.6721761,
              31.4620082
            ],
            [
              104.6725705,
              31.4622518
            ],
            [
              104.6727998,
              31.462372
            ],
            [
              104.6730934,
              31.4625367
            ],
            [
              104.6740269,
              31.4629188
            ],
            [
              104.6746491,
              31.4630789
            ],
            [
              104.6753382,
              31.4631873
            ],
            [
              104.6760008,
              31.463246
            ],
            [
              104.6765639,
              31.46325
            ],
            [
              104.6772645,
              31.4632166
            ],
            [
              104.6780388,
              31.46315
            ],
            [
              104.6788642,
              31.4630804
            ],
            [
              104.6832652,
              31.4627625
            ],
            [
              104.6863468,
              31.4624962
            ],
            [
              104.6890111,
              31.462303
            ],
            [
              104.6912366,
              31.4621629
            ],
            [
              104.6921907,
              31.4621581
            ],
            [
              104.6925981,
              31.4621582
            ],
            [
              104.6962537,
              31.4621605
            ],
            [
              104.701643,
              31.4620882
            ],
            [
              104.7070524,
              31.4619897
            ],
            [
              104.7094321,
              31.4619669
            ],
            [
              104.7107627,
              31.4619541
            ],
            [
              104.7114147,
              31.4619856
            ],
            [
              104.7120666,
              31.4620381
            ],
            [
              104.7171815,
              31.462985
            ],
            [
              104.7190942,
              31.4633726
            ],
            [
              104.7211367,
              31.463761
            ],
            [
              104.7221478,
              31.4640122
            ],
            [
              104.7228786,
              31.4642779
            ],
            [
              104.723436,
              31.4645073
            ],
            [
              104.7237918,
              31.4646839
            ],
            [
              104.7243541,
              31.465023
            ],
            [
              104.7248699,
              31.4653646
            ],
            [
              104.725327,
              31.46572
            ],
            [
              104.7259395,
              31.4662529
            ],
            [
              104.7264015,
              31.4666526
            ],
            [
              104.7267578,
              31.4669812
            ],
            [
              104.727286,
              31.4676113
            ],
            [
              104.7274957,
              31.4678969
            ],
            [
              104.7276402,
              31.4681831
            ],
            [
              104.7277755,
              31.4685295
            ],
            [
              104.7278952,
              31.4692821
            ],
            [
              104.7279397,
              31.4695622
            ],
            [
              104.7280124,
              31.4700621
            ],
            [
              104.7280585,
              31.4703784
            ],
            [
              104.7281191,
              31.4707952
            ],
            [
              104.729051,
              31.477199
            ],
            [
              104.7295784,
              31.4814968
            ],
            [
              104.729759,
              31.4835052
            ],
            [
              104.7297214,
              31.4843384
            ],
            [
              104.7294651,
              31.4853996
            ],
            [
              104.7291607,
              31.486127
            ],
            [
              104.7272743,
              31.4903553
            ],
            [
              104.7271404,
              31.4908943
            ],
            [
              104.7270848,
              31.4912949
            ],
            [
              104.727074,
              31.4917024
            ],
            [
              104.7270797,
              31.4937944
            ],
            [
              104.7270874,
              31.4942746
            ],
            [
              104.7270945,
              31.49553
            ],
            [
              104.7270643,
              31.4980744
            ],
            [
              104.726969,
              31.4995745
            ],
            [
              104.7266702,
              31.5012229
            ],
            [
              104.726474,
              31.5022303
            ],
            [
              104.7263806,
              31.5027679
            ],
            [
              104.7262172,
              31.5036088
            ],
            [
              104.7258167,
              31.5055603
            ],
            [
              104.7256051,
              31.5065406
            ],
            [
              104.7254373,
              31.5069923
            ],
            [
              104.7251573,
              31.5074516
            ],
            [
              104.7235302,
              31.5097482
            ],
            [
              104.7230317,
              31.5104366
            ],
            [
              104.7221189,
              31.5114593
            ],
            [
              104.7215293,
              31.5120965
            ],
            [
              104.721164,
              31.5125569
            ],
            [
              104.721018,
              31.5128004
            ],
            [
              104.720928,
              31.5130599
            ],
            [
              104.720767,
              31.513627
            ],
            [
              104.7207027,
              31.5143404
            ],
            [
              104.7207255,
              31.5146032
            ],
            [
              104.7207563,
              31.5147589
            ],
            [
              104.7208207,
              31.515031
            ],
            [
              104.7209003,
              31.5152482
            ],
            [
              104.7210642,
              31.5156646
            ],
            [
              104.7212069,
              31.5160051
            ],
            [
              104.7226344,
              31.5194161
            ],
            [
              104.7236644,
              31.5218215
            ],
            [
              104.7239213,
              31.5225353
            ],
            [
              104.7240501,
              31.5232029
            ],
            [
              104.7240935,
              31.5237786
            ],
            [
              104.724115,
              31.5243456
            ],
            [
              104.7240613,
              31.5247572
            ],
            [
              104.723954,
              31.5253882
            ],
            [
              104.7237609,
              31.5261198
            ]
          ],
          [
            [
              105.902843,
              32.89603
            ],
            [
              105.900411,
              32.8948319
            ],
            [
              105.8991152,
              32.8941917
            ],
            [
              105.8983937,
              32.8938474
            ],
            [
              105.8980235,
              32.8936719
            ],
            [
              105.897671,
              32.8934841
            ],
            [
              105.8973507,
              32.8932917
            ],
            [
              105.897005,
              32.8930535
            ],
            [
              105.8967379,
              32.8928408
            ],
            [
              105.8965245,
              32.8926552
            ],
            [
              105.896283,
              32.8924055
            ],
            [
              105.8960844,
              32.8921919
            ],
            [
              105.895895,
              32.8919674
            ],
            [
              105.8957217,
              32.8917384
            ],
            [
              105.8955443,
              32.8914736
            ],
            [
              105.8953764,
              32.8911628
            ],
            [
              105.8952058,
              32.890807
            ],
            [
              105.895061,
              32.8904226
            ],
            [
              105.8949626,
              32.8900482
            ],
            [
              105.8948854,
              32.8896147
            ],
            [
              105.8946585,
              32.8877937
            ],
            [
              105.8946484,
              32.8874429
            ],
            [
              105.8946711,
              32.8870913
            ],
            [
              105.8947288,
              32.8867929
            ],
            [
              105.8948234,
              32.8864284
            ],
            [
              105.8949488,
              32.886093
            ],
            [
              105.8951161,
              32.8857586
            ],
            [
              105.8953263,
              32.8854152
            ],
            [
              105.8956469,
              32.8850076
            ],
            [
              105.8959676,
              32.8846513
            ],
            [
              105.8978078,
              32.8827756
            ],
            [
              105.8997972,
              32.8809382
            ],
            [
              105.9002168,
              32.8805034
            ],
            [
              105.9004674,
              32.8802375
            ],
            [
              105.9007865,
              32.8798328
            ],
            [
              105.9010734,
              32.8794057
            ],
            [
              105.9013076,
              32.8789855
            ],
            [
              105.9015095,
              32.8785519
            ],
            [
              105.9019588,
              32.8774766
            ],
            [
              105.9020928,
              32.8771043
            ],
            [
              105.9021487,
              32.8768466
            ],
            [
              105.9021778,
              32.8765484
            ],
            [
              105.902183,
              32.8762419
            ],
            [
              105.9021616,
              32.8748091
            ],
            [
              105.9021911,
              32.8744215
            ],
            [
              105.9022736,
              32.8740909
            ],
            [
              105.9023936,
              32.8737604
            ],
            [
              105.9025979,
              32.8733771
            ],
            [
              105.9028634,
              32.8730468
            ],
            [
              105.9036785,
              32.8720626
            ],
            [
              105.9038808,
              32.8717646
            ],
            [
              105.904051,
              32.8714577
            ],
            [
              105.9042205,
              32.8710902
            ],
            [
              105.9043417,
              32.8707408
            ],
            [
              105.9044177,
              32.8704769
            ],
            [
              105.9044775,
              32.8702084
            ],
            [
              105.9057996,
              32.8641217
            ],
            [
              105.9058551,
              32.8638266
            ],
            [
              105.9058774,
              32.8636723
            ],
            [
              105.9058902,
              32.8634927
            ],
            [
              105.905875,
              32.8633524
            ],
            [
              105.905826,
              32.8631388
            ],
            [
              105.9057223,
              32.8628371
            ],
            [
              105.9056056,
              32.8624566
            ]
          ],
          [
            [
              105.5619168,
              32.3317495
            ],
            [
              105.5622733,
              32.3321085
            ],
            [
              105.5625733,
              32.3323529
            ],
            [
              105.5630511,
              32.3326841
            ],
            [
              105.5636975,
              32.3331338
            ],
            [
              105.565648,
              32.3343931
            ],
            [
              105.5666023,
              32.3349369
            ],
            [
              105.5684102,
              32.3358434
            ],
            [
              105.5691418,
              32.3361699
            ],
            [
              105.5693972,
              32.3363374
            ],
            [
              105.5696154,
              32.33649
            ],
            [
              105.570673,
              32.3375923
            ],
            [
              105.5712855,
              32.3381685
            ],
            [
              105.5728948,
              32.3394965
            ],
            [
              105.5753008,
              32.3413935
            ],
            [
              105.5759917,
              32.3420563
            ],
            [
              105.5783397,
              32.3447177
            ],
            [
              105.5794018,
              32.3458552
            ],
            [
              105.5798987,
              32.3463262
            ],
            [
              105.5807215,
              32.3469384
            ],
            [
              105.5832428,
              32.3486379
            ],
            [
              105.5840101,
              32.3491644
            ],
            [
              105.5850282,
              32.3498971
            ],
            [
              105.5855251,
              32.3506166
            ],
            [
              105.5860698,
              32.3514431
            ],
            [
              105.5865754,
              32.3520253
            ],
            [
              105.5874877,
              32.3526997
            ],
            [
              105.5878665,
              32.3529767
            ],
            [
              105.5903748,
              32.3547872
            ],
            [
              105.5927378,
              32.3562919
            ],
            [
              105.5934054,
              32.356672
            ],
            [
              105.5935934,
              32.3567811
            ],
            [
              105.5954652,
              32.3578033
            ],
            [
              105.5972453,
              32.3587941
            ],
            [
              105.5978715,
              32.3591966
            ],
            [
              105.5985909,
              32.3598572
            ],
            [
              105.5997523,
              32.3609808
            ],
            [
              105.6020236,
              32.3631977
            ],
            [
              105.602721,
              32.3638955
            ],
            [
              105.6032409,
              32.3642878
            ],
            [
              105.604246,
              32.3648359
            ],
            [
              105.6068408,
              32.366229
            ],
            [
              105.6087383,
              32.3672318
            ],
            [
              105.6097328,
              32.3677715
            ],
            [
              105.6104135,
              32.3682951
            ],
            [
              105.611052,
              32.3688979
            ],
            [
              105.6141463,
              32.3724837
            ],
            [
              105.6144556,
              32.37284
            ],
            [
              105.6153893,
              32.373984
            ],
            [
              105.6159751,
              32.3746142
            ],
            [
              105.6166528,
              32.3752399
            ],
            [
              105.6230023,
              32.379915
            ],
            [
              105.6232338,
              32.3800864
            ],
            [
              105.6257211,
              32.3819286
            ],
            [
              105.6276282,
              32.3833212
            ],
            [
              105.6280755,
              32.3835651
            ],
            [
              105.6284926,
              32.3837646
            ],
            [
              105.6295027,
              32.3841347
            ]
          ],
          [
            [
              105.3682905,
              32.2585578
            ],
            [
              105.3675529,
              32.2584636
            ],
            [
              105.3668747,
              32.2583031
            ],
            [
              105.3662911,
              32.2580436
            ],
            [
              105.3651584,
              32.257338
            ],
            [
              105.3650818,
              32.2572853
            ],
            [
              105.3618585,
              32.2552732
            ],
            [
              105.3608242,
              32.2546564
            ],
            [
              105.3588535,
              32.2534272
            ],
            [
              105.3585841,
              32.2532658
            ],
            [
              105.3559651,
              32.2516356
            ],
            [
              105.3553758,
              32.2512379
            ],
            [
              105.3546624,
              32.2506773
            ],
            [
              105.3541435,
              32.2501211
            ],
            [
              105.3531593,
              32.2490263
            ],
            [
              105.3519643,
              32.2477083
            ],
            [
              105.3498288,
              32.2453389
            ],
            [
              105.348491,
              32.2438544
            ],
            [
              105.3482335,
              32.2435686
            ],
            [
              105.3473212,
              32.2425813
            ],
            [
              105.3455125,
              32.2405985
            ],
            [
              105.3444394,
              32.239563
            ],
            [
              105.3439302,
              32.2391499
            ],
            [
              105.3434256,
              32.2388345
            ],
            [
              105.3426925,
              32.23856
            ],
            [
              105.3396266,
              32.2376094
            ],
            [
              105.3374499,
              32.2369765
            ],
            [
              105.3364041,
              32.2366324
            ],
            [
              105.3359622,
              32.2364834
            ],
            [
              105.3356089,
              32.2362835
            ],
            [
              105.335228,
              32.2360577
            ],
            [
              105.3348473,
              32.235791
            ],
            [
              105.3345502,
              32.2355225
            ],
            [
              105.3342914,
              32.2351893
            ],
            [
              105.3339749,
              32.2347005
            ],
            [
              105.3322812,
              32.2314008
            ],
            [
              105.3320329,
              32.2309013
            ],
            [
              105.3318931,
              32.2304975
            ],
            [
              105.3318111,
              32.2300489
            ],
            [
              105.331787,
              32.2297166
            ],
            [
              105.3317774,
              32.2292558
            ],
            [
              105.331775,
              32.2288214
            ],
            [
              105.3318569,
              32.2283525
            ],
            [
              105.3319316,
              32.2279589
            ],
            [
              105.3321245,
              32.2274655
            ],
            [
              105.3323318,
              32.2270311
            ],
            [
              105.3325511,
              32.2265948
            ],
            [
              105.332648,
              32.2264225
            ],
            [
              105.3329032,
              32.2259691
            ],
            [
              105.3335616,
              32.2247324
            ],
            [
              105.3346112,
              32.2227586
            ],
            [
              105.3349125,
              32.2221632
            ],
            [
              105.3351256,
              32.2216672
            ]
          ]
        ]
      }
    },
    {
      "type": "Feature",
      "properties": {
        "name": "宝鸡",
        "order": 1,
        "type": "station"
      },
      "geometry": {
        "type": "Point",
        "coordinates": [
          107.1826,
          34.3614
        ]
      }
    },
    {
      "type": "Feature",
      "properties": {
        "name": "秦岭",
        "order": 2,
        "type": "station"
      },
      "geometry": {
        "type": "Point",
        "coordinates": [
          106.9011936,
          34.2350994
        ]
      }
    },
    {
      "type": "Feature",
      "properties": {
        "name": "红花铺",
        "order": 3,
        "type": "station"
      },
      "geometry": {
        "type": "Point",
        "coordinates": [
          106.7501484,
          34.1305888
        ]
      }
    },
    {
      "type": "Feature",
      "properties": {
        "name": "凤州",
        "order": 4,
        "type": "station"
      },
      "geometry": {
        "type": "Point",
        "coordinates": [
          106.650962,
          33.97154
        ]
      }
    },
    {
      "type": "Feature",
      "properties": {
        "name": "凤县",
        "order": 5,
        "type": "station"
      },
      "geometry": {
        "type": "Point",
        "coordinates": [
          106.5030134,
          33.9068608
        ]
      }
    },
    {
      "type": "Feature",
      "properties": {
        "name": "宏庆",
        "order": 6,
        "type": "station"
      },
      "geometry": {
        "type": "Point",
        "coordinates": [
          106.4232236,
          33.8444259
        ]
      }
    },
    {
      "type": "Feature",
      "properties": {
        "name": "李家河",
        "order": 7,
        "type": "station"
      },
      "geometry": {
        "type": "Point",
        "coordinates": [
          106.3939422,
          33.8151019
        ]
      }
    },
    {
      "type": "Feature",
      "properties": {
        "name": "王家沱",
        "order": 8,
        "type": "station"
      },
      "geometry": {
        "type": "Point",
        "coordinates": [
          106.3066778,
          33.7766713
        ]
      }
    },
    {
      "type": "Feature",
      "properties": {
        "name": "徽县",
        "order": 9,
        "type": "station"
      },
      "geometry": {
        "type": "Point",
        "coordinates": [
          106.1972147,
          33.7019302
        ]
      }
    },
    {
      "type": "Feature",
      "properties": {
        "name": "白水江",
        "order": 10,
        "type": "station"
      },
      "geometry": {
        "type": "Point",
        "coordinates": [
          106.0783516,
          33.5754243
        ]
      }
    },
    {
      "type": "Feature",
      "properties": {
        "name": "红卫坝",
        "order": 11,
        "type": "station"
      },
      "geometry": {
        "type": "Point",
        "coordinates": [
          106.0326327,
          33.5240846
        ]
      }
    },
    {
      "type": "Feature",
      "properties": {
        "name": "马蹄湾",
        "order": 12,
        "type": "station"
      },
      "geometry": {
        "type": "Point",
        "coordinates": [
          106.0385002,
          33.4712294
        ]
      }
    },
    {
      "type": "Feature",
      "properties": {
        "name": "徐家坪",
        "order": 13,
        "type": "station"
      },
      "geometry": {
        "type": "Point",
        "coordinates": [
          106.0491083,
          33.4040663
        ]
      }
    },
    {
      "type": "Feature",
      "properties": {
        "name": "横现河",
        "order": 14,
        "type": "station"
      },
      "geometry": {
        "type": "Point",
        "coordinates": [
          106.078244,
          33.3462423
        ]
      }
    },
    {
      "type": "Feature",
      "properties": {
        "name": "略阳",
        "order": 15,
        "type": "station"
      },
      "geometry": {
        "type": "Point",
        "coordinates": [
          106.1419121,
          33.3328393
        ]
      }
    },
    {
      "type": "Feature",
      "properties": {
        "name": "乐素河",
        "order": 16,
        "type": "station"
      },
      "geometry": {
        "type": "Point",
        "coordinates": [
          106.0466534,
          33.1933751
        ]
      }
    },
    {
      "type": "Feature",
      "properties": {
        "name": "高潭子",
        "order": 17,
        "type": "station"
      },
      "geometry": {
        "type": "Point",
        "coordinates": [
          106.04206,
          33.12455
        ]
      }
    },
    {
      "type": "Feature",
      "properties": {
        "name": "巨亭",
        "order": 18,
        "type": "station"
      },
      "geometry": {
        "type": "Point",
        "coordinates": [
          106.0839272,
          33.0565206
        ]
      }
    },
    {
      "type": "Feature",
      "properties": {
        "name": "阳平关",
        "order": 19,
        "type": "station"
      },
      "geometry": {
        "type": "Point",
        "coordinates": [
          106.0336066,
          32.9684936
        ]
      }
    },
    {
      "type": "Feature",
      "properties": {
        "name": "燕子砭",
        "order": 20,
        "type": "station"
      },
      "geometry": {
        "type": "Point",
        "coordinates": [
          105.94013,
          32.9186
        ]
      }
    },
    {
      "type": "Feature",
      "properties": {
        "name": "大滩",
        "order": 21,
        "type": "station"
      },
      "geometry": {
        "type": "Point",
        "coordinates": [
          105.91949,
          32.78719
        ]
      }
    },
    {
      "type": "Feature",
      "properties": {
        "name": "朝天南",
        "order": 22,
        "type": "station"
      },
      "geometry": {
        "type": "Point",
        "coordinates": [
          105.8750232,
          32.6403574
        ]
      }
    },
    {
      "type": "Feature",
      "properties": {
        "name": "冉家河",
        "order": 23,
        "type": "station"
      },
      "geometry": {
        "type": "Point",
        "coordinates": [
          105.839446,
          32.525955
        ]
      }
    },
    {
      "type": "Feature",
      "properties": {
        "name": "广元",
        "order": 24,
        "type": "station"
      },
      "geometry": {
        "type": "Point",
        "coordinates": [
          105.8179671,
          32.4526584
        ]
      }
    },
    {
      "type": "Feature",
      "properties": {
        "name": "昭化",
        "order": 25,
        "type": "station"
      },
      "geometry": {
        "type": "Point",
        "coordinates": [
          105.638098,
          32.386752
        ]
      }
    },
    {
      "type": "Feature",
      "properties": {
        "name": "沙溪坝",
        "order": 26,
        "type": "station"
      },
      "geometry": {
        "type": "Point",
        "coordinates": [
          105.5068028,
          32.2873928
        ]
      }
    },
    {
      "type": "Feature",
      "properties": {
        "name": "马角坝",
        "order": 27,
        "type": "station"
      },
      "geometry": {
        "type": "Point",
        "coordinates": [
          105.0796546,
          32.0876449
        ]
      }
    },
    {
      "type": "Feature",
      "properties": {
        "name": "江油",
        "order": 28,
        "type": "station"
      },
      "geometry": {
        "type": "Point",
        "coordinates": [
          104.767541,
          31.783437
        ]
      }
    },
    {
      "type": "Feature",
      "properties": {
        "name": "绵阳",
        "order": 29,
        "type": "station"
      },
      "geometry": {
        "type": "Point",
        "coordinates": [
          104.714631,
          31.4621298
        ]
      }
    },
    {
      "type": "Feature",
      "properties": {
        "name": "德阳",
        "order": 30,
        "type": "station"
      },
      "geometry": {
        "type": "Point",
        "coordinates": [
          104.3864117,
          31.1683508
        ]
      }
    },
    {
      "type": "Feature",
      "properties": {
        "name": "广汉",
        "order": 31,
        "type": "station"
      },
      "geometry": {
        "type": "Point",
        "coordinates": [
          104.2603839,
          30.9792851
        ]
      }
    },
    {
      "type": "Feature",
      "properties": {
        "name": "成都",
        "order": 32,
        "type": "station"
      },
      "geometry": {
        "type": "Point",
        "coordinates": [
          104.0738,
          30.7061
        ]
      }
    }
  ]
}